timestamp,temperature,wind_speed,solar_irradiance,station_activity,energy_demand,solar_generation,wind_generation,battery_level,diesel_generation,fuel_consumption
2026-01-01 00:00,-12.1,26.4,100.0,26.2,98.65,18.75,18.52,58.3,0.0,0.0
2026-01-01 01:00,-11.1,26.8,58.09,31.1,95.74,10.89,19.91,40.7,0.0,0.0
2026-01-01 02:00,-15.2,32.9,100.0,27.8,106.24,18.75,50.42,30.6,0.0,0.0
2026-01-01 03:00,-12.8,37.8,100.0,29.0,93.15,18.75,90.2,34.2,0.0,0.0
2026-01-01 04:00,-12.9,33.1,100.0,28.4,102.02,18.75,51.75,25.7,0.0,0.0
2026-01-01 05:00,-13.6,26.6,100.0,38.7,115.33,18.75,19.2,20.0,54.7,17.95
2026-01-01 06:00,-12.2,26.2,100.0,43.2,106.21,18.75,17.85,20.0,69.61,21.75
2026-01-01 07:00,-16.2,31.9,268.23,35.9,122.13,50.29,44.1,20.0,27.74,11.07
2026-01-01 08:00,-10.3,26.9,425.0,70.9,125.82,79.69,20.26,20.0,25.87,10.6
2026-01-01 09:00,-15.4,28.9,559.62,89.9,149.37,104.93,28.34,20.0,16.1,8.11
2026-01-01 10:00,-11.1,27.7,662.92,89.1,134.29,124.3,23.28,23.1,0.0,0.0
2026-01-01 11:00,-10.0,37.1,727.85,88.1,140.63,136.47,83.56,41.3,0.0,0.0
2026-01-01 12:00,-13.8,42.7,750.0,83.7,144.7,140.62,146.8,59.7,0.0,0.0
2026-01-01 13:00,-11.2,30.1,727.85,86.9,138.37,136.47,34.09,67.1,0.0,0.0
2026-01-01 14:00,-10.2,28.1,662.92,86.4,140.45,124.3,24.89,69.1,0.0,0.0
2026-01-01 15:00,-9.5,33.2,307.24,77.8,134.01,57.61,52.42,62.6,0.0,0.0
2026-01-01 16:00,-13.0,33.1,425.0,92.2,153.92,79.69,51.75,56.5,0.0,0.0
2026-01-01 17:00,-3.8,29.6,268.23,67.3,103.4,50.29,31.61,50.7,0.0,0.0
2026-01-01 18:00,-6.3,44.1,100.0,89.1,130.62,18.75,166.47,63.2,0.0,0.0
2026-01-01 19:00,-7.3,41.0,100.0,91.9,135.16,18.75,125.07,65.2,0.0,0.0
2026-01-01 20:00,-8.3,32.4,100.0,41.4,95.14,18.75,47.19,57.3,0.0,0.0
2026-01-01 21:00,-15.6,30.1,10.56,27.4,110.85,1.98,34.09,37.0,0.0,0.0
2026-01-01 22:00,-8.3,34.1,100.0,39.1,96.5,18.75,58.77,31.8,0.0,0.0
2026-01-01 23:00,-8.3,31.3,100.0,30.7,81.89,18.75,40.57,25.7,0.0,0.0
2026-01-02 00:00,-8.6,29.0,100.0,30.6,99.32,18.75,28.8,20.0,29.09,11.42
2026-01-02 01:00,-9.5,62.7,29.16,29.8,87.08,5.47,180.0,38.4,0.0,0.0
2026-01-02 02:00,-12.3,39.3,100.0,32.4,105.75,18.75,105.6,42.7,0.0,0.0
2026-01-02 03:00,-8.9,29.8,100.0,41.7,107.52,18.75,32.59,27.4,0.0,0.0
2026-01-02 04:00,-6.1,29.3,100.0,35.2,88.41,18.75,30.18,20.0,9.83,6.51
2026-01-02 05:00,-15.0,38.7,100.0,32.7,113.42,18.75,99.25,21.1,0.0,0.0
2026-01-02 06:00,-14.5,50.1,21.0,42.5,115.99,3.94,180.0,36.7,0.0,0.0
2026-01-02 07:00,-9.3,36.1,268.23,35.6,97.57,50.29,74.64,43.0,0.0,0.0
2026-01-02 08:00,-11.7,33.0,425.0,75.5,136.19,79.69,51.08,41.5,0.0,0.0
2026-01-02 09:00,-11.7,38.1,457.59,67.5,128.45,85.8,93.15,53.1,0.0,0.0
2026-01-02 10:00,-11.5,30.1,662.92,68.0,130.19,124.3,34.09,59.6,0.0,0.0
2026-01-02 11:00,-6.2,38.6,727.85,71.7,114.51,136.47,98.21,78.0,0.0,0.0
2026-01-02 12:00,-7.8,38.7,217.35,90.5,128.55,40.75,99.25,80.6,0.0,0.0
2026-01-02 13:00,-13.2,34.1,727.85,73.0,136.57,136.47,58.77,94.1,0.0,0.0
2026-01-02 14:00,-10.2,48.4,662.92,83.9,135.93,124.3,180.0,95.0,0.0,0.0
2026-01-02 15:00,-10.1,32.4,280.99,86.7,147.23,52.69,47.19,82.1,0.0,0.0
2026-01-02 16:00,-8.6,32.4,425.0,93.2,135.87,79.69,47.19,79.7,0.0,0.0
2026-01-02 17:00,-8.6,58.2,223.14,93.9,139.91,41.84,180.0,95.0,0.0,0.0
2026-01-02 18:00,-4.7,34.2,33.56,70.1,106.21,6.29,59.5,84.0,0.0,0.0
2026-01-02 19:00,-7.1,38.0,100.0,67.9,114.19,18.75,92.16,83.1,0.0,0.0
2026-01-02 20:00,-4.3,42.2,100.0,38.9,84.38,18.75,140.16,95.0,0.0,0.0
2026-01-02 21:00,-4.9,44.8,38.76,42.3,84.31,7.27,176.93,95.0,0.0,0.0
2026-01-02 22:00,-3.5,40.1,50.91,39.0,84.28,9.55,114.49,95.0,0.0,0.0
2026-01-02 23:00,-11.7,32.6,81.2,36.6,97.89,15.23,48.46,85.7,0.0,0.0
2026-01-03 00:00,-1.8,34.6,100.0,36.8,75.13,18.75,62.5,87.1,0.0,0.0
2026-01-03 01:00,-12.0,38.0,100.0,40.4,106.36,18.75,92.16,88.2,0.0,0.0
2026-01-03 02:00,-12.2,32.6,100.0,35.6,105.61,18.75,48.46,77.7,0.0,0.0
2026-01-03 03:00,-6.6,62.1,100.0,35.3,89.91,18.75,180.0,95.0,0.0,0.0
2026-01-03 04:00,-13.2,37.1,100.0,26.6,104.6,18.75,83.56,94.4,0.0,0.0
2026-01-03 05:00,-14.1,34.1,100.0,28.1,111.84,18.75,58.77,85.1,0.0,0.0
2026-01-03 06:00,-6.9,41.3,100.0,30.6,85.65,18.75,128.74,95.0,0.0,0.0
2026-01-03 07:00,-6.0,37.2,185.17,30.0,84.83,34.72,84.48,95.0,0.0,0.0
2026-01-03 08:00,-13.2,33.8,425.0,79.7,148.5,79.69,56.6,91.7,0.0,0.0
2026-01-03 09:00,-13.2,37.2,559.62,83.5,138.87,104.93,84.48,95.0,0.0,0.0
2026-01-03 10:00,-12.6,41.1,662.92,80.1,137.53,124.3,126.28,95.0,0.0,0.0
2026-01-03 11:00,-12.4,40.4,456.33,93.2,148.82,85.56,117.95,95.0,0.0,0.0
2026-01-03 12:00,-6.5,38.4,750.0,81.4,115.9,140.62,96.17,95.0,0.0,0.0
2026-01-03 13:00,-9.8,34.2,297.61,74.6,123.82,55.8,59.5,92.7,0.0,0.0
2026-01-03 14:00,-11.8,34.7,78.63,85.9,144.58,14.74,63.26,74.6,0.0,0.0
2026-01-03 15:00,-8.3,46.9,559.62,73.5,123.01,104.93,180.0,93.0,0.0,0.0
2026-01-03 16:00,-6.5,71.2,425.0,77.4,120.29,79.69,180.0,95.0,0.0,0.0
2026-01-03 17:00,-10.2,55.4,268.23,90.8,144.39,50.29,180.0,95.0,0.0,0.0
2026-01-03 18:00,-5.4,35.1,100.0,92.1,128.61,18.75,66.39,83.2,0.0,0.0
2026-01-03 19:00,-9.2,52.4,100.0,76.7,129.76,18.75,180.0,95.0,0.0,0.0
2026-01-03 20:00,-6.5,58.5,100.0,36.5,86.65,18.75,180.0,95.0,0.0,0.0
2026-01-03 21:00,-13.0,37.7,100.0,38.5,107.69,18.75,89.23,95.0,0.0,0.0
2026-01-03 22:00,-9.9,41.0,73.33,33.8,95.99,13.75,125.07,95.0,0.0,0.0
2026-01-03 23:00,-6.4,35.6,38.07,26.7,84.94,7.14,70.43,93.0,0.0,0.0
2026-01-04 00:00,-7.1,35.6,15.82,26.7,85.24,2.97,70.43,89.8,0.0,0.0
2026-01-04 01:00,-5.9,58.5,39.94,44.7,89.5,7.49,180.0,95.0,0.0,0.0
2026-01-04 02:00,-16.1,54.1,40.1,27.2,117.2,7.52,180.0,95.0,0.0,0.0
2026-01-04 03:00,-10.7,35.7,100.0,27.4,92.64,18.75,71.26,94.3,0.0,0.0
2026-01-04 04:00,-7.4,42.3,100.0,44.2,98.91,18.75,141.47,95.0,0.0,0.0
2026-01-04 05:00,-9.7,37.5,100.0,44.3,101.66,18.75,87.31,95.0,0.0,0.0
2026-01-04 06:00,-12.0,75.2,100.0,26.5,101.21,18.75,180.0,95.0,0.0,0.0
2026-01-04 07:00,-12.3,43.6,268.23,38.9,109.53,50.29,159.25,95.0,0.0,0.0
2026-01-04 08:00,-8.9,54.3,425.0,66.4,124.54,79.69,180.0,95.0,0.0,0.0
2026-01-04 09:00,-5.8,38.5,559.62,70.6,107.28,104.93,97.19,95.0,0.0,0.0
2026-01-04 10:00,-9.1,36.6,662.92,94.2,131.53,124.3,79.02,95.0,0.0,0.0
2026-01-04 11:00,-17.5,49.5,479.31,85.5,160.57,89.87,180.0,95.0,0.0,0.0
2026-01-04 12:00,-15.2,57.8,750.0,91.0,163.22,140.62,180.0,95.0,0.0,0.0
2026-01-04 13:00,-10.9,49.6,727.85,94.6,143.7,136.47,180.0,95.0,0.0,0.0
2026-01-04 14:00,-15.1,64.4,662.92,90.3,160.46,124.3,180.0,95.0,0.0,0.0
2026-01-04 15:00,-14.1,36.9,265.79,90.9,149.9,49.84,81.72,90.0,0.0,0.0
2026-01-04 16:00,-8.7,48.3,382.4,93.3,137.0,71.7,180.0,95.0,0.0,0.0
2026-01-04 17:00,-11.4,61.3,79.9,83.2,137.31,14.98,180.0,95.0,0.0,0.0
2026-01-04 18:00,-4.7,40.3,100.0,68.4,112.47,18.75,116.79,95.0,0.0,0.0
2026-01-04 19:00,-2.9,42.7,100.0,90.6,123.41,18.75,146.8,95.0,0.0,0.0
2026-01-04 20:00,-4.4,41.1,100.0,27.7,76.44,18.75,126.28,95.0,0.0,0.0
2026-01-04 21:00,-5.6,46.8,100.0,29.3,84.37,18.75,180.0,95.0,0.0,0.0
2026-01-04 22:00,-13.0,41.7,100.0,43.1,118.7,18.75,133.74,95.0,0.0,0.0
2026-01-04 23:00,-3.7,41.2,100.0,37.4,83.35,18.75,127.51,95.0,0.0,0.0
2026-01-05 00:00,-13.9,42.2,85.96,44.6,116.71,16.12,140.16,95.0,0.0,0.0
2026-01-05 01:00,-6.0,39.6,100.0,26.5,72.31,18.75,108.88,95.0,0.0,0.0
2026-01-05 02:00,-8.9,39.1,100.0,31.9,87.65,18.75,103.45,95.0,0.0,0.0
2026-01-05 03:00,-13.6,39.2,47.92,25.8,103.89,8.98,104.52,95.0,0.0,0.0
2026-01-05 04:00,-13.7,38.4,100.0,27.4,101.15,18.75,96.17,95.0,0.0,0.0
2026-01-05 05:00,-13.4,43.3,100.0,38.8,106.19,18.75,155.02,95.0,0.0,0.0
2026-01-05 06:00,-10.6,38.5,100.0,42.5,109.61,18.75,97.19,95.0,0.0,0.0
2026-01-05 07:00,-9.9,48.9,39.93,28.7,89.72,7.49,180.0,95.0,0.0,0.0
2026-01-05 08:00,-13.3,45.6,425.0,76.1,129.43,79.69,180.0,95.0,0.0,0.0
2026-01-05 09:00,-9.9,56.1,559.62,80.4,127.03,104.93,180.0,95.0,0.0,0.0
2026-01-05 10:00,-12.5,44.2,662.92,72.3,129.4,124.3,167.94,95.0,0.0,0.0
2026-01-05 11:00,-12.3,41.3,727.85,71.3,131.64,136.47,128.74,95.0,0.0,0.0
2026-01-05 12:00,-6.2,50.7,750.0,80.0,122.37,140.62,180.0,95.0,0.0,0.0
2026-01-05 13:00,-3.5,49.2,727.85,77.9,117.48,136.47,180.0,95.0,0.0,0.0
2026-01-05 14:00,-12.6,46.7,662.92,82.1,135.36,124.3,180.0,95.0,0.0,0.0
2026-01-05 15:00,-9.3,40.6,559.62,68.1,120.34,104.93,120.29,95.0,0.0,0.0
2026-01-05 16:00,-10.7,40.2,425.0,73.6,126.49,79.69,115.63,95.0,0.0,0.0
2026-01-05 17:00,-15.7,70.9,268.23,68.4,143.28,50.29,180.0,95.0,0.0,0.0
2026-01-05 18:00,-9.6,40.1,100.0,85.1,136.57,18.75,114.49,94.1,0.0,0.0
2026-01-05 19:00,-12.6,50.4,54.54,70.6,134.44,10.23,180.0,95.0,0.0,0.0
2026-01-05 20:00,-6.7,41.0,100.0,27.3,69.95,18.75,125.07,95.0,0.0,0.0
2026-01-05 21:00,-5.7,40.2,100.0,34.6,76.54,18.75,115.63,95.0,0.0,0.0
2026-01-05 22:00,-8.3,40.0,100.0,26.3,83.66,18.75,113.35,95.0,0.0,0.0
2026-01-05 23:00,-10.0,48.1,35.79,40.2,104.19,6.71,180.0,95.0,0.0,0.0
2026-01-06 00:00,-16.2,42.4,100.0,43.6,120.35,18.75,142.79,95.0,0.0,0.0
2026-01-06 01:00,-8.2,61.3,87.2,28.6,84.27,16.35,180.0,95.0,0.0,0.0
2026-01-06 02:00,-8.5,53.8,100.0,27.8,93.37,18.75,180.0,95.0,0.0,0.0
2026-01-06 03:00,-11.6,52.6,26.13,38.3,103.57,4.9,180.0,95.0,0.0,0.0
2026-01-06 04:00,-8.6,43.2,100.0,41.3,96.19,18.75,153.63,95.0,0.0,0.0
2026-01-06 05:00,-13.8,42.1,100.0,40.0,104.24,18.75,138.86,95.0,0.0,0.0
2026-01-06 06:00,-11.2,43.2,100.0,35.9,100.89,18.75,153.63,95.0,0.0,0.0
2026-01-06 07:00,-16.9,40.5,160.78,40.9,128.33,30.15,119.12,95.0,0.0,0.0
2026-01-06 08:00,-9.6,51.8,425.0,69.6,122.25,79.69,180.0,95.0,0.0,0.0
2026-01-06 09:00,-9.9,39.7,559.62,82.1,128.83,104.93,109.99,95.0,0.0,0.0
2026-01-06 10:00,-9.1,40.4,531.27,90.4,133.88,99.61,117.95,95.0,0.0,0.0
2026-01-06 11:00,-7.9,40.8,727.85,71.9,116.43,136.47,122.66,95.0,0.0,0.0
2026-01-06 12:00,-7.1,45.8,507.02,72.6,120.2,95.07,180.0,95.0,0.0,0.0
2026-01-06 13:00,-16.0,44.5,727.85,93.4,166.23,136.47,172.4,95.0,0.0,0.0
2026-01-06 14:00,-9.5,47.2,662.92,65.5,129.1,124.3,180.0,95.0,0.0,0.0
2026-01-06 15:00,-4.0,60.1,473.27,86.2,122.01,88.74,180.0,95.0,0.0,0.0
2026-01-06 16:00,-3.1,44.1,425.0,87.1,125.71,79.69,166.47,95.0,0.0,0.0
2026-01-06 17:00,-11.2,73.2,225.44,90.2,141.99,42.27,180.0,95.0,0.0,0.0
2026-01-06 18:00,-0.2,43.8,100.0,66.6,107.05,18.75,162.11,95.0,0.0,0.0
2026-01-06 19:00,-10.6,45.9,100.0,92.6,135.75,18.75,180.0,95.0,0.0,0.0
2026-01-06 20:00,-3.7,44.6,100.0,29.5,73.85,18.75,173.9,95.0,0.0,0.0
2026-01-06 21:00,-8.3,45.3,100.0,33.4,89.52,18.75,180.0,95.0,0.0,0.0
2026-01-06 22:00,-2.3,39.9,38.99,38.3,88.23,7.31,112.22,95.0,0.0,0.0
2026-01-06 23:00,-10.6,86.0,100.0,35.0,98.51,18.75,0.0,73.3,0.0,0.0
2026-01-07 00:00,-8.7,41.8,100.0,43.0,98.99,18.75,135.0,85.9,0.0,0.0
2026-01-07 01:00,-1.6,40.4,100.0,40.5,80.95,18.75,117.95,95.0,0.0,0.0
2026-01-07 02:00,-18.0,44.0,100.0,36.2,128.12,18.75,165.01,95.0,0.0,0.0
2026-01-07 03:00,-9.8,63.3,100.0,32.5,93.72,18.75,180.0,95.0,0.0,0.0
2026-01-07 04:00,-14.6,40.1,100.0,28.1,113.8,18.75,114.49,95.0,0.0,0.0
2026-01-07 05:00,-9.6,40.1,62.71,27.1,85.53,11.76,114.49,95.0,0.0,0.0
2026-01-07 06:00,-15.8,40.8,24.28,29.9,114.84,4.55,122.66,95.0,0.0,0.0
2026-01-07 07:00,-13.5,48.8,210.44,29.1,108.66,39.46,180.0,95.0,0.0,0.0
2026-01-07 08:00,-17.5,57.8,425.0,89.5,169.18,79.69,180.0,95.0,0.0,0.0
2026-01-07 09:00,-14.5,47.1,559.62,73.0,134.52,104.93,180.0,95.0,0.0,0.0
2026-01-07 10:00,-8.4,44.6,662.92,73.8,112.55,124.3,173.9,95.0,0.0,0.0
2026-01-07 11:00,-8.9,52.9,517.42,77.8,125.71,97.02,180.0,95.0,0.0,0.0
2026-01-07 12:00,-10.3,48.0,750.0,72.7,119.64,140.62,180.0,95.0,0.0,0.0
2026-01-07 13:00,-14.5,42.5,727.85,65.6,135.0,136.47,144.12,95.0,0.0,0.0
2026-01-07 14:00,-14.9,46.5,128.74,84.5,152.26,24.14,180.0,95.0,0.0,0.0
2026-01-07 15:00,-4.5,48.7,148.38,70.3,114.01,27.82,180.0,95.0,0.0,0.0
2026-01-07 16:00,-7.6,40.4,184.88,70.0,106.34,34.66,117.95,95.0,0.0,0.0
2026-01-07 17:00,-12.5,43.9,44.59,73.7,136.6,8.36,163.56,95.0,0.0,0.0
2026-01-07 18:00,-10.8,46.7,100.0,79.3,137.25,18.75,180.0,95.0,0.0,0.0
2026-01-07 19:00,-7.3,41.9,100.0,65.9,112.5,18.75,136.28,95.0,0.0,0.0
2026-01-07 20:00,-9.2,45.5,100.0,36.9,96.6,18.75,180.0,95.0,0.0,0.0
2026-01-07 21:00,-8.6,40.6,100.0,39.6,97.19,18.75,120.29,95.0,0.0,0.0
2026-01-07 22:00,-9.7,42.2,100.0,41.4,108.34,18.75,140.16,95.0,0.0,0.0
2026-01-07 23:00,-6.4,43.5,65.58,26.8,73.3,12.3,157.83,95.0,0.0,0.0
2026-01-08 00:00,-9.0,41.5,20.95,35.8,97.13,3.93,131.22,95.0,0.0,0.0
2026-01-08 01:00,-7.7,49.3,68.58,42.0,99.46,12.86,180.0,95.0,0.0,0.0
2026-01-08 02:00,-14.6,75.0,100.0,43.9,118.41,18.75,180.0,95.0,0.0,0.0
2026-01-08 03:00,-9.4,41.4,100.0,36.4,97.21,18.75,129.97,95.0,0.0,0.0
2026-01-08 04:00,-14.5,60.5,12.72,44.4,122.91,2.39,180.0,95.0,0.0,0.0
2026-01-08 05:00,-11.7,42.9,47.94,41.6,107.76,8.99,149.51,95.0,0.0,0.0
2026-01-08 06:00,-16.4,40.8,100.0,26.5,113.36,18.75,122.66,95.0,0.0,0.0
2026-01-08 07:00,-8.6,40.3,268.23,31.3,86.42,50.29,116.79,95.0,0.0,0.0
2026-01-08 08:00,-14.5,47.6,425.0,91.6,158.27,79.69,180.0,95.0,0.0,0.0
2026-01-08 09:00,-12.2,62.1,559.62,89.0,149.05,104.93,180.0,95.0,0.0,0.0
2026-01-08 10:00,-13.7,44.9,252.29,83.8,151.33,47.3,178.46,95.0,0.0,0.0
2026-01-08 11:00,-13.1,44.0,645.8,87.1,152.06,121.09,165.01,95.0,0.0,0.0
2026-01-08 12:00,-12.2,42.3,750.0,73.9,130.25,140.62,141.47,95.0,0.0,0.0
2026-01-08 13:00,-10.8,43.5,727.85,85.4,138.55,136.47,157.83,95.0,0.0,0.0
2026-01-08 14:00,-10.5,56.4,662.92,93.3,139.27,124.3,180.0,95.0,0.0,0.0
2026-01-08 15:00,-12.7,77.3,559.62,72.0,135.17,104.93,180.0,95.0,0.0,0.0
2026-01-08 16:00,-7.9,41.6,263.38,70.3,126.83,49.38,132.47,95.0,0.0,0.0
2026-01-08 17:00,-6.6,42.9,268.23,66.7,107.65,50.29,149.51,95.0,0.0,0.0
2026-01-08 18:00,-9.0,50.7,80.7,85.9,127.53,15.13,180.0,95.0,0.0,0.0
2026-01-08 19:00,-9.2,41.4,100.0,81.1,131.8,18.75,129.97,95.0,0.0,0.0
2026-01-08 20:00,-10.0,56.1,100.0,30.3,94.38,18.75,180.0,95.0,0.0,0.0
2026-01-08 21:00,-6.7,47.8,100.0,36.0,88.78,18.75,180.0,95.0,0.0,0.0
2026-01-08 22:00,-13.1,41.6,100.0,39.5,105.52,18.75,132.47,95.0,0.0,0.0
2026-01-08 23:00,-9.8,54.4,100.0,34.9,97.43,18.75,180.0,95.0,0.0,0.0
2026-01-09 00:00,-5.1,42.5,100.0,38.6,85.64,18.75,144.12,95.0,0.0,0.0
2026-01-09 01:00,-7.6,51.8,100.0,38.2,90.53,18.75,180.0,95.0,0.0,0.0
2026-01-09 02:00,-7.5,48.6,79.38,38.6,93.98,14.88,180.0,95.0,0.0,0.0
2026-01-09 03:00,-12.6,56.0,100.0,42.4,113.04,18.75,180.0,95.0,0.0,0.0
2026-01-09 04:00,-11.8,42.1,100.0,39.9,107.27,18.75,138.86,95.0,0.0,0.0
2026-01-09 05:00,-10.5,44.5,100.0,25.1,93.03,18.75,172.4,95.0,0.0,0.0
2026-01-09 06:00,-11.6,46.8,100.0,30.2,98.96,18.75,180.0,95.0,0.0,0.0
2026-01-09 07:00,-7.9,39.6,268.23,40.2,95.28,50.29,108.88,95.0,0.0,0.0
2026-01-09 08:00,-12.8,46.7,425.0,93.0,150.83,79.69,180.0,95.0,0.0,0.0
2026-01-09 09:00,-11.9,39.1,559.62,74.0,134.21,104.93,103.45,95.0,0.0,0.0
2026-01-09 10:00,-17.6,46.3,102.01,66.4,148.98,19.13,180.0,95.0,0.0,0.0
2026-01-09 11:00,-10.7,38.6,639.63,65.7,120.41,119.93,98.21,95.0,0.0,0.0
2026-01-09 12:00,-6.6,47.6,750.0,78.4,118.66,140.62,180.0,95.0,0.0,0.0
2026-01-09 13:00,-14.3,51.0,727.85,85.8,148.4,136.47,180.0,95.0,0.0,0.0
2026-01-09 14:00,-9.3,46.7,662.92,73.2,121.4,124.3,180.0,95.0,0.0,0.0
2026-01-09 15:00,-7.4,42.5,123.59,84.2,125.43,23.17,144.12,95.0,0.0,0.0
2026-01-09 16:00,-6.1,40.2,425.0,71.4,111.24,79.69,115.63,95.0,0.0,0.0
2026-01-09 17:00,-12.0,54.0,268.23,79.2,142.58,50.29,180.0,95.0,0.0,0.0
2026-01-09 18:00,-6.8,49.7,24.84,90.3,130.31,4.66,180.0,95.0,0.0,0.0
2026-01-09 19:00,-7.0,50.6,60.1,79.4,123.79,11.27,180.0,95.0,0.0,0.0
2026-01-09 20:00,-6.4,42.3,100.0,29.0,78.2,18.75,141.47,95.0,0.0,0.0
2026-01-09 21:00,-7.2,40.2,100.0,41.0,90.07,18.75,115.63,95.0,0.0,0.0
2026-01-09 22:00,-8.7,38.2,100.0,32.8,91.34,18.75,94.15,95.0,0.0,0.0
2026-01-09 23:00,-13.0,47.1,100.0,42.2,115.29,18.75,180.0,95.0,0.0,0.0
2026-01-10 00:00,-11.7,39.7,13.17,44.7,109.77,2.47,109.99,95.0,0.0,0.0
2026-01-10 01:00,-2.1,47.1,100.0,36.2,82.06,18.75,180.0,95.0,0.0,0.0
2026-01-10 02:00,-9.4,38.0,100.0,32.0,84.91,18.75,92.16,95.0,0.0,0.0
2026-01-10 03:00,-11.2,38.4,100.0,36.4,99.21,18.75,96.17,95.0,0.0,0.0
2026-01-10 04:00,-13.0,38.6,100.0,27.1,103.22,18.75,98.21,95.0,0.0,0.0
2026-01-10 05:00,-6.3,53.4,100.0,39.3,90.07,18.75,180.0,95.0,0.0,0.0
2026-01-10 06:00,-11.8,50.5,37.16,34.0,106.06,6.97,180.0,95.0,0.0,0.0
2026-01-10 07:00,-7.2,37.5,268.23,26.2,82.48,50.29,87.31,95.0,0.0,0.0
2026-01-10 08:00,-15.6,49.2,425.0,84.8,150.4,79.69,180.0,95.0,0.0,0.0
2026-01-10 09:00,-7.2,38.7,559.62,94.9,134.96,104.93,99.25,95.0,0.0,0.0
2026-01-10 10:00,-10.3,37.2,411.18,65.9,117.29,77.1,84.48,95.0,0.0,0.0
2026-01-10 11:00,-8.5,46.9,727.85,87.3,131.23,136.47,180.0,95.0,0.0,0.0
2026-01-10 12:00,-14.9,71.5,750.0,66.2,130.47,140.62,180.0,95.0,0.0,0.0
2026-01-10 13:00,-5.6,41.6,409.74,91.2,123.48,76.83,132.47,95.0,0.0,0.0
2026-01-10 14:00,-8.0,55.7,289.94,71.3,111.77,54.36,180.0,95.0,0.0,0.0
2026-01-10 15:00,-5.2,37.2,559.62,86.5,123.62,104.93,84.48,95.0,0.0,0.0
2026-01-10 16:00,-7.8,41.4,103.59,72.4,117.09,19.42,129.97,95.0,0.0,0.0
2026-01-10 17:00,-14.9,43.1,122.38,69.9,140.05,22.95,152.25,95.0,0.0,0.0
2026-01-10 18:00,-11.7,47.7,100.0,68.9,132.76,18.75,180.0,95.0,0.0,0.0
2026-01-10 19:00,-7.4,39.0,46.3,89.9,124.97,8.68,102.39,91.2,0.0,0.0
2026-01-10 20:00,-5.6,45.4,100.0,28.3,72.58,18.75,180.0,95.0,0.0,0.0
2026-01-10 21:00,-8.6,50.3,100.0,41.1,105.65,18.75,180.0,95.0,0.0,0.0
2026-01-10 22:00,-8.7,36.3,100.0,30.4,91.16,18.75,76.37,95.0,0.0,0.0
2026-01-10 23:00,-6.0,35.6,100.0,27.4,78.96,18.75,70.43,95.0,0.0,0.0
2026-01-11 00:00,-9.3,40.8,100.0,25.8,89.9,18.75,122.66,95.0,0.0,0.0
2026-01-11 01:00,-6.6,39.9,100.0,35.3,87.98,18.75,112.22,95.0,0.0,0.0
2026-01-11 02:00,-12.6,35.2,100.0,31.2,104.33,18.75,67.18,90.0,0.0,0.0
2026-01-11 03:00,-9.8,39.5,26.15,42.4,99.56,4.9,107.78,93.0,0.0,0.0
2026-01-11 04:00,-8.6,57.8,100.0,38.7,97.53,18.75,180.0,95.0,0.0,0.0
2026-01-11 05:00,-8.9,41.3,100.0,25.6,87.91,18.75,128.74,95.0,0.0,0.0
2026-01-11 06:00,-15.4,43.1,65.16,32.9,115.63,12.22,152.25,95.0,0.0,0.0
2026-01-11 07:00,-11.5,93.9,268.23,26.0,92.28,50.29,0.0,83.6,0.0,0.0
2026-01-11 08:00,-11.5,40.9,180.85,87.2,142.89,33.91,123.86,87.0,0.0,0.0
2026-01-11 09:00,-8.8,47.3,236.89,87.9,128.17,44.42,180.0,95.0,0.0,0.0
2026-01-11 10:00,-12.6,40.3,297.3,65.2,128.72,55.74,116.79,95.0,0.0,0.0
2026-01-11 11:00,-15.6,43.4,727.85,76.7,139.87,136.47,156.43,95.0,0.0,0.0
2026-01-11 12:00,-13.2,35.8,750.0,67.2,126.35,140.62,72.1,95.0,0.0,0.0
2026-01-11 13:00,-7.4,38.6,727.85,76.4,126.12,136.47,98.21,95.0,0.0,0.0
2026-01-11 14:00,-11.4,36.8,341.58,76.4,132.7,64.05,80.81,95.0,0.0,0.0
2026-01-11 15:00,-6.3,40.9,559.62,87.9,134.84,104.93,123.86,95.0,0.0,0.0
2026-01-11 16:00,-6.5,35.5,286.66,92.8,130.52,53.75,69.61,93.1,0.0,0.0
2026-01-11 17:00,-8.8,34.0,268.23,79.6,129.07,50.29,58.04,87.4,0.0,0.0
2026-01-11 18:00,-10.8,46.0,100.0,81.2,130.05,18.75,180.0,95.0,0.0,0.0
2026-01-11 19:00,-3.0,35.4,100.0,77.4,116.14,18.75,68.8,87.2,0.0,0.0
2026-01-11 20:00,-5.8,34.3,100.0,35.5,80.31,18.75,60.24,86.9,0.0,0.0
2026-01-11 21:00,-12.4,59.0,18.55,34.7,106.47,3.48,180.0,95.0,0.0,0.0
2026-01-11 22:00,-7.5,56.7,54.02,37.0,89.03,10.13,180.0,95.0,0.0,0.0
2026-01-11 23:00,-10.3,39.9,80.74,33.2,94.21,15.14,112.22,95.0,0.0,0.0
2026-01-12 00:00,-12.5,44.3,82.0,30.5,99.1,15.37,169.41,95.0,0.0,0.0
2026-01-12 01:00,-11.4,39.9,43.9,34.0,102.1,8.23,112.22,95.0,0.0,0.0
2026-01-12 02:00,-8.4,47.8,100.0,29.3,84.92,18.75,180.0,95.0,0.0,0.0
2026-01-12 03:00,-10.5,39.3,100.0,35.9,98.94,18.75,105.6,95.0,0.0,0.0
2026-01-12 04:00,-6.9,37.2,100.0,44.8,87.94,18.75,84.48,95.0,0.0,0.0
2026-01-12 05:00,-14.2,36.0,100.0,39.4,120.55,18.75,73.79,87.4,0.0,0.0
2026-01-12 06:00,-11.3,38.3,100.0,30.5,95.9,18.75,95.15,91.5,0.0,0.0
2026-01-12 07:00,-14.2,33.3,268.23,32.1,104.46,50.29,53.11,91.2,0.0,0.0
2026-01-12 08:00,-14.8,44.0,425.0,72.0,140.49,79.69,165.01,95.0,0.0,0.0
2026-01-12 09:00,-11.4,37.1,559.62,74.7,134.84,104.93,83.56,95.0,0.0,0.0
2026-01-12 10:00,-10.1,41.4,662.92,79.0,138.36,124.3,129.97,95.0,0.0,0.0
2026-01-12 11:00,-10.1,32.3,727.85,85.7,135.9,136.47,46.56,95.0,0.0,0.0
2026-01-12 12:00,-14.0,35.4,750.0,87.7,149.9,140.62,68.8,95.0,0.0,0.0
2026-01-12 13:00,-7.4,51.4,727.85,72.0,119.12,136.47,180.0,95.0,0.0,0.0
2026-01-12 14:00,-9.8,45.1,662.92,80.6,133.93,124.3,180.0,95.0,0.0,0.0
2026-01-12 15:00,-8.8,31.3,559.62,89.8,133.27,104.93,40.57,95.0,0.0,0.0
2026-01-12 16:00,-11.1,30.8,283.47,93.1,139.02,53.15,37.78,81.9,0.0,0.0
2026-01-12 17:00,-10.8,34.6,268.23,83.0,129.41,50.29,62.5,77.4,0.0,0.0
2026-01-12 18:00,-7.9,68.5,100.0,90.5,135.51,18.75,180.0,92.0,0.0,0.0
2026-01-12 19:00,-8.9,46.4,100.0,91.0,140.4,18.75,180.0,95.0,0.0,0.0
2026-01-12 20:00,-9.0,33.6,73.2,28.5,88.23,13.72,55.18,89.7,0.0,0.0
2026-01-12 21:00,-7.5,37.5,100.0,41.4,94.01,18.75,87.31,92.5,0.0,0.0
2026-01-12 22:00,-0.4,40.7,100.0,28.5,75.17,18.75,121.47,95.0,0.0,0.0
2026-01-12 23:00,-11.4,32.7,100.0,26.4,94.06,18.75,49.11,87.9,0.0,0.0
2026-01-13 00:00,-7.2,33.4,100.0,31.2,85.66,18.75,53.79,84.3,0.0,0.0
2026-01-13 01:00,-12.2,36.9,100.0,29.3,99.44,18.75,81.72,84.6,0.0,0.0
2026-01-13 02:00,-12.9,29.1,100.0,40.6,112.4,18.75,29.25,67.1,0.0,0.0
2026-01-13 03:00,-10.2,61.4,100.0,29.8,92.64,18.75,180.0,85.5,0.0,0.0
2026-01-13 04:00,-12.4,29.1,100.0,38.8,104.95,18.75,29.25,70.0,0.0,0.0
2026-01-13 05:00,-11.3,41.6,100.0,37.3,103.15,18.75,132.47,81.0,0.0,0.0
2026-01-13 06:00,-10.7,32.4,100.0,27.6,103.09,18.75,47.19,70.9,0.0,0.0
2026-01-13 07:00,-13.9,32.1,123.34,41.6,110.0,23.13,45.32,59.6,0.0,0.0
2026-01-13 08:00,-12.6,33.0,304.06,65.6,127.82,57.01,51.08,54.3,0.0,0.0
2026-01-13 09:00,-14.1,33.7,559.62,71.5,139.31,104.93,55.89,59.2,0.0,0.0
2026-01-13 10:00,-15.1,33.8,662.92,78.6,146.15,124.3,56.6,67.2,0.0,0.0
2026-01-13 11:00,-15.3,30.4,129.9,87.1,153.12,24.36,35.64,41.9,0.0,0.0
2026-01-13 12:00,-15.4,32.0,750.0,88.6,148.28,140.62,44.7,50.4,0.0,0.0
2026-01-13 13:00,-12.7,36.3,629.06,78.1,142.37,117.95,76.37,62.4,0.0,0.0
2026-01-13 14:00,-10.3,34.9,662.92,84.8,139.25,124.3,64.81,73.9,0.0,0.0
2026-01-13 15:00,-11.3,32.5,341.0,69.5,127.96,63.94,47.82,69.5,0.0,0.0
2026-01-13 16:00,-9.4,27.2,216.66,86.5,134.32,40.62,21.36,49.8,0.0,0.0
2026-01-13 17:00,-12.3,29.8,268.23,88.2,140.62,50.29,32.59,34.1,0.0,0.0
2026-01-13 18:00,-9.2,27.1,100.0,84.8,130.3,18.75,20.99,20.0,34.13,12.7
2026-01-13 19:00,-5.8,29.9,31.2,71.2,116.2,5.85,33.08,20.0,77.27,23.7
2026-01-13 20:00,-3.5,34.2,100.0,35.6,83.92,18.75,59.5,20.0,5.67,5.45
2026-01-13 21:00,-3.2,36.8,100.0,41.2,93.1,18.75,80.81,21.5,0.0,0.0
2026-01-13 22:00,-8.9,46.7,100.0,29.5,86.25,18.75,180.0,39.9,0.0,0.0
2026-01-13 23:00,-13.4,33.1,100.0,43.9,107.01,18.75,51.75,30.0,0.0,0.0
2026-01-14 00:00,-9.4,42.8,100.0,37.9,96.4,18.75,148.15,46.2,0.0,0.0
2026-01-14 01:00,-8.4,40.2,100.0,43.4,99.49,18.75,115.63,54.2,0.0,0.0
2026-01-14 02:00,-10.7,39.8,100.0,39.6,109.37,18.75,111.1,58.9,0.0,0.0
2026-01-14 03:00,-10.1,58.3,62.49,43.7,98.91,11.72,180.0,77.3,0.0,0.0
2026-01-14 04:00,-11.5,35.1,100.0,41.4,106.51,18.75,66.39,71.5,0.0,0.0
2026-01-14 05:00,-8.1,35.1,100.0,35.8,91.86,18.75,66.39,69.7,0.0,0.0
2026-01-14 06:00,-17.9,31.1,100.0,38.8,125.69,18.75,39.44,51.3,0.0,0.0
2026-01-14 07:00,-14.3,29.2,163.36,25.2,105.57,30.63,29.71,39.0,0.0,0.0
2026-01-14 08:00,-13.1,37.0,425.0,71.1,130.84,79.69,82.63,46.3,0.0,0.0
2026-01-14 09:00,-10.3,25.6,559.62,75.7,134.52,104.93,15.94,42.6,0.0,0.0
2026-01-14 10:00,-16.5,25.1,360.22,74.2,143.02,67.54,14.45,26.0,0.0,0.0
2026-01-14 11:00,-14.2,33.9,652.93,91.6,144.76,122.42,57.31,34.0,0.0,0.0
2026-01-14 12:00,-15.5,33.0,750.0,65.1,130.38,140.62,51.08,48.1,0.0,0.0
2026-01-14 13:00,-7.1,24.2,727.85,82.6,121.38,136.47,12.02,54.4,0.0,0.0
2026-01-14 14:00,-11.7,30.2,662.92,81.8,138.53,124.3,34.6,59.1,0.0,0.0
2026-01-14 15:00,-4.5,36.2,559.62,73.1,113.65,104.93,75.5,74.4,0.0,0.0
2026-01-14 16:00,-5.4,32.8,211.91,88.7,120.21,39.73,49.76,66.1,0.0,0.0
2026-01-14 17:00,-11.7,26.0,268.23,78.0,134.17,50.29,17.2,48.0,0.0,0.0
2026-01-14 18:00,-6.4,33.3,100.0,95.0,125.27,18.75,53.11,33.4,0.0,0.0
2026-01-14 19:00,-2.0,34.8,61.41,68.6,102.14,11.51,64.04,26.2,0.0,0.0
2026-01-14 20:00,-8.6,29.1,100.0,36.8,98.47,18.75,29.25,20.0,25.61,10.53
2026-01-14 21:00,-11.8,22.4,100.0,25.5,91.19,18.75,8.0,20.0,64.44,20.43
2026-01-14 22:00,-13.5,44.6,31.85,30.2,105.53,5.97,173.9,37.1,0.0,0.0
2026-01-14 23:00,-6.7,26.8,100.0,34.7,84.33,18.75,19.91,24.7,0.0,0.0
2026-01-15 00:00,-8.1,27.2,100.0,33.7,88.68,18.75,21.36,20.0,29.82,11.6
2026-01-15 01:00,-8.3,22.8,71.24,40.0,91.17,13.36,8.8,20.0,69.01,21.6
2026-01-15 02:00,-10.3,23.9,100.0,29.9,93.57,18.75,11.27,20.0,63.55,20.21
2026-01-15 03:00,-7.9,26.1,29.96,40.5,91.44,5.62,17.52,20.0,68.3,21.42
2026-01-15 04:00,-12.8,21.7,100.0,43.1,112.23,18.75,6.72,20.0,86.76,26.12
2026-01-15 05:00,-19.0,24.4,100.0,43.0,135.59,18.75,12.54,20.0,104.3,30.6
2026-01-15 06:00,-11.4,27.4,100.0,43.7,108.6,18.75,22.12,20.0,67.73,21.27
2026-01-15 07:00,-17.1,31.2,268.23,44.6,125.05,50.29,40.0,20.0,34.76,12.86
2026-01-15 08:00,-15.8,27.3,425.0,78.9,151.0,79.69,21.74,20.0,49.57,16.64
2026-01-15 09:00,-14.8,21.8,328.4,71.8,138.95,61.58,6.9,20.0,70.47,21.97
2026-01-15 10:00,-11.6,26.2,662.92,68.4,132.01,124.3,17.85,22.3,0.0,0.0
2026-01-15 11:00,-11.2,26.4,493.67,67.5,124.0,92.56,18.52,20.0,3.59,4.92
2026-01-15 12:00,-15.0,43.3,750.0,90.5,154.64,140.62,155.02,38.4,0.0,0.0
2026-01-15 13:00,-17.7,28.3,727.85,81.4,152.65,136.47,25.73,40.6,0.0,0.0
2026-01-15 14:00,-5.8,24.7,662.92,66.6,107.74,124.3,13.34,47.5,0.0,0.0
2026-01-15 15:00,-11.5,22.8,146.11,87.7,139.53,27.4,8.8,20.3,3.33,4.85
2026-01-15 16:00,-7.8,36.4,425.0,91.1,131.28,79.69,77.25,26.2,0.0,0.0
2026-01-15 17:00,-7.3,31.1,268.23,65.8,111.58,50.29,39.44,20.3,0.0,0.0
2026-01-15 18:00,-5.2,25.4,100.0,79.9,115.25,18.75,15.33,20.0,80.11,24.43
2026-01-15 19:00,-4.5,22.9,100.0,88.3,123.25,18.75,9.01,20.0,95.49,28.35
2026-01-15 20:00,-13.0,31.5,26.3,36.6,108.85,4.93,41.72,20.0,62.2,19.86
2026-01-15 21:00,-8.9,38.5,100.0,35.7,99.38,18.75,97.19,23.8,0.0,0.0
2026-01-15 22:00,-4.9,21.7,100.0,42.1,89.2,18.75,6.72,20.0,48.49,16.36
2026-01-15 23:00,-9.9,36.5,32.15,38.1,97.19,6.03,78.13,20.0,13.03,7.32
2026-01-16 00:00,-2.6,19.1,100.0,42.6,82.68,18.75,3.16,20.0,60.77,19.5
2026-01-16 01:00,-9.6,51.4,50.42,38.4,100.33,9.45,180.0,38.4,0.0,0.0
2026-01-16 02:00,-13.6,18.2,100.0,36.2,108.65,18.75,2.31,20.0,13.99,7.57
2026-01-16 03:00,-8.9,18.6,100.0,39.6,98.48,18.75,2.67,20.0,77.06,23.65
2026-01-16 04:00,-10.4,24.1,100.0,39.2,102.9,18.75,11.77,20.0,72.38,22.46
2026-01-16 05:00,-7.8,22.6,100.0,32.2,87.64,18.75,8.4,20.0,60.49,19.42
2026-01-16 06:00,-13.7,19.1,100.0,39.2,116.21,18.75,3.16,20.0,94.3,28.05
2026-01-16 07:00,-14.1,20.9,48.42,34.0,107.98,9.08,5.44,20.0,93.46,27.83
2026-01-16 08:00,-17.1,32.0,263.89,79.1,158.02,49.48,44.7,20.0,63.84,20.28
2026-01-16 09:00,-11.3,20.3,339.86,85.6,136.2,63.72,4.59,20.0,67.89,21.31
2026-01-16 10:00,-11.3,19.1,662.92,90.1,141.7,124.3,3.16,20.0,14.24,7.63
2026-01-16 11:00,-7.6,22.7,727.85,74.2,123.02,136.47,8.6,25.1,0.0,0.0
2026-01-16 12:00,-9.7,33.2,750.0,88.0,136.76,140.62,52.42,38.0,0.0,0.0
2026-01-16 13:00,-9.4,25.6,459.99,81.8,129.46,86.25,15.94,30.6,0.0,0.0
2026-01-16 14:00,-15.1,32.5,662.92,81.4,139.26,124.3,47.82,38.2,0.0,0.0
2026-01-16 15:00,-11.0,27.2,559.62,92.5,143.21,104.93,21.36,33.6,0.0,0.0
2026-01-16 16:00,-10.1,35.6,425.0,87.6,140.02,79.69,70.43,35.9,0.0,0.0
2026-01-16 17:00,-5.6,18.8,30.69,91.2,123.21,5.75,2.86,20.0,51.05,17.02
2026-01-16 18:00,-6.7,16.9,100.0,72.3,122.02,18.75,1.38,20.0,101.89,29.98
2026-01-16 19:00,-13.2,23.2,100.0,73.9,135.48,18.75,9.66,20.0,107.07,31.3
2026-01-16 20:00,-4.6,33.6,100.0,28.7,83.37,18.75,55.18,20.0,9.44,6.41
2026-01-16 21:00,-5.4,16.0,100.0,36.7,81.21,18.75,0.91,20.0,61.55,19.7
2026-01-16 22:00,-10.0,29.8,78.46,37.0,98.89,14.71,32.59,20.0,51.59,17.16
2026-01-16 23:00,-5.3,32.4,100.0,36.4,85.26,18.75,47.19,20.0,19.32,8.93
2026-01-17 00:00,-14.2,19.9,100.0,40.5,112.06,18.75,4.07,20.0,89.24,26.76
2026-01-17 01:00,-9.8,22.7,100.0,37.6,102.37,18.75,8.6,20.0,75.02,23.13
2026-01-17 02:00,-13.0,20.9,100.0,27.1,104.06,18.75,5.44,20.0,79.87,24.37
2026-01-17 03:00,-4.1,39.1,100.0,37.0,82.05,18.75,103.45,29.2,0.0,0.0
2026-01-17 04:00,-13.1,17.3,50.5,32.2,105.85,9.47,1.63,20.0,57.81,18.74
2026-01-17 05:00,-12.4,16.5,100.0,37.2,98.31,18.75,1.15,20.0,78.41,23.99
2026-01-17 06:00,-11.9,14.7,100.0,25.2,90.15,18.75,0.44,20.0,70.96,22.09
2026-01-17 07:00,-9.2,21.4,268.23,35.3,92.6,50.29,6.22,20.0,36.09,13.2
2026-01-17 08:00,-13.0,15.2,425.0,83.5,145.91,79.69,0.59,20.0,65.63,20.74
2026-01-17 09:00,-12.1,30.9,559.62,79.8,128.92,104.93,38.33,23.3,0.0,0.0
2026-01-17 10:00,-13.4,18.3,592.82,77.7,137.54,111.15,2.4,20.0,10.8,6.75
2026-01-17 11:00,-11.0,21.6,727.85,74.3,131.96,136.47,6.55,22.5,0.0,0.0
2026-01-17 12:00,-12.7,16.4,648.04,66.8,130.33,121.51,1.1,20.4,0.0,0.0
2026-01-17 13:00,-12.8,17.8,727.85,78.7,140.36,136.47,1.99,20.0,0.12,4.03
2026-01-17 14:00,-10.6,25.0,662.92,67.1,119.3,124.3,14.17,24.4,0.0,0.0
2026-01-17 15:00,-7.8,22.6,559.62,85.4,127.34,104.93,8.4,20.6,0.0,0.0
2026-01-17 16:00,-9.0,21.7,425.0,92.4,137.18,79.69,6.72,20.0,48.36,16.33
2026-01-17 17:00,-7.1,14.6,268.23,92.1,133.34,50.29,0.41,20.0,82.64,25.07
2026-01-17 18:00,-11.3,13.5,100.0,77.7,133.87,18.75,0.18,20.0,114.94,33.31
2026-01-17 19:00,0.4,13.7,100.0,68.7,104.58,18.75,0.21,20.0,85.62,25.83
2026-01-17 20:00,-3.7,21.7,100.0,41.9,82.96,18.75,6.72,20.0,57.49,18.66
2026-01-17 21:00,-2.1,15.7,100.0,31.1,75.34,18.75,0.78,20.0,55.81,18.23
2026-01-17 22:00,-6.3,28.7,45.71,43.3,93.59,8.57,27.45,20.0,57.57,18.68
2026-01-17 23:00,-5.9,16.7,100.0,37.0,78.64,18.75,1.26,20.0,58.63,18.95
2026-01-18 00:00,-12.0,17.4,65.07,27.9,96.68,12.2,1.7,20.0,82.78,25.11
2026-01-18 01:00,-5.4,16.1,37.67,26.4,81.66,7.06,0.95,20.0,73.65,22.78
2026-01-18 02:00,-6.7,20.2,100.0,32.3,79.93,18.75,4.46,20.0,56.72,18.46
2026-01-18 03:00,-10.7,22.0,100.0,27.8,95.21,18.75,7.25,20.0,69.21,21.65
2026-01-18 04:00,-11.2,39.2,100.0,32.7,97.46,18.75,104.52,25.9,0.0,0.0
2026-01-18 05:00,-12.0,13.9,100.0,25.5,95.04,18.75,0.25,20.0,52.29,17.33
2026-01-18 06:00,-10.5,13.4,46.68,44.1,104.49,8.75,0.17,20.0,95.57,28.37
2026-01-18 07:00,-11.7,26.3,268.23,44.7,113.58,50.29,18.18,20.0,45.11,15.5
2026-01-18 08:00,-12.8,16.1,425.0,75.2,138.15,79.69,0.95,20.0,57.51,18.67
2026-01-18 09:00,-11.9,18.4,559.62,87.9,138.28,104.93,2.49,20.0,30.86,11.87
2026-01-18 10:00,-15.4,13.8,299.87,66.7,134.81,56.23,0.23,20.0,78.35,23.98
2026-01-18 11:00,-17.7,18.9,727.85,69.2,150.53,136.47,2.96,20.0,11.1,6.83
2026-01-18 12:00,-11.9,16.0,750.0,94.8,157.52,140.62,0.91,20.0,15.99,8.08
2026-01-18 13:00,-4.8,13.7,435.78,76.9,117.18,81.71,0.21,20.0,35.26,12.99
2026-01-18 14:00,-2.1,13.8,662.92,93.9,119.41,124.3,0.23,21.2,0.0,0.0
2026-01-18 15:00,-6.1,12.8,379.26,88.7,125.44,71.11,0.09,20.0,49.53,16.63
2026-01-18 16:00,-10.7,28.4,425.0,93.3,146.71,79.69,26.15,20.0,40.87,14.42
2026-01-18 17:00,-7.1,16.9,268.23,90.9,129.78,50.29,1.38,20.0,78.11,23.92
2026-01-18 18:00,-12.2,13.3,100.0,87.9,140.59,18.75,0.15,20.0,121.69,35.03
2026-01-18 19:00,-14.0,18.3,100.0,91.0,164.6,18.75,2.4,20.0,143.45,40.58
2026-01-18 20:00,-5.9,18.2,42.61,44.1,93.54,7.99,2.31,20.0,83.24,25.23
2026-01-18 21:00,-4.1,29.2,100.0,26.2,73.83,18.75,29.71,20.0,25.37,10.47
2026-01-18 22:00,-0.8,32.1,45.87,25.4,74.82,8.6,45.32,20.0,20.9,9.33
2026-01-18 23:00,-4.9,20.6,100.0,27.7,79.57,18.75,5.0,20.0,55.82,18.23
2026-01-19 00:00,-5.3,13.8,100.0,29.2,75.73,18.75,0.23,20.0,56.75,18.47
2026-01-19 01:00,-11.0,11.2,10.71,39.8,107.48,2.01,0.01,20.0,105.46,30.89
2026-01-19 02:00,-8.7,22.7,69.24,38.2,93.11,12.98,8.6,20.0,71.53,22.24
2026-01-19 03:00,-12.9,16.3,77.67,26.6,101.08,14.56,1.05,20.0,85.47,25.79
2026-01-19 04:00,-13.3,14.4,100.0,27.2,101.38,18.75,0.36,20.0,82.27,24.98
2026-01-19 05:00,-17.4,11.5,85.82,35.0,121.78,16.09,0.01,20.0,105.68,30.95
2026-01-19 06:00,-17.0,12.9,66.57,30.6,113.3,12.48,0.1,20.0,100.72,29.68
2026-01-19 07:00,-9.9,13.9,226.22,34.5,95.78,42.42,0.25,20.0,53.11,17.54
2026-01-19 08:00,-12.3,18.1,425.0,75.7,135.23,79.69,2.23,20.0,53.31,17.59
2026-01-19 09:00,-21.5,17.7,559.62,83.7,171.31,104.93,1.92,20.0,64.46,20.44
2026-01-19 10:00,-15.5,20.6,662.92,89.7,159.0,124.3,5.0,20.0,29.7,11.57
2026-01-19 11:00,-15.2,22.5,394.5,73.1,142.73,73.97,8.2,20.0,60.56,19.44
2026-01-19 12:00,-13.3,18.5,750.0,66.6,129.87,140.62,2.58,23.1,0.0,0.0
2026-01-19 13:00,-10.6,10.9,257.71,73.3,127.86,48.32,0.0,20.0,67.28,21.16
2026-01-19 14:00,-7.5,13.5,99.54,68.1,110.61,18.66,0.18,20.0,91.77,27.4
2026-01-19 15:00,-7.2,13.4,559.62,88.7,126.61,104.93,0.17,20.0,21.51,9.49
2026-01-19 16:00,-9.4,37.0,190.0,67.7,122.88,35.62,82.63,20.0,4.63,5.18
2026-01-19 17:00,-15.5,18.4,268.23,86.1,152.64,50.29,2.49,20.0,99.86,29.46
2026-01-19 18:00,-6.3,19.1,100.0,94.0,126.39,18.75,3.16,20.0,104.48,30.64
2026-01-19 19:00,-10.8,11.2,86.06,88.5,144.17,16.14,0.01,20.0,128.02,36.65
2026-01-19 20:00,-7.9,35.4,100.0,35.0,88.73,18.75,68.8,20.0,1.18,4.3
2026-01-19 21:00,-11.9,13.9,100.0,32.4,100.54,18.75,0.25,20.0,81.54,24.79
2026-01-19 22:00,-9.2,24.0,100.0,42.0,105.75,18.75,11.52,20.0,75.48,23.25
2026-01-19 23:00,-9.3,27.2,100.0,29.3,99.15,18.75,21.36,20.0,59.04,19.06
2026-01-20 00:00,-13.4,11.3,100.0,38.0,113.65,18.75,0.01,20.0,94.89,28.2
2026-01-20 01:00,-12.9,20.1,35.25,29.0,108.6,6.61,4.33,20.0,97.66,28.9
2026-01-20 02:00,-11.6,11.1,32.99,35.3,101.94,6.19,0.01,20.0,95.74,28.41
2026-01-20 03:00,-15.2,10.3,100.0,27.5,103.73,18.75,0.0,20.0,84.98,25.67
2026-01-20 04:00,-18.9,16.2,100.0,36.9,126.39,18.75,1.0,20.0,106.64,31.19
2026-01-20 05:00,-10.2,15.9,100.0,38.6,100.42,18.75,0.86,20.0,80.81,24.61
2026-01-20 06:00,-10.0,16.0,100.0,44.5,107.25,18.75,0.91,20.0,87.59,26.34
2026-01-20 07:00,-13.1,12.5,268.23,25.4,100.74,50.29,0.07,20.0,50.38,16.85
2026-01-20 08:00,-12.2,13.5,425.0,76.2,141.39,79.69,0.18,20.0,61.52,19.69
2026-01-20 09:00,-9.4,39.3,559.62,90.4,131.47,104.93,105.6,38.2,0.0,0.0
2026-01-20 10:00,-11.6,22.1,662.92,78.7,136.12,124.3,7.44,37.0,0.0,0.0
2026-01-20 11:00,-13.0,12.1,727.85,72.4,134.18,136.47,0.04,37.5,0.0,0.0
2026-01-20 12:00,-11.8,10.5,750.0,93.7,153.68,140.62,0.0,34.0,0.0,0.0
2026-01-20 13:00,-10.6,36.3,529.99,67.3,124.32,99.37,76.37,45.8,0.0,0.0
2026-01-20 14:00,-12.0,11.2,662.92,83.7,137.78,124.3,0.01,42.1,0.0,0.0
2026-01-20 15:00,-8.4,18.1,314.86,76.6,121.85,59.04,2.23,25.7,0.0,0.0
2026-01-20 16:00,-11.2,30.0,425.0,73.7,125.08,79.69,33.59,22.5,0.0,0.0
2026-01-20 17:00,-7.2,10.5,268.23,69.4,116.57,50.29,0.0,20.0,56.37,18.37
2026-01-20 18:00,-10.3,11.2,100.0,93.7,150.59,18.75,0.01,20.0,131.83,37.62
2026-01-20 19:00,-7.6,19.1,100.0,67.3,107.29,18.75,3.16,20.0,85.38,25.77
2026-01-20 20:00,-8.0,16.3,100.0,33.7,95.37,18.75,1.05,20.0,75.57,23.27
2026-01-20 21:00,-8.2,11.9,100.0,26.0,79.81,18.75,0.03,20.0,61.03,19.56
2026-01-20 22:00,-6.5,12.3,88.5,44.2,94.43,16.59,0.05,20.0,77.79,23.84
2026-01-20 23:00,-13.0,14.6,100.0,36.9,110.12,18.75,0.41,20.0,90.96,27.19
2026-01-21 00:00,-8.3,11.7,100.0,40.9,96.4,18.75,0.02,20.0,77.63,23.8
2026-01-21 01:00,-9.3,40.4,85.5,40.1,101.12,16.03,117.95,27.6,0.0,0.0
2026-01-21 02:00,-4.6,12.4,100.0,37.8,82.59,18.75,0.06,20.0,33.55,12.56
2026-01-21 03:00,-10.0,21.9,100.0,35.0,92.44,18.75,7.07,20.0,66.62,20.99
2026-01-21 04:00,-15.0,13.2,100.0,42.0,120.92,18.75,0.14,20.0,102.03,30.02
2026-01-21 05:00,-13.1,15.4,17.63,38.2,109.31,3.31,0.66,20.0,105.34,30.86
2026-01-21 06:00,-14.4,30.3,100.0,44.9,112.49,18.75,35.12,20.0,58.62,18.95
2026-01-21 07:00,-14.4,14.2,268.23,40.1,120.44,50.29,0.31,20.0,69.84,21.81
2026-01-21 08:00,-18.1,22.6,365.82,72.5,155.33,68.59,8.4,20.0,78.34,23.98
2026-01-21 09:00,-8.3,12.4,559.62,70.7,113.61,104.93,0.06,20.0,8.62,6.2
2026-01-21 10:00,-16.7,10.6,120.28,66.1,142.15,22.55,0.0,20.0,119.6,34.5
2026-01-21 11:00,-13.0,34.3,727.85,82.4,145.15,136.47,60.24,31.9,0.0,0.0
2026-01-21 12:00,-9.6,21.7,750.0,73.5,135.38,140.62,6.72,34.6,0.0,0.0
2026-01-21 13:00,-11.2,22.5,727.85,79.3,138.0,136.47,8.2,36.1,0.0,0.0
2026-01-21 14:00,-8.8,12.0,662.92,74.9,118.03,124.3,0.03,37.6,0.0,0.0
2026-01-21 15:00,-9.3,14.6,148.67,89.3,138.57,27.88,0.41,20.0,39.91,14.18
2026-01-21 16:00,-5.6,19.0,155.44,69.5,112.01,29.14,3.06,20.0,79.81,24.35
2026-01-21 17:00,-10.0,10.8,142.51,68.8,115.93,26.72,0.0,20.0,89.21,26.75
2026-01-21 18:00,-5.8,11.0,10.0,94.2,117.98,1.88,0.0,20.0,116.1,33.61
2026-01-21 19:00,-10.8,12.7,100.0,65.0,117.97,18.75,0.08,20.0,99.14,29.28
2026-01-21 20:00,-5.5,21.5,87.35,42.0,83.5,16.38,6.39,20.0,60.73,19.49
2026-01-21 21:00,-10.8,20.6,100.0,41.3,99.74,18.75,5.0,20.0,75.99,23.38
2026-01-21 22:00,-5.5,23.9,100.0,44.7,89.12,18.75,11.27,20.0,59.1,19.07
2026-01-21 23:00,-3.0,11.4,41.46,35.9,85.84,7.77,0.01,20.0,78.06,23.91
2026-01-22 00:00,-7.5,35.1,23.39,25.8,87.96,4.39,66.39,20.0,17.18,8.38
2026-01-22 01:00,-14.1,20.9,100.0,40.2,117.44,18.75,5.44,20.0,93.25,27.78
2026-01-22 02:00,-4.0,14.6,100.0,43.7,100.21,18.75,0.41,20.0,81.05,24.67
2026-01-22 03:00,-11.6,31.3,65.78,38.9,112.48,12.33,40.57,20.0,59.58,19.19
2026-01-22 04:00,-8.7,12.7,78.94,31.9,88.3,14.8,0.08,20.0,73.42,22.72
2026-01-22 05:00,-8.6,17.7,100.0,43.9,103.2,18.75,1.92,20.0,82.53,25.05
2026-01-22 06:00,-15.4,23.5,100.0,39.7,116.51,18.75,10.33,20.0,87.43,26.29
2026-01-22 07:00,-12.6,13.3,268.23,39.1,110.46,50.29,0.15,20.0,60.02,19.31
2026-01-22 08:00,-7.0,27.1,228.29,70.4,114.36,42.8,20.99,20.0,50.57,16.9
2026-01-22 09:00,-15.4,27.3,303.41,69.7,139.44,56.89,21.74,20.0,60.81,19.51
2026-01-22 10:00,-10.1,20.3,662.92,88.9,136.43,124.3,4.59,20.0,7.54,5.92
2026-01-22 11:00,-8.4,25.7,727.85,92.2,142.77,136.47,16.25,22.3,0.0,0.0
2026-01-22 12:00,-12.4,17.8,750.0,73.6,134.45,140.62,1.99,24.2,0.0,0.0
2026-01-22 13:00,-6.9,14.8,727.85,87.0,120.27,136.47,0.46,28.0,0.0,0.0
2026-01-22 14:00,-11.6,20.9,662.92,75.0,125.54,124.3,5.44,29.0,0.0,0.0
2026-01-22 15:00,-7.7,19.9,559.62,85.1,126.85,104.93,4.07,24.1,0.0,0.0
2026-01-22 16:00,-9.8,22.9,425.0,68.0,116.06,79.69,9.01,20.0,10.91,6.78
2026-01-22 17:00,-9.8,43.3,268.23,67.0,113.94,50.29,155.02,38.4,0.0,0.0
2026-01-22 18:00,-8.5,22.6,100.0,86.1,127.08,18.75,8.4,20.0,26.33,10.71
2026-01-22 19:00,-10.9,14.4,100.0,71.2,120.64,18.75,0.36,20.0,101.53,29.89
2026-01-22 20:00,-10.3,20.6,100.0,44.4,101.24,18.75,5.0,20.0,77.49,23.76
2026-01-22 21:00,-7.8,12.9,100.0,37.0,92.45,18.75,0.1,20.0,73.6,22.77
2026-01-22 22:00,-11.7,12.3,100.0,44.3,112.98,18.75,0.05,20.0,94.18,28.02
2026-01-22 23:00,-4.7,19.8,100.0,31.3,82.53,18.75,3.95,20.0,59.83,19.26
2026-01-23 00:00,-5.7,35.8,100.0,27.1,78.65,18.75,72.1,22.8,0.0,0.0
2026-01-23 01:00,-10.0,19.5,100.0,39.0,101.36,18.75,3.6,20.0,67.79,21.29
2026-01-23 02:00,-10.7,19.5,100.0,30.1,95.64,18.75,3.6,20.0,73.29,22.69
2026-01-23 03:00,-11.0,27.3,100.0,28.8,97.79,18.75,21.74,20.0,57.3,18.61
2026-01-23 04:00,-11.3,13.5,100.0,40.0,104.46,18.75,0.18,20.0,85.53,25.81
2026-01-23 05:00,-13.1,23.1,44.72,25.2,93.39,8.38,9.44,20.0,75.57,23.27
2026-01-23 06:00,-7.5,15.1,100.0,39.3,97.64,18.75,0.56,20.0,78.33,23.97
2026-01-23 07:00,-11.5,23.7,268.23,25.3,93.84,50.29,10.8,20.0,32.75,12.35
2026-01-23 08:00,-14.6,15.3,425.0,66.9,132.41,79.69,0.63,20.0,52.09,17.28
2026-01-23 09:00,-10.4,22.1,559.62,67.4,128.78,104.93,7.44,20.0,16.41,8.18
2026-01-23 10:00,-10.7,34.8,510.97,81.3,136.1,95.81,64.04,25.5,0.0,0.0
2026-01-23 11:00,-7.5,24.0,727.85,80.6,126.18,136.47,11.52,30.5,0.0,0.0
2026-01-23 12:00,-9.2,20.4,750.0,81.1,128.43,140.62,4.72,34.4,0.0,0.0
2026-01-23 13:00,-8.2,22.3,727.85,88.6,130.61,136.47,7.81,37.5,0.0,0.0
2026-01-23 14:00,-14.0,23.4,662.92,77.8,144.92,124.3,10.1,34.7,0.0,0.0
2026-01-23 15:00,-7.7,14.2,559.62,89.7,131.65,104.93,0.31,27.5,0.0,0.0
2026-01-23 16:00,-9.9,16.7,425.0,80.1,130.57,79.69,1.26,20.0,19.71,9.03
2026-01-23 17:00,-5.9,14.8,268.23,87.9,123.74,50.29,0.46,20.0,72.99,22.61
2026-01-23 18:00,-11.6,15.4,100.0,69.8,131.72,18.75,0.66,20.0,112.31,32.64
2026-01-23 19:00,-6.0,31.2,100.0,89.4,121.09,18.75,40.0,20.0,62.34,19.9
2026-01-23 20:00,-8.5,17.2,100.0,30.0,86.25,18.75,1.57,20.0,65.93,20.81
2026-01-23 21:00,-14.0,17.8,100.0,41.6,117.13,18.75,1.99,20.0,96.39,28.58
2026-01-23 22:00,-11.3,20.1,34.62,43.8,102.56,6.49,4.33,20.0,91.74,27.39
2026-01-23 23:00,-5.0,20.1,18.21,28.9,68.11,3.41,4.33,20.0,60.37,19.39
2026-01-24 00:00,-8.2,25.7,64.16,33.8,91.25,12.03,16.25,20.0,62.97,20.06
2026-01-24 01:00,-7.9,16.3,100.0,38.9,89.75,18.75,1.05,20.0,69.95,21.84
2026-01-24 02:00,-9.7,16.3,100.0,26.7,97.04,18.75,1.05,20.0,77.24,23.7
2026-01-24 03:00,-12.8,15.9,100.0,29.4,96.98,18.75,0.86,20.0,77.37,23.73
2026-01-24 04:00,-15.5,15.5,100.0,32.8,115.6,18.75,0.7,20.0,96.15,28.52
2026-01-24 05:00,-8.7,19.5,100.0,33.6,100.39,18.75,3.6,20.0,78.04,23.9
2026-01-24 06:00,-8.9,16.8,100.0,35.0,97.95,18.75,1.32,20.0,77.88,23.86
2026-01-24 07:00,-11.4,21.5,268.23,27.3,99.65,50.29,6.39,20.0,42.97,14.96
2026-01-24 08:00,-13.5,16.8,425.0,85.8,143.39,79.69,1.32,20.0,62.38,19.91
2026-01-24 09:00,-9.8,17.5,559.62,80.2,129.57,104.93,1.77,20.0,22.87,9.83
2026-01-24 10:00,-12.3,22.3,662.92,83.9,138.23,124.3,7.81,20.0,6.12,5.56
2026-01-24 11:00,-10.9,30.4,727.85,89.6,148.11,136.47,35.64,25.5,0.0,0.0
2026-01-24 12:00,-8.0,20.8,366.06,70.5,114.97,68.64,5.29,20.0,18.96,8.83
2026-01-24 13:00,-13.0,20.1,586.68,89.1,147.17,110.0,4.33,20.0,32.84,12.37
2026-01-24 14:00,-7.5,43.8,174.2,67.0,104.26,32.66,162.11,38.4,0.0,0.0
2026-01-24 15:00,-9.9,29.4,559.62,78.0,126.53,104.93,30.65,40.5,0.0,0.0
2026-01-24 16:00,-12.0,19.9,232.58,76.2,131.8,43.61,4.07,20.0,2.19,4.56
2026-01-24 17:00,-10.0,26.9,268.23,84.7,125.7,50.29,20.26,20.0,55.15,18.06
2026-01-24 18:00,-5.9,22.0,10.67,65.2,102.23,2.0,7.25,20.0,92.98,27.71
2026-01-24 19:00,-9.8,28.5,71.82,82.5,132.56,13.47,26.58,20.0,92.51,27.59
2026-01-24 20:00,-7.2,18.2,70.14,38.4,96.48,13.15,2.31,20.0,81.02,24.66
2026-01-24 21:00,-9.7,18.9,100.0,42.8,104.26,18.75,2.96,20.0,82.55,25.05
2026-01-24 22:00,-6.2,25.7,82.66,42.8,96.71,15.5,16.25,20.0,64.96,20.56
2026-01-24 23:00,-11.3,22.5,100.0,39.3,106.23,18.75,8.2,20.0,79.28,24.22
2026-01-25 00:00,-10.6,19.7,100.0,29.3,90.86,18.75,3.83,20.0,68.28,21.41
2026-01-25 01:00,-9.3,19.3,100.0,26.5,92.24,18.75,3.38,20.0,70.11,21.88
2026-01-25 02:00,-6.5,26.4,100.0,40.9,88.79,18.75,18.52,20.0,51.52,17.14
2026-01-25 03:00,-13.9,40.3,100.0,37.7,115.32,18.75,116.79,24.7,0.0,0.0
2026-01-25 04:00,-13.7,27.5,100.0,29.4,102.45,18.75,22.5,20.0,42.6,14.86
2026-01-25 05:00,-9.2,31.7,100.0,40.6,93.96,18.75,42.9,20.0,32.31,12.24
2026-01-25 06:00,-11.4,22.0,25.02,33.6,98.52,4.69,7.25,20.0,86.58,26.08
2026-01-25 07:00,-13.4,25.0,268.23,25.8,103.2,50.29,14.17,20.0,38.74,13.88
2026-01-25 08:00,-10.5,36.1,425.0,74.8,127.49,79.69,74.64,26.2,0.0,0.0
2026-01-25 09:00,-11.4,21.0,501.94,82.3,138.47,94.11,5.59,20.0,14.08,7.59
2026-01-25 10:00,-8.7,32.0,662.92,90.7,131.62,124.3,44.7,28.6,0.0,0.0
2026-01-25 11:00,-12.1,20.1,213.4,65.7,124.98,40.01,4.33,20.0,46.25,15.79
2026-01-25 12:00,-10.2,22.1,750.0,84.6,140.82,140.62,7.44,21.7,0.0,0.0
2026-01-25 13:00,-6.6,19.6,727.85,90.1,130.21,136.47,3.71,24.0,0.0,0.0
2026-01-25 14:00,-4.0,35.4,662.92,82.6,121.04,124.3,68.8,40.5,0.0,0.0
2026-01-25 15:00,-4.0,23.5,559.62,71.9,106.96,104.93,10.33,42.4,0.0,0.0
2026-01-25 16:00,-7.6,21.6,425.0,94.9,126.09,79.69,6.55,31.6,0.0,0.0
2026-01-25 17:00,-6.4,27.0,166.2,66.6,112.97,31.16,20.63,20.0,14.73,7.76
2026-01-25 18:00,-4.3,23.7,100.0,93.3,129.66,18.75,10.8,20.0,100.11,29.53
2026-01-25 19:00,-1.7,29.6,100.0,84.5,118.39,18.75,31.61,20.0,68.03,21.35
2026-01-25 20:00,-6.3,27.6,100.0,28.6,76.52,18.75,22.89,20.0,34.88,12.89
2026-01-25 21:00,-4.7,21.9,46.41,25.4,75.94,8.7,7.07,20.0,60.17,19.34
2026-01-25 22:00,-5.3,33.5,58.78,44.2,91.11,11.02,54.48,20.0,25.61,10.53
2026-01-25 23:00,-15.8,22.0,100.0,36.5,115.75,18.75,7.25,20.0,89.75,26.89
2026-01-26 00:00,-8.3,28.0,100.0,32.1,92.7,18.75,24.48,20.0,49.47,16.61
2026-01-26 01:00,-9.6,21.7,100.0,37.1,95.74,18.75,6.72,20.0,70.27,21.92
2026-01-26 02:00,-13.4,37.0,80.63,42.7,116.4,15.12,82.63,20.0,18.65,8.76
2026-01-26 03:00,-13.3,34.2,100.0,44.9,119.22,18.75,59.5,20.0,40.97,14.45
2026-01-26 04:00,-10.5,50.4,100.0,34.3,101.61,18.75,180.0,38.4,0.0,0.0
2026-01-26 05:00,-13.3,51.2,14.99,41.3,111.75,2.81,180.0,54.7,0.0,0.0
2026-01-26 06:00,-12.8,22.3,85.04,29.2,98.87,15.95,7.81,34.3,0.0,0.0
2026-01-26 07:00,-17.6,22.7,268.23,28.3,115.62,50.29,8.6,20.0,0.0,0.0
2026-01-26 08:00,-12.7,24.6,425.0,88.9,148.23,79.69,13.07,20.0,55.47,18.14
2026-01-26 09:00,-15.5,23.2,559.62,72.7,140.08,104.93,9.66,20.0,25.49,10.5
2026-01-26 10:00,-13.5,24.2,662.92,89.3,149.9,124.3,12.02,20.0,13.58,7.46
2026-01-26 11:00,-9.1,23.8,727.85,67.5,117.22,136.47,11.03,27.0,0.0,0.0
2026-01-26 12:00,-9.5,35.6,750.0,69.1,114.08,140.62,70.43,45.4,0.0,0.0
2026-01-26 13:00,-14.1,30.5,727.85,73.2,139.09,136.47,36.17,53.1,0.0,0.0
2026-01-26 14:00,-10.2,25.8,662.92,89.7,135.58,124.3,16.56,54.3,0.0,0.0
2026-01-26 15:00,-12.9,33.3,559.62,82.2,132.64,104.93,53.11,60.1,0.0,0.0
2026-01-26 16:00,-7.3,26.2,425.0,81.1,124.66,79.69,17.85,52.8,0.0,0.0
2026-01-26 17:00,-9.1,25.0,239.15,79.7,131.28,44.84,14.17,33.1,0.0,0.0
2026-01-26 18:00,-4.1,27.0,49.41,90.8,122.85,9.26,20.63,20.0,40.44,14.31
2026-01-26 19:00,-9.2,35.1,100.0,68.8,112.18,18.75,66.39,20.0,27.04,10.9
2026-01-26 20:00,-1.8,29.1,100.0,37.9,89.93,18.75,29.25,20.0,41.93,14.69
2026-01-26 21:00,-13.9,32.6,100.0,27.8,107.79,18.75,48.46,20.0,40.58,14.35
2026-01-26 22:00,-9.6,26.0,100.0,28.7,87.9,18.75,17.2,20.0,51.95,17.25
2026-01-26 23:00,-11.5,28.0,32.86,41.0,107.43,6.16,24.48,20.0,76.79,23.58
2026-01-27 00:00,-8.4,39.3,100.0,40.9,93.18,18.75,105.6,27.2,0.0,0.0
2026-01-27 01:00,-12.7,26.5,100.0,42.5,114.24,18.75,18.86,20.0,47.95,16.23
2026-01-27 02:00,-9.1,32.5,100.0,40.0,99.62,18.75,47.82,20.0,33.05,12.43
2026-01-27 03:00,-16.9,25.6,100.0,34.7,116.77,18.75,15.94,20.0,82.08,24.93
2026-01-27 04:00,-14.1,27.1,13.2,43.2,113.85,2.48,20.99,20.0,90.38,27.05
2026-01-27 05:00,-7.0,26.4,100.0,34.7,86.6,18.75,18.52,20.0,49.33,16.58
2026-01-27 06:00,-13.7,39.3,100.0,28.4,109.69,18.75,105.6,23.4,0.0,0.0
2026-01-27 07:00,-14.2,31.1,268.23,37.3,107.97,50.29,39.44,20.0,4.75,5.21
2026-01-27 08:00,-14.5,25.8,215.85,81.5,146.53,40.47,16.56,20.0,89.5,26.82
2026-01-27 09:00,-13.3,25.9,559.62,78.5,141.58,104.93,16.88,20.0,19.77,9.04
2026-01-27 10:00,-11.4,28.5,662.92,70.2,124.56,124.3,26.58,26.1,0.0,0.0
2026-01-27 11:00,-13.1,37.1,727.85,68.8,137.55,136.47,83.56,44.5,0.0,0.0
2026-01-27 12:00,-9.2,47.3,217.16,76.6,133.28,40.72,180.0,62.9,0.0,0.0
2026-01-27 13:00,-6.0,28.4,727.85,75.4,115.3,136.47,26.15,73.7,0.0,0.0
2026-01-27 14:00,-9.7,48.1,662.92,73.0,125.8,124.3,180.0,92.1,0.0,0.0
2026-01-27 15:00,-12.9,41.7,559.62,93.4,154.92,104.93,133.74,95.0,0.0,0.0
2026-01-27 16:00,-11.6,53.2,293.78,65.3,121.17,55.08,180.0,95.0,0.0,0.0
2026-01-27 17:00,-11.5,27.6,178.37,78.3,129.41,33.44,22.89,75.1,0.0,0.0
2026-01-27 18:00,-4.8,49.0,100.0,70.6,106.08,18.75,180.0,93.5,0.0,0.0
2026-01-27 19:00,-10.9,54.7,100.0,78.4,133.87,18.75,180.0,95.0,0.0,0.0
2026-01-27 20:00,-8.1,36.0,100.0,40.0,88.4,18.75,73.79,95.0,0.0,0.0
2026-01-27 21:00,-10.4,31.6,56.23,42.7,111.29,10.54,42.31,79.1,0.0,0.0
2026-01-27 22:00,-4.4,30.2,82.73,28.8,72.17,15.51,34.6,73.1,0.0,0.0
2026-01-27 23:00,-10.7,42.0,100.0,27.4,86.25,18.75,137.57,89.2,0.0,0.0
2026-01-28 00:00,-8.9,30.8,52.52,36.9,87.75,9.85,37.78,78.3,0.0,0.0
2026-01-28 01:00,-6.6,31.5,100.0,39.7,90.32,18.75,41.72,70.2,0.0,0.0
2026-01-28 02:00,-4.3,46.5,100.0,33.0,82.99,18.75,180.0,88.6,0.0,0.0
2026-01-28 03:00,-11.0,35.3,100.0,34.3,100.3,18.75,67.99,84.9,0.0,0.0
2026-01-28 04:00,-10.8,39.3,100.0,25.6,90.04,18.75,105.6,92.8,0.0,0.0
2026-01-28 05:00,-14.6,30.2,100.0,36.4,113.33,18.75,34.6,76.5,0.0,0.0
2026-01-28 06:00,-12.4,32.2,100.0,26.0,99.98,18.75,45.93,66.9,0.0,0.0
2026-01-28 07:00,-13.7,31.0,268.23,37.3,118.37,50.29,38.88,59.0,0.0,0.0
2026-01-28 08:00,-18.1,43.0,425.0,89.6,168.23,79.69,150.87,73.3,0.0,0.0
2026-01-28 09:00,-16.3,42.4,559.62,74.8,141.67,104.93,142.79,91.7,0.0,0.0
2026-01-28 10:00,-12.4,34.7,662.92,90.2,142.92,124.3,63.26,95.0,0.0,0.0
2026-01-28 11:00,-8.2,43.4,727.85,76.5,120.76,136.47,156.43,95.0,0.0,0.0
2026-01-28 12:00,-10.0,30.7,750.0,93.0,140.0,140.62,37.24,95.0,0.0,0.0
2026-01-28 13:00,-12.2,35.0,727.85,77.2,136.08,136.47,65.6,95.0,0.0,0.0
2026-01-28 14:00,-9.5,36.6,662.92,86.4,134.41,124.3,79.02,95.0,0.0,0.0
2026-01-28 15:00,-12.2,37.7,559.62,93.2,147.11,104.93,89.23,95.0,0.0,0.0
2026-01-28 16:00,-9.4,36.6,425.0,77.1,124.38,79.69,79.02,95.0,0.0,0.0
2026-01-28 17:00,-12.9,32.7,201.64,68.2,136.95,37.81,49.11,81.4,0.0,0.0
2026-01-28 18:00,-2.6,39.1,100.0,67.1,101.9,18.75,103.45,86.1,0.0,0.0
2026-01-28 19:00,-8.7,44.7,100.0,66.3,115.17,18.75,175.41,95.0,0.0,0.0
2026-01-28 20:00,-12.0,36.4,100.0,39.6,108.39,18.75,77.25,91.6,0.0,0.0
2026-01-28 21:00,-6.9,38.9,27.64,33.1,88.68,5.18,101.34,95.0,0.0,0.0
2026-01-28 22:00,-10.0,41.6,52.5,41.5,109.4,9.84,132.47,95.0,0.0,0.0
2026-01-28 23:00,-7.8,46.1,100.0,33.6,94.18,18.75,180.0,95.0,0.0,0.0
2026-01-29 00:00,-9.3,46.2,100.0,34.7,96.02,18.75,180.0,95.0,0.0,0.0
2026-01-29 01:00,-7.3,34.6,100.0,25.8,74.65,18.75,62.5,95.0,0.0,0.0
2026-01-29 02:00,-10.3,42.0,100.0,31.9,97.56,18.75,137.57,95.0,0.0,0.0
2026-01-29 03:00,-6.6,34.2,100.0,44.8,91.82,18.75,59.5,91.3,0.0,0.0
2026-01-29 04:00,-6.3,41.2,100.0,27.4,83.99,18.75,127.51,95.0,0.0,0.0
2026-01-29 05:00,-15.6,35.0,24.49,35.9,118.13,4.59,65.6,82.0,0.0,0.0
2026-01-29 06:00,-13.1,36.5,100.0,40.1,109.64,18.75,78.13,78.5,0.0,0.0
2026-01-29 07:00,-14.9,32.4,44.88,38.2,114.43,8.42,47.19,62.5,0.0,0.0
2026-01-29 08:00,-14.0,32.6,425.0,90.0,148.85,79.69,48.46,56.9,0.0,0.0
2026-01-29 09:00,-10.9,53.4,116.61,77.6,130.65,21.86,180.0,73.3,0.0,0.0
2026-01-29 10:00,-11.9,36.7,662.92,65.9,124.43,124.3,79.91,91.6,0.0,0.0
2026-01-29 11:00,-12.0,39.9,727.85,76.9,134.92,136.47,112.22,95.0,0.0,0.0
2026-01-29 12:00,-8.4,35.5,401.52,92.1,130.87,75.28,69.61,95.0,0.0,0.0
2026-01-29 13:00,-12.5,37.5,727.85,90.0,146.78,136.47,87.31,95.0,0.0,0.0
2026-01-29 14:00,-8.1,54.5,185.26,67.9,113.65,34.74,180.0,95.0,0.0,0.0
2026-01-29 15:00,-6.8,34.0,559.62,71.3,112.76,104.93,58.04,95.0,0.0,0.0
2026-01-29 16:00,-17.5,36.7,59.94,76.8,151.1,11.24,79.91,78.7,0.0,0.0
2026-01-29 17:00,-7.5,46.6,268.23,87.8,124.11,50.29,180.0,95.0,0.0,0.0
2026-01-29 18:00,-9.2,37.3,100.0,77.3,123.64,18.75,85.42,89.7,0.0,0.0
2026-01-29 19:00,-2.9,35.5,100.0,84.2,114.71,18.75,69.61,82.5,0.0,0.0
2026-01-29 20:00,-10.5,38.2,100.0,29.8,91.94,18.75,94.15,87.4,0.0,0.0
2026-01-29 21:00,-6.0,48.0,100.0,32.9,86.77,18.75,180.0,95.0,0.0,0.0
2026-01-29 22:00,-10.2,43.1,100.0,30.4,99.76,18.75,152.25,95.0,0.0,0.0
2026-01-29 23:00,-6.4,41.2,100.0,42.3,95.67,18.75,127.51,95.0,0.0,0.0
2026-01-30 00:00,-1.9,38.6,100.0,33.5,77.65,18.75,98.21,95.0,0.0,0.0
2026-01-30 01:00,-5.9,36.3,100.0,43.7,91.49,18.75,76.37,95.0,0.0,0.0
2026-01-30 02:00,-9.3,46.7,100.0,25.3,92.85,18.75,180.0,95.0,0.0,0.0
2026-01-30 03:00,-13.5,46.3,13.21,30.1,102.07,2.48,180.0,95.0,0.0,0.0
2026-01-30 04:00,-8.5,38.0,18.23,38.5,96.88,3.42,92.16,94.6,0.0,0.0
2026-01-30 05:00,-6.9,41.8,100.0,33.6,89.95,18.75,135.0,95.0,0.0,0.0
2026-01-30 06:00,-14.4,44.5,100.0,29.7,110.24,18.75,172.4,95.0,0.0,0.0
2026-01-30 07:00,-14.8,35.7,268.23,27.6,109.9,50.29,71.26,95.0,0.0,0.0
2026-01-30 08:00,-15.0,40.5,425.0,92.9,161.67,79.69,119.12,95.0,0.0,0.0
2026-01-30 09:00,-13.4,36.1,559.62,72.8,136.39,104.93,74.64,95.0,0.0,0.0
2026-01-30 10:00,-15.4,41.9,662.92,70.2,148.58,124.3,136.28,95.0,0.0,0.0
2026-01-30 11:00,-11.1,36.0,727.85,91.7,143.6,136.47,73.79,95.0,0.0,0.0
2026-01-30 12:00,-11.2,36.3,750.0,67.7,137.09,140.62,76.37,95.0,0.0,0.0
2026-01-30 13:00,-8.8,40.0,727.85,69.3,118.18,136.47,113.35,95.0,0.0,0.0
2026-01-30 14:00,-4.3,54.4,221.87,88.8,122.58,41.6,180.0,95.0,0.0,0.0
2026-01-30 15:00,-8.3,38.8,559.62,65.0,114.9,104.93,100.29,95.0,0.0,0.0
2026-01-30 16:00,-6.8,44.2,425.0,82.8,118.31,79.69,167.94,95.0,0.0,0.0
2026-01-30 17:00,-10.9,45.0,268.23,81.7,139.85,50.29,180.0,95.0,0.0,0.0
2026-01-30 18:00,-10.1,40.5,100.0,86.9,137.64,18.75,119.12,95.0,0.0,0.0
2026-01-30 19:00,-11.5,36.5,19.46,81.2,133.67,3.65,78.13,80.9,0.0,0.0
2026-01-30 20:00,-5.7,37.2,86.61,36.0,95.3,16.24,84.48,82.1,0.0,0.0
2026-01-30 21:00,-12.3,38.8,100.0,26.9,104.55,18.75,100.29,85.5,0.0,0.0
2026-01-30 22:00,-7.9,42.8,100.0,42.5,97.25,18.75,148.15,95.0,0.0,0.0
2026-01-30 23:00,-9.9,39.7,56.62,33.1,99.56,10.62,109.99,95.0,0.0,0.0
2026-01-31 00:00,-12.2,38.0,100.0,37.6,110.79,18.75,92.16,95.0,0.0,0.0
2026-01-31 01:00,-4.2,46.6,100.0,40.1,87.89,18.75,180.0,95.0,0.0,0.0
2026-01-31 02:00,-7.8,38.7,50.0,25.5,88.84,9.38,99.25,95.0,0.0,0.0
2026-01-31 03:00,-4.4,52.3,100.0,28.9,72.62,18.75,180.0,95.0,0.0,0.0
2026-01-31 04:00,-3.6,43.5,100.0,26.7,72.46,18.75,157.83,95.0,0.0,0.0
2026-01-31 05:00,-11.2,43.6,100.0,29.7,93.5,18.75,159.25,95.0,0.0,0.0
2026-01-31 06:00,-6.3,39.8,100.0,31.2,82.48,18.75,111.1,95.0,0.0,0.0
2026-01-31 07:00,-7.6,41.1,268.23,37.8,93.97,50.29,126.28,95.0,0.0,0.0
2026-01-31 08:00,-10.7,44.1,425.0,75.8,126.41,79.69,166.47,95.0,0.0,0.0
2026-01-31 09:00,-13.5,49.3,65.33,86.1,146.15,12.25,180.0,95.0,0.0,0.0
2026-01-31 10:00,-15.1,49.0,662.92,78.6,152.78,124.3,180.0,95.0,0.0,0.0
2026-01-31 11:00,-11.1,65.7,727.85,76.3,127.83,136.47,180.0,95.0,0.0,0.0
2026-01-31 12:00,-11.0,39.3,750.0,84.7,129.21,140.62,105.6,95.0,0.0,0.0
2026-01-31 13:00,-14.1,39.0,335.82,91.5,146.0,62.97,102.39,95.0,0.0,0.0
2026-01-31 14:00,-5.2,42.7,662.92,84.4,114.47,124.3,146.8,95.0,0.0,0.0
2026-01-31 15:00,-8.2,39.4,559.62,79.3,125.24,104.93,106.69,95.0,0.0,0.0
2026-01-31 16:00,-14.1,41.5,425.0,68.8,141.68,79.69,131.22,95.0,0.0,0.0
2026-01-31 17:00,-6.7,40.2,268.23,66.8,107.63,50.29,115.63,95.0,0.0,0.0
2026-01-31 18:00,-4.8,45.2,100.0,75.4,112.57,18.75,180.0,95.0,0.0,0.0
2026-01-31 19:00,-7.2,57.5,53.22,76.9,116.55,9.98,180.0,95.0,0.0,0.0
2026-01-31 20:00,-7.7,43.0,100.0,36.9,91.01,18.75,150.87,95.0,0.0,0.0
2026-01-31 21:00,-4.0,39.2,100.0,34.5,82.14,18.75,104.52,95.0,0.0,0.0
2026-01-31 22:00,-6.4,41.2,100.0,43.8,94.61,18.75,127.51,95.0,0.0,0.0
2026-01-31 23:00,-6.6,39.0,100.0,33.1,81.69,18.75,102.39,95.0,0.0,0.0
2026-02-01 00:00,-6.7,47.7,100.0,34.6,86.89,18.75,180.0,95.0,0.0,0.0
2026-02-01 01:00,-11.4,43.4,86.04,37.9,102.29,16.13,156.43,95.0,0.0,0.0
2026-02-01 02:00,-9.6,57.5,100.0,32.7,91.89,18.75,180.0,95.0,0.0,0.0
2026-02-01 03:00,-12.5,52.6,100.0,41.5,109.82,18.75,180.0,95.0,0.0,0.0
2026-02-01 04:00,-7.8,45.4,100.0,41.5,92.85,18.75,180.0,95.0,0.0,0.0
2026-02-01 05:00,-10.4,43.3,100.0,44.2,110.81,18.75,155.02,95.0,0.0,0.0
2026-02-01 06:00,-16.2,46.9,100.0,36.4,120.16,18.75,180.0,95.0,0.0,0.0
2026-02-01 07:00,-12.0,50.7,268.23,35.5,101.57,50.29,180.0,95.0,0.0,0.0
2026-02-01 08:00,-14.3,43.8,425.0,69.9,138.12,79.69,162.11,95.0,0.0,0.0
2026-02-01 09:00,-13.8,39.6,559.62,76.9,135.81,104.93,108.88,95.0,0.0,0.0
2026-02-01 10:00,-19.3,53.9,662.92,69.4,151.46,124.3,180.0,95.0,0.0,0.0
2026-02-01 11:00,-6.7,56.1,727.85,81.7,129.3,136.47,180.0,95.0,0.0,0.0
2026-02-01 12:00,-10.7,47.7,104.22,66.4,117.69,19.54,180.0,95.0,0.0,0.0
2026-02-01 13:00,-12.0,40.9,563.16,68.8,128.13,105.59,123.86,95.0,0.0,0.0
2026-02-01 14:00,-14.9,43.0,662.92,94.7,158.18,124.3,150.87,95.0,0.0,0.0
2026-02-01 15:00,-6.4,40.1,559.62,65.1,99.88,104.93,114.49,95.0,0.0,0.0
2026-02-01 16:00,-12.1,44.9,425.0,77.5,142.93,79.69,178.46,95.0,0.0,0.0
2026-02-01 17:00,-11.3,40.4,268.23,93.7,143.37,50.29,117.95,95.0,0.0,0.0
2026-02-01 18:00,-10.6,43.6,100.0,72.1,131.53,18.75,159.25,95.0,0.0,0.0
2026-02-01 19:00,-6.1,48.7,100.0,81.4,117.43,18.75,180.0,95.0,0.0,0.0
2026-02-01 20:00,-10.2,51.9,100.0,44.9,100.07,18.75,180.0,95.0,0.0,0.0
2026-02-01 21:00,-7.4,41.7,100.0,33.0,87.63,18.75,133.74,95.0,0.0,0.0
2026-02-01 22:00,-9.6,50.2,100.0,33.4,99.08,18.75,180.0,95.0,0.0,0.0
2026-02-01 23:00,-6.9,55.9,100.0,26.2,82.63,18.75,180.0,95.0,0.0,0.0
2026-02-02 00:00,-9.5,46.1,100.0,33.1,89.95,18.75,180.0,95.0,0.0,0.0
2026-02-02 01:00,-12.2,40.9,100.0,28.2,105.71,18.75,123.86,95.0,0.0,0.0
2026-02-02 02:00,-11.7,48.7,80.37,34.7,97.77,15.07,180.0,95.0,0.0,0.0
2026-02-02 03:00,-7.2,46.7,100.0,28.2,76.26,18.75,180.0,95.0,0.0,0.0
2026-02-02 04:00,-5.0,41.8,100.0,39.8,91.23,18.75,135.0,95.0,0.0,0.0
2026-02-02 05:00,-8.2,46.5,100.0,30.2,85.39,18.75,180.0,95.0,0.0,0.0
2026-02-02 06:00,-8.0,50.5,100.0,37.2,93.75,18.75,180.0,95.0,0.0,0.0
2026-02-02 07:00,-13.6,44.3,268.23,37.0,107.82,50.29,169.41,95.0,0.0,0.0
2026-02-02 08:00,-18.0,50.5,425.0,65.7,145.75,79.69,180.0,95.0,0.0,0.0
2026-02-02 09:00,-15.1,47.8,559.62,81.5,148.2,104.93,180.0,95.0,0.0,0.0
2026-02-02 10:00,-9.3,41.7,662.92,65.7,118.24,124.3,133.74,95.0,0.0,0.0
2026-02-02 11:00,-11.1,53.3,408.83,77.9,136.56,76.66,180.0,95.0,0.0,0.0
2026-02-02 12:00,-15.1,42.5,622.82,71.0,141.72,116.78,144.12,95.0,0.0,0.0
2026-02-02 13:00,-9.1,47.1,727.85,77.8,119.13,136.47,180.0,95.0,0.0,0.0
2026-02-02 14:00,-9.8,41.9,662.92,73.5,120.31,124.3,136.28,95.0,0.0,0.0
2026-02-02 15:00,-5.3,52.8,559.62,93.0,130.44,104.93,180.0,95.0,0.0,0.0
2026-02-02 16:00,-1.8,48.7,425.0,85.4,113.13,79.69,180.0,95.0,0.0,0.0
2026-02-02 17:00,-11.2,56.9,240.75,66.5,128.74,45.14,180.0,95.0,0.0,0.0
2026-02-02 18:00,-8.7,42.0,100.0,69.1,120.47,18.75,137.57,95.0,0.0,0.0
2026-02-02 19:00,-11.0,51.3,50.0,87.8,143.09,9.38,180.0,95.0,0.0,0.0
2026-02-02 20:00,-11.5,70.0,100.0,37.9,102.56,18.75,180.0,95.0,0.0,0.0
2026-02-02 21:00,-5.5,49.4,34.27,44.3,92.76,6.43,180.0,95.0,0.0,0.0
2026-02-02 22:00,-6.7,50.4,100.0,36.5,84.53,18.75,180.0,95.0,0.0,0.0
2026-02-02 23:00,-14.2,44.4,100.0,37.9,113.05,18.75,170.9,95.0,0.0,0.0
2026-02-03 00:00,-13.4,41.7,28.58,40.7,109.87,5.36,133.74,95.0,0.0,0.0
2026-02-03 01:00,-8.1,54.9,39.62,28.7,87.51,7.43,180.0,95.0,0.0,0.0
2026-02-03 02:00,-11.5,45.3,40.13,27.2,95.47,7.52,180.0,95.0,0.0,0.0
2026-02-03 03:00,-7.7,56.6,100.0,31.0,84.54,18.75,180.0,95.0,0.0,0.0
2026-02-03 04:00,-12.9,49.3,78.58,43.9,114.9,14.73,180.0,95.0,0.0,0.0
2026-02-03 05:00,-11.7,48.2,100.0,35.2,94.49,18.75,180.0,95.0,0.0,0.0
2026-02-03 06:00,-9.2,55.7,100.0,27.7,86.75,18.75,180.0,95.0,0.0,0.0
2026-02-03 07:00,-8.8,53.2,97.38,43.9,103.19,18.26,180.0,95.0,0.0,0.0
2026-02-03 08:00,-9.4,48.9,425.0,72.6,127.02,79.69,180.0,95.0,0.0,0.0
2026-02-03 09:00,-12.2,45.0,131.56,90.5,145.31,24.67,180.0,95.0,0.0,0.0
2026-02-03 10:00,-11.1,46.2,662.92,70.7,126.21,124.3,180.0,95.0,0.0,0.0
2026-02-03 11:00,-14.3,53.9,370.4,89.9,161.36,69.45,180.0,95.0,0.0,0.0
2026-02-03 12:00,-9.8,49.3,138.24,75.9,131.03,25.92,180.0,95.0,0.0,0.0
2026-02-03 13:00,-11.3,57.1,495.16,66.4,121.25,92.84,180.0,95.0,0.0,0.0
2026-02-03 14:00,-14.2,42.0,426.47,93.3,157.59,79.96,137.57,95.0,0.0,0.0
2026-02-03 15:00,-10.9,40.9,559.62,65.3,128.26,104.93,123.86,95.0,0.0,0.0
2026-02-03 16:00,-8.9,43.2,425.0,75.3,124.84,79.69,153.63,95.0,0.0,0.0
2026-02-03 17:00,-5.2,45.2,268.23,80.2,115.16,50.29,180.0,95.0,0.0,0.0
2026-02-03 18:00,-7.2,46.8,100.0,77.5,117.92,18.75,180.0,95.0,0.0,0.0
2026-02-03 19:00,-9.5,53.2,100.0,84.5,135.11,18.75,180.0,95.0,0.0,0.0
2026-02-03 20:00,-12.5,50.6,100.0,35.3,104.33,18.75,180.0,95.0,0.0,0.0
2026-02-03 21:00,-5.2,42.8,100.0,26.1,74.73,18.75,148.15,95.0,0.0,0.0
2026-02-03 22:00,-12.1,39.4,100.0,43.3,108.56,18.75,106.69,95.0,0.0,0.0
2026-02-03 23:00,-7.8,60.5,69.38,33.6,88.01,13.01,180.0,95.0,0.0,0.0
2026-02-04 00:00,-15.3,43.1,100.0,37.4,116.72,18.75,152.25,95.0,0.0,0.0
2026-02-04 01:00,-5.6,42.6,18.85,33.9,80.55,3.53,145.45,95.0,0.0,0.0
2026-02-04 02:00,-6.6,55.3,100.0,25.2,79.13,18.75,180.0,95.0,0.0,0.0
2026-02-04 03:00,-10.7,73.8,46.86,40.1,104.5,8.79,180.0,95.0,0.0,0.0
2026-02-04 04:00,-10.6,54.7,100.0,26.9,93.17,18.75,180.0,95.0,0.0,0.0
2026-02-04 05:00,-9.8,42.4,37.65,41.6,99.35,7.06,142.79,95.0,0.0,0.0
2026-02-04 06:00,-15.4,41.1,100.0,26.4,104.92,18.75,126.28,95.0,0.0,0.0
2026-02-04 07:00,-17.7,43.3,268.23,32.5,121.9,50.29,155.02,95.0,0.0,0.0
2026-02-04 08:00,-18.7,39.8,350.3,93.6,168.7,65.68,111.1,95.0,0.0,0.0
2026-02-04 09:00,-15.6,41.9,559.62,69.9,137.11,104.93,136.28,95.0,0.0,0.0
2026-02-04 10:00,-14.8,39.4,131.26,92.3,156.86,24.61,106.69,88.1,0.0,0.0
2026-02-04 11:00,-11.2,39.4,727.85,93.7,150.33,136.47,106.69,95.0,0.0,0.0
2026-02-04 12:00,-11.9,54.0,750.0,65.4,127.01,140.62,180.0,95.0,0.0,0.0
2026-02-04 13:00,-11.1,41.3,727.85,73.7,130.64,136.47,128.74,95.0,0.0,0.0
2026-02-04 14:00,-7.2,39.9,662.92,85.7,117.38,124.3,112.22,95.0,0.0,0.0
2026-02-04 15:00,-9.2,51.2,559.62,87.2,125.97,104.93,180.0,95.0,0.0,0.0
2026-02-04 16:00,-8.3,39.1,425.0,76.3,118.0,79.69,103.45,95.0,0.0,0.0
2026-02-04 17:00,-9.4,39.9,268.23,76.8,126.19,50.29,112.22,95.0,0.0,0.0
2026-02-04 18:00,-9.0,70.1,21.3,76.4,126.18,3.99,180.0,95.0,0.0,0.0
2026-02-04 19:00,-11.1,39.5,37.41,93.1,146.3,7.01,107.78,86.4,0.0,0.0
2026-02-04 20:00,-4.0,38.7,81.0,31.7,80.7,15.19,99.25,94.2,0.0,0.0
2026-02-04 21:00,-11.8,39.3,100.0,36.9,109.72,18.75,105.6,95.0,0.0,0.0
2026-02-04 22:00,-8.7,40.1,40.57,31.0,88.74,7.61,114.49,95.0,0.0,0.0
2026-02-04 23:00,-3.4,41.5,100.0,41.5,89.44,18.75,131.22,95.0,0.0,0.0
2026-02-05 00:00,-4.5,39.4,100.0,27.2,74.82,18.75,106.69,95.0,0.0,0.0
2026-02-05 01:00,-12.7,38.2,37.43,37.2,112.13,7.02,94.15,92.0,0.0,0.0
2026-02-05 02:00,-12.2,38.9,100.0,31.0,100.51,18.75,101.34,95.0,0.0,0.0
2026-02-05 03:00,-13.8,40.5,100.0,43.5,115.6,18.75,119.12,95.0,0.0,0.0
2026-02-05 04:00,-10.3,54.8,100.0,36.1,105.65,18.75,180.0,95.0,0.0,0.0
2026-02-05 05:00,-13.2,57.3,100.0,31.6,103.22,18.75,180.0,95.0,0.0,0.0
2026-02-05 06:00,-14.4,61.6,100.0,39.8,119.7,18.75,180.0,95.0,0.0,0.0
2026-02-05 07:00,-13.1,39.3,268.23,39.9,104.17,50.29,105.6,95.0,0.0,0.0
2026-02-05 08:00,-11.6,41.9,186.58,79.7,135.49,34.98,136.28,95.0,0.0,0.0
2026-02-05 09:00,-12.0,48.6,559.62,89.4,147.85,104.93,180.0,95.0,0.0,0.0
2026-02-05 10:00,-8.7,40.6,662.92,88.8,132.56,124.3,120.29,95.0,0.0,0.0
2026-02-05 11:00,-9.4,51.8,435.67,76.9,129.24,81.69,180.0,95.0,0.0,0.0
2026-02-05 12:00,-6.2,41.6,750.0,87.5,120.69,140.62,132.47,95.0,0.0,0.0
2026-02-05 13:00,-14.1,47.8,727.85,81.4,147.12,136.47,180.0,95.0,0.0,0.0
2026-02-05 14:00,-7.0,41.9,662.92,71.5,111.65,124.3,136.28,95.0,0.0,0.0
2026-02-05 15:00,-9.6,41.7,376.12,91.9,140.84,70.52,133.74,95.0,0.0,0.0
2026-02-05 16:00,-11.8,41.1,425.0,68.7,131.68,79.69,126.28,95.0,0.0,0.0
2026-02-05 17:00,-5.4,42.7,268.23,69.6,110.33,50.29,146.8,95.0,0.0,0.0
2026-02-05 18:00,-5.2,65.9,58.02,82.2,120.33,10.88,180.0,95.0,0.0,0.0
2026-02-05 19:00,-9.3,54.3,100.0,68.6,121.0,18.75,180.0,95.0,0.0,0.0
2026-02-05 20:00,-6.4,40.0,100.0,34.5,90.28,18.75,113.35,95.0,0.0,0.0
2026-02-05 21:00,-6.0,37.5,37.2,33.6,85.11,6.98,87.31,95.0,0.0,0.0
2026-02-05 22:00,-6.9,43.9,100.0,28.9,90.11,18.75,163.56,95.0,0.0,0.0
2026-02-05 23:00,-8.5,42.3,100.0,42.2,96.89,18.75,141.47,95.0,0.0,0.0
2026-02-06 00:00,-7.0,45.8,100.0,43.6,93.76,18.75,180.0,95.0,0.0,0.0
2026-02-06 01:00,-11.2,38.4,100.0,35.6,102.99,18.75,96.17,95.0,0.0,0.0
2026-02-06 02:00,-13.5,39.2,100.0,37.3,111.56,18.75,104.52,95.0,0.0,0.0
2026-02-06 03:00,-10.4,42.4,68.21,28.8,94.38,12.79,142.79,95.0,0.0,0.0
2026-02-06 04:00,-7.2,40.6,100.0,35.6,95.3,18.75,120.29,95.0,0.0,0.0
2026-02-06 05:00,-16.0,48.1,100.0,28.7,112.09,18.75,180.0,95.0,0.0,0.0
2026-02-06 06:00,-6.4,39.6,100.0,30.5,79.26,18.75,108.88,95.0,0.0,0.0
2026-02-06 07:00,-10.8,55.3,268.23,35.0,99.03,50.29,180.0,95.0,0.0,0.0
2026-02-06 08:00,-18.7,55.0,425.0,65.4,146.61,79.69,180.0,95.0,0.0,0.0
2026-02-06 09:00,-12.7,35.3,559.62,94.2,157.11,104.93,67.99,95.0,0.0,0.0
2026-02-06 10:00,-16.3,39.8,662.92,77.9,151.96,124.3,111.1,95.0,0.0,0.0
2026-02-06 11:00,-13.9,40.0,727.85,88.1,147.12,136.47,113.35,95.0,0.0,0.0
2026-02-06 12:00,-14.2,34.6,750.0,66.6,135.18,140.62,62.5,95.0,0.0,0.0
2026-02-06 13:00,-10.9,49.0,141.48,72.9,126.24,26.53,180.0,95.0,0.0,0.0
2026-02-06 14:00,-10.2,40.9,662.92,82.1,131.01,124.3,123.86,95.0,0.0,0.0
2026-02-06 15:00,-11.4,37.6,559.62,68.0,125.21,104.93,88.27,95.0,0.0,0.0
2026-02-06 16:00,-4.0,36.5,371.03,83.9,121.13,69.57,78.13,95.0,0.0,0.0
2026-02-06 17:00,-3.4,36.3,268.23,74.5,110.42,50.29,76.37,95.0,0.0,0.0
2026-02-06 18:00,-5.2,41.1,14.5,81.4,116.57,2.72,126.28,95.0,0.0,0.0
2026-02-06 19:00,-4.8,40.0,100.0,80.4,113.64,18.75,113.35,95.0,0.0,0.0
2026-02-06 20:00,-3.4,33.9,100.0,38.7,77.49,18.75,57.31,94.6,0.0,0.0
2026-02-06 21:00,-6.9,44.8,56.05,33.1,81.86,10.51,176.93,95.0,0.0,0.0
2026-02-06 22:00,-7.1,34.2,61.89,31.2,88.36,11.6,59.5,90.3,0.0,0.0
2026-02-06 23:00,-7.7,41.9,100.0,31.0,88.08,18.75,136.28,95.0,0.0,0.0
2026-02-07 00:00,-9.2,34.8,100.0,37.3,102.89,18.75,64.04,89.5,0.0,0.0
2026-02-07 01:00,-10.4,33.9,100.0,44.7,97.78,18.75,57.31,83.6,0.0,0.0
2026-02-07 02:00,-10.9,44.2,100.0,33.5,97.56,18.75,167.94,95.0,0.0,0.0
2026-02-07 03:00,-6.7,49.7,100.0,26.7,79.57,18.75,180.0,95.0,0.0,0.0
2026-02-07 04:00,-11.9,46.4,100.0,27.7,100.9,18.75,180.0,95.0,0.0,0.0
2026-02-07 05:00,-11.3,35.7,70.11,43.8,109.68,13.15,71.26,88.1,0.0,0.0
2026-02-07 06:00,-8.5,43.6,100.0,43.6,94.77,18.75,159.25,95.0,0.0,0.0
2026-02-07 07:00,-10.5,32.4,268.23,32.7,100.37,50.29,47.19,94.2,0.0,0.0
2026-02-07 08:00,-8.4,61.8,425.0,76.3,126.65,79.69,180.0,95.0,0.0,0.0
2026-02-07 09:00,-13.0,55.2,250.5,71.6,135.23,46.97,180.0,95.0,0.0,0.0
2026-02-07 10:00,-13.9,39.0,662.92,78.3,147.88,124.3,102.39,95.0,0.0,0.0
2026-02-07 11:00,-12.2,36.5,205.74,70.0,129.26,38.58,78.13,91.6,0.0,0.0
2026-02-07 12:00,-13.1,38.2,750.0,91.5,149.0,140.62,94.15,95.0,0.0,0.0
2026-02-07 13:00,-5.6,35.4,727.85,86.0,125.42,136.47,68.8,95.0,0.0,0.0
2026-02-07 14:00,-10.7,40.3,662.92,84.8,136.85,124.3,116.79,95.0,0.0,0.0
2026-02-07 15:00,-8.9,35.1,559.62,80.1,127.39,104.93,66.39,95.0,0.0,0.0
2026-02-07 16:00,-4.7,46.6,286.37,78.7,115.5,53.69,180.0,95.0,0.0,0.0
2026-02-07 17:00,-7.1,40.0,268.23,67.5,111.97,50.29,113.35,95.0,0.0,0.0
2026-02-07 18:00,-7.6,34.7,48.44,91.3,128.81,9.08,63.26,79.7,0.0,0.0
2026-02-07 19:00,-6.9,30.7,100.0,94.2,136.78,18.75,37.24,57.7,0.0,0.0
2026-02-07 20:00,-8.3,45.7,100.0,31.1,81.54,18.75,180.0,76.1,0.0,0.0
2026-02-07 21:00,-8.8,42.0,100.0,34.4,90.08,18.75,137.57,91.3,0.0,0.0
2026-02-07 22:00,-9.3,52.3,100.0,31.9,88.82,18.75,180.0,95.0,0.0,0.0
2026-02-07 23:00,-2.8,62.6,48.82,26.0,73.13,9.15,180.0,95.0,0.0,0.0
2026-02-08 00:00,-11.7,31.1,100.0,25.8,99.72,18.75,39.44,83.7,0.0,0.0
2026-02-08 01:00,-10.8,34.4,100.0,37.1,102.82,18.75,60.99,77.4,0.0,0.0
2026-02-08 02:00,-10.5,35.3,100.0,34.5,102.22,18.75,67.99,73.2,0.0,0.0
2026-02-08 03:00,-7.4,50.0,100.0,44.2,89.57,18.75,180.0,91.6,0.0,0.0
2026-02-08 04:00,-16.5,54.5,100.0,27.9,111.24,18.75,180.0,95.0,0.0,0.0
2026-02-08 05:00,-14.7,32.9,100.0,45.0,115.91,18.75,50.42,82.3,0.0,0.0
2026-02-08 06:00,-14.5,30.0,100.0,33.8,111.35,18.75,33.59,66.3,0.0,0.0
2026-02-08 07:00,-15.0,29.2,268.23,31.1,105.82,50.29,29.71,59.2,0.0,0.0
2026-02-08 08:00,-10.1,47.6,363.7,65.2,112.78,68.19,180.0,77.6,0.0,0.0
2026-02-08 09:00,-12.3,28.3,480.54,72.7,135.12,90.1,25.73,72.4,0.0,0.0
2026-02-08 10:00,-8.9,71.1,662.92,73.6,126.29,124.3,180.0,90.8,0.0,0.0
2026-02-08 11:00,-18.9,29.4,727.85,94.3,173.58,136.47,30.65,89.1,0.0,0.0
2026-02-08 12:00,-15.4,34.0,374.0,85.8,154.71,70.12,58.04,81.8,0.0,0.0
2026-02-08 13:00,-6.8,29.1,727.85,76.5,115.7,136.47,29.25,93.3,0.0,0.0
2026-02-08 14:00,-5.7,32.8,662.92,88.8,122.45,124.3,49.76,95.0,0.0,0.0
2026-02-08 15:00,-6.1,29.5,559.62,71.7,110.11,104.93,31.13,95.0,0.0,0.0
2026-02-08 16:00,-8.3,31.9,425.0,94.0,144.84,79.69,44.1,89.3,0.0,0.0
2026-02-08 17:00,-5.1,34.0,268.23,86.5,120.99,50.29,58.04,85.8,0.0,0.0
2026-02-08 18:00,-8.1,30.9,100.0,91.0,129.62,18.75,38.33,66.1,0.0,0.0
2026-02-08 19:00,-9.8,44.8,100.0,94.0,135.87,18.75,176.93,79.9,0.0,0.0
2026-02-08 20:00,-6.6,35.9,100.0,30.5,75.01,18.75,72.94,83.7,0.0,0.0
2026-02-08 21:00,-8.0,29.9,14.13,31.3,85.98,2.65,33.08,70.1,0.0,0.0
2026-02-08 22:00,-10.9,29.2,100.0,44.5,104.91,18.75,29.71,54.7,0.0,0.0
2026-02-08 23:00,-2.0,58.9,100.0,29.8,71.3,18.75,180.0,73.1,0.0,0.0
2026-02-09 00:00,-6.5,26.7,100.0,38.5,94.79,18.75,19.55,57.8,0.0,0.0
2026-02-09 01:00,-4.8,27.7,100.0,41.8,88.77,18.75,23.28,45.1,0.0,0.0
2026-02-09 02:00,-10.4,27.6,100.0,27.7,97.88,18.75,22.89,29.8,0.0,0.0
2026-02-09 03:00,-12.3,33.3,15.81,35.9,100.8,2.96,53.11,20.0,5.56,5.42
2026-02-09 04:00,-14.2,27.3,100.0,33.2,106.17,18.75,21.74,20.0,65.68,20.75
2026-02-09 05:00,-15.7,55.2,27.4,44.1,115.92,5.14,180.0,35.9,0.0,0.0
2026-02-09 06:00,-12.8,27.6,29.33,35.1,104.43,5.5,22.89,20.0,12.36,7.15
2026-02-09 07:00,-13.6,34.2,211.01,31.3,110.02,39.56,59.5,20.0,10.96,6.79
2026-02-09 08:00,-17.7,34.2,425.0,88.0,157.98,79.69,59.5,20.0,18.79,8.79
2026-02-09 09:00,-14.2,29.4,559.62,86.8,153.14,104.93,30.65,20.0,17.56,8.48
2026-02-09 10:00,-8.9,44.2,662.92,69.7,126.17,124.3,167.94,38.4,0.0,0.0
2026-02-09 11:00,-12.4,27.6,403.68,82.4,133.41,75.69,22.89,28.9,0.0,0.0
2026-02-09 12:00,-10.3,24.6,416.58,72.0,135.07,78.11,13.07,20.0,8.15,6.08
2026-02-09 13:00,-13.5,29.6,727.85,74.7,135.98,136.47,31.61,27.4,0.0,0.0
2026-02-09 14:00,-13.3,44.9,662.92,91.0,149.38,124.3,178.46,45.8,0.0,0.0
2026-02-09 15:00,-7.4,35.4,103.51,68.4,116.31,19.41,68.8,38.1,0.0,0.0
2026-02-09 16:00,-7.9,31.9,425.0,78.8,128.16,79.69,44.1,37.0,0.0,0.0
2026-02-09 17:00,-7.9,24.1,268.23,78.1,121.56,50.29,11.77,20.8,0.0,0.0
2026-02-09 18:00,-11.1,32.7,100.0,88.9,141.74,18.75,49.11,20.0,70.72,22.03
2026-02-09 19:00,-7.3,28.2,100.0,68.2,117.73,18.75,25.31,20.0,73.67,22.79
2026-02-09 20:00,-7.0,30.8,100.0,26.5,81.98,18.75,37.78,20.0,25.45,10.49
2026-02-09 21:00,-8.8,26.7,100.0,43.9,97.62,18.75,19.55,20.0,59.32,19.13
2026-02-09 22:00,-6.3,23.6,100.0,39.7,92.21,18.75,10.56,20.0,62.9,20.04
2026-02-09 23:00,-12.4,71.0,100.0,30.3,106.29,18.75,180.0,38.4,0.0,0.0
2026-02-10 00:00,-5.5,36.9,100.0,44.5,93.75,18.75,81.72,39.9,0.0,0.0
2026-02-10 01:00,-7.9,30.6,15.22,27.6,89.27,2.85,36.7,26.4,0.0,0.0
2026-02-10 02:00,-11.6,25.7,100.0,41.5,106.96,18.75,16.25,20.0,46.22,15.79
2026-02-10 03:00,-11.0,27.0,46.75,43.6,104.36,8.77,20.63,20.0,74.96,23.11
2026-02-10 04:00,-10.5,22.3,100.0,44.5,98.18,18.75,7.81,20.0,71.62,22.26
2026-02-10 05:00,-18.3,30.8,100.0,38.2,124.87,18.75,37.78,20.0,68.34,21.43
2026-02-10 06:00,-14.4,30.0,31.45,25.8,102.93,5.9,33.59,20.0,63.44,20.18
2026-02-10 07:00,-17.8,22.0,268.23,38.4,115.84,50.29,7.25,20.0,58.3,18.87
2026-02-10 08:00,-9.0,38.0,125.68,72.3,120.93,23.56,92.16,20.0,5.21,5.33
2026-02-10 09:00,-13.1,24.4,559.62,81.4,146.69,104.93,12.54,20.0,29.22,11.45
2026-02-10 10:00,-10.7,22.6,662.92,70.6,132.18,124.3,8.4,20.1,0.0,0.0
2026-02-10 11:00,-11.4,35.5,727.85,65.5,122.1,136.47,69.61,38.5,0.0,0.0
2026-02-10 12:00,-7.4,23.8,750.0,75.5,120.46,140.62,11.03,45.7,0.0,0.0
2026-02-10 13:00,-8.4,27.4,727.85,87.3,136.95,136.47,22.12,50.7,0.0,0.0
2026-02-10 14:00,-11.7,21.4,662.92,68.9,123.49,124.3,6.22,52.3,0.0,0.0
2026-02-10 15:00,-12.8,21.1,559.62,89.4,148.87,104.93,5.74,41.9,0.0,0.0
2026-02-10 16:00,-4.9,29.8,425.0,90.0,124.68,79.69,32.59,38.5,0.0,0.0
2026-02-10 17:00,-6.3,22.6,268.23,84.2,124.11,50.29,8.4,20.8,0.0,0.0
2026-02-10 18:00,-11.4,29.7,100.0,70.3,129.35,18.75,32.1,20.0,75.46,23.24
2026-02-10 19:00,-5.0,21.5,100.0,69.3,106.93,18.75,6.39,20.0,81.79,24.86
2026-02-10 20:00,-11.2,20.9,50.05,38.7,106.57,9.38,5.44,20.0,91.75,27.4
2026-02-10 21:00,-10.0,24.1,100.0,33.1,100.13,18.75,11.77,20.0,69.61,21.75
2026-02-10 22:00,-10.7,25.9,33.38,30.0,90.33,6.26,16.88,20.0,67.19,21.13
2026-02-10 23:00,-6.2,20.6,31.25,44.4,93.2,5.86,5.0,20.0,82.34,25.0
2026-02-11 00:00,-8.3,21.8,100.0,28.8,88.68,18.75,6.9,20.0,63.03,20.07
2026-02-11 01:00,-9.9,31.5,100.0,27.8,87.88,18.75,41.72,20.0,27.41,10.99
2026-02-11 02:00,-13.4,19.5,100.0,28.3,105.27,18.75,3.6,20.0,82.92,25.14
2026-02-11 03:00,-6.6,24.7,75.72,38.5,83.95,14.2,13.34,20.0,56.41,18.38
2026-02-11 04:00,-15.4,18.7,100.0,34.1,116.91,18.75,2.76,20.0,95.4,28.33
2026-02-11 05:00,-10.3,27.2,55.56,44.6,101.9,10.42,21.36,20.0,70.12,21.88
2026-02-11 06:00,-9.9,19.0,64.93,40.6,98.58,12.17,3.06,20.0,83.35,25.25
2026-02-11 07:00,-15.5,22.6,108.97,31.2,119.78,20.43,8.4,20.0,90.95,27.19
2026-02-11 08:00,-11.4,20.2,360.8,67.0,128.07,67.65,4.46,20.0,55.96,18.27
2026-02-11 09:00,-11.7,28.0,559.62,72.7,133.85,104.93,24.48,20.0,4.44,5.13
2026-02-11 10:00,-7.8,18.9,81.21,89.7,125.53,15.23,2.96,20.0,107.34,31.37
2026-02-11 11:00,-15.0,24.7,727.85,68.2,145.03,136.47,13.34,21.1,0.0,0.0
2026-02-11 12:00,-12.0,31.1,750.0,95.0,150.39,140.62,39.44,27.9,0.0,0.0
2026-02-11 13:00,-8.1,44.1,727.85,92.5,129.38,136.47,166.47,46.3,0.0,0.0
2026-02-11 14:00,-11.2,47.4,662.92,93.9,146.54,124.3,180.0,64.7,0.0,0.0
2026-02-11 15:00,-11.1,19.5,559.62,89.5,140.45,104.93,3.6,56.0,0.0,0.0
2026-02-11 16:00,-9.5,48.7,425.0,83.9,129.67,79.69,180.0,74.4,0.0,0.0
2026-02-11 17:00,-9.9,17.3,268.23,66.7,124.03,50.29,1.63,54.9,0.0,0.0
2026-02-11 18:00,-5.7,22.1,100.0,90.3,125.51,18.75,7.44,27.9,0.0,0.0
2026-02-11 19:00,-4.5,18.0,100.0,75.8,115.53,18.75,2.15,20.0,63.17,20.11
2026-02-11 20:00,-8.1,22.5,100.0,44.9,96.15,18.75,8.2,20.0,69.2,21.65
2026-02-11 21:00,-8.4,29.0,100.0,36.9,98.72,18.75,28.8,20.0,51.17,17.05
2026-02-11 22:00,-2.9,20.4,42.88,27.9,81.17,8.04,4.72,20.0,68.41,21.44
2026-02-11 23:00,-10.4,26.6,100.0,31.4,93.15,18.75,19.2,20.0,55.2,18.08
2026-02-12 00:00,-4.4,17.1,100.0,25.2,71.85,18.75,1.5,20.0,51.6,17.16
2026-02-12 01:00,-12.9,21.6,100.0,25.1,108.2,18.75,6.55,20.0,82.9,25.14
2026-02-12 02:00,-11.4,26.2,100.0,29.7,104.66,18.75,17.85,20.0,68.06,21.36
2026-02-12 03:00,-12.6,23.4,57.07,41.6,107.59,10.7,10.1,20.0,86.79,26.13
2026-02-12 04:00,-9.4,24.2,100.0,34.0,93.0,18.75,12.02,20.0,62.23,19.87
2026-02-12 05:00,-10.2,18.8,100.0,44.9,100.43,18.75,2.86,20.0,78.82,24.1
2026-02-12 06:00,-3.9,35.1,100.0,41.0,83.38,18.75,66.39,20.4,0.0,0.0
2026-02-12 07:00,-10.5,20.5,268.23,28.8,100.67,50.29,4.86,20.0,43.9,15.19
2026-02-12 08:00,-11.7,18.2,425.0,93.6,145.95,79.69,2.31,20.0,63.95,20.31
2026-02-12 09:00,-10.3,15.9,559.62,76.3,137.8,104.93,0.86,20.0,32.01,12.16
2026-02-12 10:00,-14.9,26.8,662.92,71.6,148.81,124.3,19.91,20.0,4.6,5.17
2026-02-12 11:00,-9.6,24.5,727.85,77.6,127.29,136.47,12.8,25.1,0.0,0.0
2026-02-12 12:00,-15.0,21.6,750.0,68.3,142.06,140.62,6.55,26.2,0.0,0.0
2026-02-12 13:00,-14.4,24.5,174.56,88.3,154.23,32.73,12.8,20.0,83.78,25.36
2026-02-12 14:00,-7.4,14.9,662.92,74.9,119.86,124.3,0.49,21.1,0.0,0.0
2026-02-12 15:00,-6.7,16.1,559.62,72.2,119.11,104.93,0.95,20.0,8.69,6.22
2026-02-12 16:00,-13.1,14.2,425.0,91.4,147.54,79.69,0.31,20.0,67.54,21.22
2026-02-12 17:00,-5.4,15.2,100.12,69.8,110.74,18.77,0.59,20.0,91.38,27.3
2026-02-12 18:00,-7.5,16.8,59.3,76.1,118.2,11.12,1.32,20.0,105.76,30.97
2026-02-12 19:00,-5.9,18.0,74.87,88.2,123.52,14.04,2.15,20.0,107.33,31.37
2026-02-12 20:00,-6.0,15.5,100.0,41.1,91.22,18.75,0.7,20.0,71.77,22.3
2026-02-12 21:00,-7.2,20.4,33.13,37.9,85.75,6.21,4.72,20.0,74.82,23.08
2026-02-12 22:00,-5.7,22.3,100.0,41.5,88.81,18.75,7.81,20.0,62.25,19.87
2026-02-12 23:00,-14.3,18.9,100.0,26.4,113.01,18.75,2.96,20.0,91.3,27.28
2026-02-13 00:00,-4.0,18.6,100.0,28.0,76.08,18.75,2.67,20.0,54.66,17.94
2026-02-13 01:00,-8.9,20.8,100.0,28.1,88.08,18.75,5.29,20.0,64.04,20.33
2026-02-13 02:00,-9.4,15.4,51.47,41.1,97.3,9.65,0.66,20.0,86.99,26.18
2026-02-13 03:00,-19.9,24.2,88.32,27.6,123.89,16.56,12.02,20.0,95.31,28.3
2026-02-13 04:00,-13.9,17.3,100.0,42.1,115.45,18.75,1.63,20.0,95.07,28.24
2026-02-13 05:00,-12.5,29.5,17.94,27.6,98.07,3.36,31.13,20.0,63.58,20.21
2026-02-13 06:00,-16.7,25.2,18.09,29.7,119.84,3.39,14.74,20.0,101.71,29.94
2026-02-13 07:00,-10.1,29.2,268.23,27.5,88.08,50.29,29.71,20.0,8.08,6.06
2026-02-13 08:00,-13.1,14.0,244.32,86.0,141.3,45.81,0.27,20.0,95.22,28.28
2026-02-13 09:00,-8.3,34.5,103.33,80.4,125.97,19.37,61.74,20.0,44.86,15.44
2026-02-13 10:00,-8.9,17.9,350.39,79.2,125.57,65.7,2.07,20.0,57.8,18.74
2026-02-13 11:00,-10.9,16.5,727.85,75.0,131.3,136.47,1.15,21.5,0.0,0.0
2026-02-13 12:00,-15.8,24.9,750.0,79.6,150.93,140.62,13.89,22.3,0.0,0.0
2026-02-13 13:00,-11.4,36.0,727.85,74.2,129.53,136.47,73.79,40.7,0.0,0.0
2026-02-13 14:00,-15.7,12.4,662.92,74.7,143.72,124.3,0.06,35.4,0.0,0.0
2026-02-13 15:00,-15.5,16.8,559.62,94.0,162.06,104.93,1.32,20.3,0.0,0.0
2026-02-13 16:00,-11.3,16.8,425.0,87.8,137.77,79.69,1.32,20.0,55.76,18.22
2026-02-13 17:00,-4.0,15.2,268.23,81.9,114.75,50.29,0.59,20.0,63.87,20.29
2026-02-13 18:00,-8.9,28.4,100.0,75.6,125.84,18.75,26.15,20.0,80.94,24.64
2026-02-13 19:00,-7.7,12.4,35.54,70.9,111.5,6.66,0.06,20.0,104.78,30.72
2026-02-13 20:00,-5.5,18.0,88.12,30.4,78.6,16.52,2.15,20.0,59.93,19.28
2026-02-13 21:00,-8.7,12.6,62.71,25.1,86.25,11.76,0.07,20.0,74.42,22.98
2026-02-13 22:00,-7.7,14.4,74.18,28.0,90.6,13.91,0.36,20.0,76.33,23.46
2026-02-13 23:00,-4.2,17.7,100.0,26.5,72.26,18.75,1.92,20.0,51.59,17.16
2026-02-14 00:00,-9.3,33.0,100.0,37.7,93.51,18.75,51.08,20.0,23.68,10.04
2026-02-14 01:00,-11.8,28.0,47.31,40.7,106.14,8.87,24.48,20.0,72.79,22.56
2026-02-14 02:00,-17.9,19.1,100.0,43.9,139.4,18.75,3.16,20.0,117.49,33.96
2026-02-14 03:00,-12.6,11.7,100.0,28.7,101.07,18.75,0.02,20.0,82.3,24.99
2026-02-14 04:00,-8.6,12.3,100.0,41.7,101.59,18.75,0.05,20.0,82.79,25.11
2026-02-14 05:00,-14.9,14.8,100.0,30.1,105.94,18.75,0.46,20.0,86.73,26.12
2026-02-14 06:00,-11.6,11.5,100.0,27.8,96.82,18.75,0.01,20.0,78.06,23.91
2026-02-14 07:00,-14.0,25.5,268.23,35.2,110.8,50.29,15.63,20.0,44.88,15.44
2026-02-14 08:00,-16.2,12.7,425.0,74.6,147.72,79.69,0.08,20.0,67.95,21.33
2026-02-14 09:00,-13.4,39.0,559.62,65.7,130.2,104.93,102.39,37.7,0.0,0.0
2026-02-14 10:00,-14.4,12.1,484.21,85.9,147.85,90.79,0.04,22.2,0.0,0.0
2026-02-14 11:00,-14.3,13.0,727.85,90.3,154.39,136.47,0.11,20.0,8.84,6.25
2026-02-14 12:00,-10.6,14.9,750.0,92.6,140.68,140.62,0.49,20.1,0.0,0.0
2026-02-14 13:00,-13.1,14.8,727.85,66.5,125.92,136.47,0.46,22.6,0.0,0.0
2026-02-14 14:00,-10.8,14.1,662.92,88.2,135.84,124.3,0.29,20.0,0.73,4.19
2026-02-14 15:00,-13.5,11.9,124.64,89.0,143.15,23.37,0.03,20.0,119.75,34.54
2026-02-14 16:00,-11.2,18.5,107.23,68.6,125.19,20.11,2.58,20.0,102.5,30.14
2026-02-14 17:00,-4.2,29.9,194.35,81.6,108.76,36.44,33.08,20.0,39.24,14.01
2026-02-14 18:00,-4.6,18.8,100.0,84.5,116.87,18.75,2.86,20.0,95.26,28.29
2026-02-14 19:00,-2.6,21.8,81.52,83.2,118.62,15.28,6.9,20.0,96.44,28.59
2026-02-14 20:00,-5.5,11.1,100.0,34.3,85.85,18.75,0.01,20.0,67.09,21.11
2026-02-14 21:00,-4.3,18.1,100.0,38.3,74.96,18.75,2.23,20.0,53.98,17.76
2026-02-14 22:00,-7.8,42.2,27.24,26.9,89.05,5.11,140.16,32.9,0.0,0.0
2026-02-14 23:00,-12.4,31.4,100.0,26.3,103.54,18.75,41.14,21.1,0.0,0.0
2026-02-15 00:00,-3.5,12.6,100.0,32.3,83.39,18.75,0.07,20.0,60.29,19.37
2026-02-15 01:00,-8.6,21.7,25.6,39.3,101.01,4.8,6.72,20.0,89.49,26.82
2026-02-15 02:00,-6.8,14.8,100.0,44.3,94.78,18.75,0.46,20.0,75.57,23.27
2026-02-15 03:00,-11.6,34.4,100.0,31.4,95.55,18.75,60.99,20.0,15.81,8.03
2026-02-15 04:00,-13.2,20.5,80.5,31.2,103.7,15.09,4.86,20.0,83.75,25.36
2026-02-15 05:00,-7.2,14.0,45.41,33.9,87.14,8.51,0.27,20.0,78.36,23.98
2026-02-15 06:00,-10.8,23.4,100.0,32.2,88.73,18.75,10.1,20.0,59.88,19.27
2026-02-15 07:00,-16.0,12.7,268.23,43.7,126.52,50.29,0.08,20.0,76.15,23.42
2026-02-15 08:00,-13.2,17.8,238.74,80.3,141.74,44.76,1.99,20.0,94.99,28.22
2026-02-15 09:00,-14.4,11.8,559.62,93.5,154.31,104.93,0.02,20.0,49.36,16.59
2026-02-15 10:00,-14.1,10.4,662.92,86.5,148.8,124.3,0.0,20.0,24.5,10.25
2026-02-15 11:00,-16.7,21.0,727.85,70.0,145.16,136.47,5.59,20.0,3.1,4.79
2026-02-15 12:00,-16.6,12.3,750.0,84.4,154.1,140.62,0.05,20.0,13.43,7.42
2026-02-15 13:00,-11.6,10.6,727.85,73.2,135.93,136.47,0.0,20.1,0.0,0.0
2026-02-15 14:00,-11.7,16.8,382.51,92.6,145.98,71.72,1.32,20.0,72.44,22.47
2026-02-15 15:00,-7.4,19.0,297.96,66.9,112.6,55.87,3.06,20.0,53.67,17.69
2026-02-15 16:00,-9.3,14.9,425.0,82.5,124.24,79.69,0.49,20.0,44.06,15.24
2026-02-15 17:00,-8.2,24.2,268.23,84.9,123.87,50.29,12.02,20.0,61.56,19.7
2026-02-15 18:00,-5.6,37.5,100.0,91.7,127.85,18.75,87.31,20.0,21.79,9.56
2026-02-15 19:00,-9.0,12.3,100.0,78.8,127.02,18.75,0.05,20.0,108.22,31.6
2026-02-15 20:00,-2.6,12.6,100.0,36.3,83.76,18.75,0.07,20.0,64.94,20.56
2026-02-15 21:00,-3.1,19.5,100.0,44.8,86.52,18.75,3.6,20.0,64.17,20.36
2026-02-15 22:00,-14.1,14.7,100.0,42.1,115.61,18.75,0.44,20.0,96.42,28.59
2026-02-15 23:00,-8.9,26.5,100.0,26.2,88.27,18.75,18.86,20.0,50.66,16.92
2026-02-16 00:00,-8.4,32.6,36.33,26.0,77.44,6.81,48.46,20.0,22.17,9.65
2026-02-16 01:00,-10.3,11.8,100.0,33.5,101.27,18.75,0.02,20.0,82.5,25.04
2026-02-16 02:00,-9.6,15.7,100.0,44.8,104.23,18.75,0.78,20.0,84.7,25.6
2026-02-16 03:00,-14.2,33.6,100.0,40.3,113.79,18.75,55.18,20.0,39.86,14.16
2026-02-16 04:00,-6.5,32.7,100.0,42.6,94.36,18.75,49.11,20.0,26.5,10.76
2026-02-16 05:00,-10.8,16.5,100.0,27.3,99.95,18.75,1.15,20.0,80.05,24.41
2026-02-16 06:00,-17.4,10.3,100.0,39.5,125.19,18.75,0.0,20.0,106.44,31.14
2026-02-16 07:00,-9.5,37.8,268.23,34.7,104.72,50.29,90.2,28.2,0.0,0.0
2026-02-16 08:00,-8.9,56.2,425.0,77.9,126.64,79.69,180.0,46.6,0.0,0.0
2026-02-16 09:00,-16.6,10.5,559.62,75.4,155.49,104.93,0.0,32.9,0.0,0.0
2026-02-16 10:00,-11.2,12.7,662.92,89.3,142.33,124.3,0.08,28.0,0.0,0.0
2026-02-16 11:00,-14.1,31.9,727.85,88.0,150.39,136.47,44.1,35.0,0.0,0.0
2026-02-16 12:00,-9.8,38.0,750.0,86.4,139.4,140.62,92.16,53.4,0.0,0.0
2026-02-16 13:00,-10.4,11.3,373.9,82.8,130.28,70.11,0.01,37.0,0.0,0.0
2026-02-16 14:00,-10.1,34.3,662.92,76.5,123.08,124.3,60.24,51.1,0.0,0.0
2026-02-16 15:00,-7.1,13.1,559.62,77.3,125.89,104.93,0.13,45.5,0.0,0.0
2026-02-16 16:00,-9.5,12.3,425.0,88.4,135.42,79.69,0.05,30.3,0.0,0.0
2026-02-16 17:00,-8.4,10.4,268.23,67.5,113.19,50.29,0.0,20.0,21.5,9.48
2026-02-16 18:00,-8.8,22.6,71.72,90.4,135.51,13.45,8.4,20.0,113.66,32.98
2026-02-16 19:00,-5.8,20.8,50.68,94.4,126.56,9.5,5.29,20.0,111.77,32.5
2026-02-16 20:00,-9.6,23.0,100.0,28.7,88.61,18.75,9.22,20.0,60.64,19.46
2026-02-16 21:00,-8.9,25.2,100.0,36.1,98.79,18.75,14.74,20.0,65.3,20.65
2026-02-16 22:00,-5.4,28.1,84.1,34.2,77.22,15.77,24.89,20.0,36.56,13.32
2026-02-16 23:00,-6.7,37.9,100.0,30.4,81.12,18.75,91.18,26.6,0.0,0.0
2026-02-17 00:00,-8.4,16.2,100.0,27.9,83.46,18.75,1.0,20.0,37.2,13.49
2026-02-17 01:00,-8.5,17.7,100.0,25.2,76.8,18.75,1.92,20.0,56.13,18.31
2026-02-17 02:00,-11.5,21.9,67.04,44.1,108.27,12.57,7.07,20.0,88.63,26.6
2026-02-17 03:00,-13.6,17.6,100.0,28.1,101.38,18.75,1.84,20.0,80.79,24.6
2026-02-17 04:00,-9.6,14.7,100.0,33.4,101.98,18.75,0.44,20.0,82.79,25.11
2026-02-17 05:00,-10.4,13.4,100.0,32.4,97.49,18.75,0.17,20.0,78.57,24.04
2026-02-17 06:00,-13.3,19.7,100.0,33.2,107.32,18.75,3.83,20.0,84.74,25.61
2026-02-17 07:00,-13.1,13.8,268.23,32.7,111.2,50.29,0.23,20.0,60.68,19.47
2026-02-17 08:00,-14.3,13.3,297.16,92.6,152.81,55.72,0.15,20.0,96.94,28.72
2026-02-17 09:00,-5.3,14.7,559.62,89.2,126.17,104.93,0.44,20.0,20.8,9.3
2026-02-17 10:00,-10.0,14.0,662.92,91.1,139.57,124.3,0.27,20.0,15.0,7.82
2026-02-17 11:00,-14.3,14.9,217.08,80.1,147.4,40.7,0.49,20.0,106.21,31.08
2026-02-17 12:00,-12.5,17.4,142.94,89.6,136.01,26.8,1.7,20.0,107.51,31.42
2026-02-17 13:00,-8.8,17.8,727.85,86.0,135.49,136.47,1.99,20.7,0.0,0.0
2026-02-17 14:00,-8.8,17.3,662.92,84.2,126.83,124.3,1.63,20.4,0.0,0.0
2026-02-17 15:00,-8.8,12.1,559.62,78.5,129.39,104.93,0.04,20.0,22.67,9.78
2026-02-17 16:00,-5.8,13.9,312.51,77.3,115.48,58.6,0.25,20.0,56.63,18.44
2026-02-17 17:00,-5.8,12.3,219.15,90.9,127.43,41.09,0.05,20.0,86.29,26.0
2026-02-17 18:00,-9.5,15.9,100.0,72.5,121.07,18.75,0.86,20.0,101.46,29.87
2026-02-17 19:00,-8.8,18.5,100.0,78.3,122.93,18.75,2.58,20.0,101.6,29.91
2026-02-17 20:00,-6.1,23.0,100.0,31.6,83.38,18.75,9.22,20.0,55.41,18.13
2026-02-17 21:00,-8.7,25.0,22.16,29.9,85.79,4.16,14.17,20.0,67.46,21.2
2026-02-17 22:00,-11.8,18.4,100.0,35.6,106.36,18.75,2.49,20.0,85.12,25.71
2026-02-17 23:00,-6.7,14.9,100.0,38.9,88.11,18.75,0.49,20.0,68.87,21.56
2026-02-18 00:00,-13.2,18.3,100.0,26.5,96.06,18.75,2.4,20.0,74.91,23.1
2026-02-18 01:00,-6.3,18.7,27.42,39.8,91.41,5.14,2.76,20.0,83.51,25.3
2026-02-18 02:00,-6.6,15.0,100.0,36.4,85.32,18.75,0.52,20.0,66.05,20.84
2026-02-18 03:00,-11.8,25.9,40.32,43.6,101.99,7.56,16.88,20.0,77.55,23.78
2026-02-18 04:00,-9.2,13.2,100.0,29.6,91.76,18.75,0.14,20.0,72.87,22.58
2026-02-18 05:00,-12.5,13.2,75.9,33.8,108.68,14.23,0.14,20.0,94.31,28.05
2026-02-18 06:00,-9.2,13.1,100.0,41.6,96.65,18.75,0.13,20.0,77.77,23.83
2026-02-18 07:00,-14.8,15.9,268.23,26.8,107.21,50.29,0.86,20.0,56.06,18.3
2026-02-18 08:00,-17.0,34.3,316.97,75.3,148.99,59.43,60.24,20.0,29.32,11.48
2026-02-18 09:00,-10.5,12.8,559.62,72.1,127.05,104.93,0.09,20.0,22.03,9.62
2026-02-18 10:00,-11.6,28.7,157.02,79.3,131.73,29.44,27.45,20.0,74.84,23.08
2026-02-18 11:00,-16.6,19.4,468.25,74.1,144.91,87.8,3.49,20.0,53.62,17.67
2026-02-18 12:00,-10.5,70.1,750.0,73.6,132.57,140.62,180.0,38.4,0.0,0.0
2026-02-18 13:00,-11.5,15.8,727.85,88.8,141.2,136.47,0.82,37.3,0.0,0.0
2026-02-18 14:00,-8.7,16.4,583.41,68.4,116.92,109.39,1.1,35.6,0.0,0.0
2026-02-18 15:00,-10.1,16.0,340.74,87.1,131.83,63.89,0.91,20.0,4.67,5.19
2026-02-18 16:00,-9.6,19.0,425.0,74.5,116.79,79.69,3.06,20.0,34.04,12.68
2026-02-18 17:00,-7.7,27.5,214.53,74.1,123.86,40.22,22.5,20.0,61.14,19.59
2026-02-18 18:00,-8.9,16.3,100.0,93.8,130.0,18.75,1.05,20.0,110.2,32.1
2026-02-18 19:00,-7.4,14.1,100.0,68.3,110.19,18.75,0.29,20.0,91.15,27.24
2026-02-18 20:00,-14.8,26.6,100.0,39.8,111.03,18.75,19.2,20.0,73.08,22.64
2026-02-18 21:00,-11.3,25.8,100.0,26.0,90.16,18.75,16.56,20.0,54.85,17.99
2026-02-18 22:00,-8.2,15.1,100.0,29.7,93.28,18.75,0.56,20.0,73.97,22.86
2026-02-18 23:00,-8.7,19.9,78.76,44.5,107.63,14.77,4.07,20.0,88.79,26.64
2026-02-19 00:00,-10.3,16.1,27.22,38.5,102.99,5.1,0.95,20.0,96.94,28.72
2026-02-19 01:00,-6.8,33.0,100.0,28.1,81.93,18.75,51.08,20.0,12.1,7.09
2026-02-19 02:00,-13.2,41.9,100.0,43.3,115.22,18.75,136.28,29.2,0.0,0.0
2026-02-19 03:00,-14.6,21.8,100.0,26.4,96.81,18.75,6.9,20.0,34.53,12.81
2026-02-19 04:00,-8.0,17.2,100.0,43.2,91.09,18.75,1.57,20.0,70.77,22.05
2026-02-19 05:00,-17.4,18.7,100.0,28.6,117.38,18.75,2.76,20.0,95.87,28.45
2026-02-19 06:00,-12.2,15.5,100.0,37.4,108.46,18.75,0.7,20.0,89.01,26.7
2026-02-19 07:00,-13.0,16.6,268.23,28.8,106.67,50.29,1.21,20.0,55.17,18.07
2026-02-19 08:00,-14.6,18.1,132.8,79.0,147.55,24.9,2.23,20.0,120.42,34.71
2026-02-19 09:00,-14.1,16.4,473.09,80.3,139.63,88.7,1.1,20.0,49.83,16.71
2026-02-19 10:00,-12.7,33.4,662.92,89.2,136.92,124.3,53.79,29.5,0.0,0.0
2026-02-19 11:00,-14.1,17.5,727.85,71.0,130.27,136.47,1.77,31.3,0.0,0.0
2026-02-19 12:00,-15.2,15.9,750.0,71.9,144.74,140.62,0.86,30.4,0.0,0.0
2026-02-19 13:00,-18.5,46.1,568.59,71.0,149.35,106.61,180.0,48.8,0.0,0.0
2026-02-19 14:00,-12.6,19.5,662.92,92.3,146.38,124.3,3.6,43.8,0.0,0.0
2026-02-19 15:00,-7.3,16.2,559.62,71.3,115.28,104.93,1.0,41.3,0.0,0.0
2026-02-19 16:00,-10.1,20.1,425.0,84.5,135.14,79.69,4.33,27.4,0.0,0.0
2026-02-19 17:00,-12.5,16.9,268.23,77.8,141.69,50.29,1.38,20.0,60.57,19.45
2026-02-19 18:00,-7.9,19.3,100.0,88.0,132.92,18.75,3.38,20.0,110.79,32.25
2026-02-19 19:00,-4.7,32.5,100.0,85.2,116.57,18.75,47.82,20.0,50.0,16.75
2026-02-19 20:00,-3.0,17.6,100.0,29.6,78.73,18.75,1.84,20.0,58.14,18.83
2026-02-19 21:00,-8.1,21.3,11.61,25.1,90.29,2.18,6.06,20.0,82.05,24.92
2026-02-19 22:00,-2.0,26.4,38.79,44.1,89.88,7.27,18.52,20.0,64.09,20.34
2026-02-19 23:00,-6.6,25.0,100.0,31.0,82.9,18.75,14.17,20.0,49.98,16.74
2026-02-20 00:00,-10.0,25.6,100.0,34.4,100.89,18.75,15.94,20.0,66.2,20.88
2026-02-20 01:00,-11.2,21.3,100.0,35.9,102.34,18.75,6.06,20.0,77.53,23.77
2026-02-20 02:00,-7.9,29.0,100.0,25.8,85.76,18.75,28.8,20.0,38.21,13.74
2026-02-20 03:00,-8.4,31.7,100.0,41.9,97.55,18.75,42.9,20.0,35.9,13.15
2026-02-20 04:00,-14.4,18.8,100.0,25.6,94.15,18.75,2.86,20.0,72.54,22.5
2026-02-20 05:00,-12.4,38.7,29.26,36.6,105.56,5.49,99.25,20.0,0.82,4.21
2026-02-20 06:00,-12.9,25.5,100.0,25.8,102.32,18.75,15.63,20.0,67.94,21.32
2026-02-20 07:00,-10.9,21.3,268.23,32.5,100.76,50.29,6.06,20.0,44.41,15.32
2026-02-20 08:00,-14.5,31.1,425.0,73.4,137.32,79.69,39.44,20.0,18.19,8.64
2026-02-20 09:00,-9.1,20.3,559.62,67.4,118.72,104.93,4.59,20.0,9.2,6.35
2026-02-20 10:00,-11.2,31.8,662.92,93.8,151.66,124.3,43.49,23.7,0.0,0.0
2026-02-20 11:00,-13.5,51.6,424.37,76.5,139.54,79.57,180.0,42.1,0.0,0.0
2026-02-20 12:00,-14.9,25.6,750.0,82.6,152.44,140.62,15.94,43.1,0.0,0.0
2026-02-20 13:00,-12.2,23.4,727.85,81.1,141.78,136.47,10.1,44.2,0.0,0.0
2026-02-20 14:00,-11.5,27.1,662.92,69.5,133.24,124.3,20.99,46.9,0.0,0.0
2026-02-20 15:00,-9.5,35.8,227.46,80.8,124.2,42.65,72.1,44.4,0.0,0.0
2026-02-20 16:00,-11.9,32.1,206.99,72.4,131.27,38.81,45.32,31.6,0.0,0.0
2026-02-20 17:00,-8.1,28.3,222.27,88.4,133.98,41.68,25.73,20.0,20.36,9.19
2026-02-20 18:00,-9.1,24.9,100.0,69.6,120.69,18.75,13.89,20.0,88.05,26.45
2026-02-20 19:00,-10.5,27.3,100.0,67.2,115.17,18.75,21.74,20.0,74.68,23.04
2026-02-20 20:00,-6.6,27.7,100.0,36.1,82.1,18.75,23.28,20.0,40.07,14.22
2026-02-20 21:00,-8.7,25.1,36.85,38.0,101.36,6.91,14.45,20.0,80.0,24.4
2026-02-20 22:00,-4.3,22.9,100.0,26.7,81.19,18.75,9.01,20.0,53.43,17.62
2026-02-20 23:00,-7.6,21.1,100.0,32.1,89.4,18.75,5.74,20.0,64.91,20.55
2026-02-21 00:00,-7.5,20.3,100.0,29.0,83.64,18.75,4.59,20.0,60.3,19.38
2026-02-21 01:00,-9.9,20.6,59.07,29.9,92.69,11.08,5.0,20.0,76.61,23.54
2026-02-21 02:00,-8.7,24.7,43.27,28.8,89.32,8.11,13.34,20.0,67.87,21.31
2026-02-21 03:00,-10.1,27.4,100.0,43.1,101.99,18.75,22.12,20.0,61.12,19.59
2026-02-21 04:00,-8.1,25.0,100.0,34.6,91.24,18.75,14.17,20.0,58.32,18.87
2026-02-21 05:00,-14.6,44.1,100.0,30.7,104.01,18.75,166.47,38.4,0.0,0.0
2026-02-21 06:00,-15.0,26.4,100.0,39.8,118.76,18.75,18.52,20.0,7.89,6.01
2026-02-21 07:00,-14.8,44.5,161.21,27.7,108.6,30.23,172.4,38.4,0.0,0.0
2026-02-21 08:00,-12.0,32.6,132.54,71.6,132.29,24.85,48.46,22.4,0.0,0.0
2026-02-21 09:00,-8.4,22.4,559.62,93.9,138.63,104.93,8.0,20.0,16.21,8.13
2026-02-21 10:00,-11.9,26.6,209.67,74.4,138.15,39.31,19.2,20.0,79.64,24.31
2026-02-21 11:00,-13.6,29.7,727.85,86.0,153.29,136.47,32.1,23.5,0.0,0.0
2026-02-21 12:00,-11.6,24.4,106.18,72.3,134.86,19.91,12.54,20.0,88.35,26.53
2026-02-21 13:00,-11.5,33.2,727.85,67.9,130.22,136.47,52.42,33.5,0.0,0.0
2026-02-21 14:00,-10.0,24.3,662.92,77.3,123.06,124.3,12.28,36.6,0.0,0.0
2026-02-21 15:00,-14.5,27.9,401.24,83.2,153.14,75.23,24.08,22.0,0.0,0.0
2026-02-21 16:00,-4.9,24.1,425.0,89.4,107.89,79.69,11.77,20.0,8.53,6.18
2026-02-21 17:00,-7.2,44.2,268.23,93.4,130.1,50.29,167.94,38.4,0.0,0.0
2026-02-21 18:00,-7.7,23.8,100.0,93.0,128.91,18.75,11.03,20.0,25.53,10.51
2026-02-21 19:00,-9.3,26.8,100.0,88.8,129.38,18.75,19.91,20.0,90.72,27.13
2026-02-21 20:00,-9.1,28.8,100.0,27.9,86.02,18.75,27.9,20.0,39.37,14.04
2026-02-21 21:00,-2.5,45.5,100.0,43.2,89.5,18.75,180.0,38.4,0.0,0.0
2026-02-21 22:00,-9.0,41.4,29.58,44.4,98.12,5.55,129.97,47.0,0.0,0.0
2026-02-21 23:00,-8.5,23.6,18.8,33.8,94.0,3.52,10.56,25.3,0.0,0.0
2026-02-22 00:00,-14.8,28.8,100.0,37.3,116.53,18.75,27.9,20.0,48.74,16.43
2026-02-22 01:00,-5.5,42.7,62.95,27.4,76.09,11.8,146.8,38.4,0.0,0.0
2026-02-22 02:00,-7.4,25.4,100.0,41.2,95.17,18.75,15.33,21.8,0.0,0.0
2026-02-22 03:00,-9.3,27.2,83.15,36.0,94.71,15.59,21.36,20.0,50.56,16.89
2026-02-22 04:00,-16.1,26.0,100.0,38.4,117.84,18.75,17.2,20.0,81.89,24.88
2026-02-22 05:00,-13.1,29.8,100.0,32.1,100.14,18.75,32.59,20.0,48.8,16.44
2026-02-22 06:00,-11.9,24.8,100.0,33.6,103.61,18.75,13.61,20.0,71.25,22.17
2026-02-22 07:00,-11.8,32.2,91.51,36.4,102.72,17.16,45.93,20.0,39.63,14.11
2026-02-22 08:00,-11.5,26.8,425.0,80.1,131.9,79.69,19.91,20.0,32.3,12.24
2026-02-22 09:00,-12.1,39.8,559.62,86.7,142.52,104.93,111.1,36.9,0.0,0.0
2026-02-22 10:00,-12.2,26.6,662.92,94.3,144.86,124.3,19.2,36.5,0.0,0.0
2026-02-22 11:00,-18.6,33.5,727.85,68.9,149.36,136.47,54.48,46.1,0.0,0.0
2026-02-22 12:00,-9.5,25.8,750.0,92.4,137.37,140.62,16.56,50.7,0.0,0.0
2026-02-22 13:00,-10.6,28.5,246.06,75.9,131.91,46.14,26.58,34.6,0.0,0.0
2026-02-22 14:00,-12.2,49.6,662.92,72.4,140.24,124.3,180.0,53.0,0.0,0.0
2026-02-22 15:00,-3.7,26.5,559.62,70.8,107.44,104.93,18.86,56.7,0.0,0.0
2026-02-22 16:00,-11.1,32.9,425.0,71.5,130.55,79.69,50.42,56.6,0.0,0.0
2026-02-22 17:00,-14.8,28.4,229.0,66.5,137.33,42.94,26.15,38.1,0.0,0.0
2026-02-22 18:00,-6.5,49.5,100.0,76.9,125.87,18.75,180.0,54.8,0.0,0.0
2026-02-22 19:00,0.9,29.0,100.0,78.6,104.39,18.75,28.8,39.4,0.0,0.0
2026-02-22 20:00,-6.6,29.9,100.0,25.8,80.03,18.75,33.08,31.7,0.0,0.0
2026-02-22 21:00,-11.4,38.3,100.0,44.7,109.68,18.75,95.15,32.7,0.0,0.0
2026-02-22 22:00,-6.7,31.8,25.77,35.8,90.07,4.83,43.49,21.4,0.0,0.0
2026-02-22 23:00,-8.6,34.1,48.41,28.8,78.77,9.08,58.77,20.0,5.51,5.41
2026-02-23 00:00,-11.1,34.7,63.93,27.4,96.11,11.99,63.26,20.0,20.86,9.32
2026-02-23 01:00,-16.7,34.6,100.0,26.8,115.28,18.75,62.5,20.0,34.03,12.68
2026-02-23 02:00,-4.5,30.7,100.0,26.9,77.57,18.75,37.24,20.0,21.58,9.5
2026-02-23 03:00,-5.1,27.9,32.9,41.2,82.43,6.17,24.08,20.0,52.18,17.31
2026-02-23 04:00,-12.0,29.3,100.0,42.9,109.1,18.75,30.18,20.0,60.17,19.34
2026-02-23 05:00,-9.7,32.2,100.0,32.3,101.35,18.75,45.93,20.0,36.67,13.35
2026-02-23 06:00,-11.1,32.6,100.0,33.9,95.16,18.75,48.46,20.0,27.95,11.13
2026-02-23 07:00,-12.6,34.6,268.23,31.1,107.88,50.29,62.5,21.1,0.0,0.0
2026-02-23 08:00,-11.8,30.2,425.0,85.7,139.15,79.69,34.6,20.0,20.34,9.19
2026-02-23 09:00,-15.1,32.3,559.62,68.0,128.47,104.93,46.56,25.3,0.0,0.0
2026-02-23 10:00,-8.4,31.5,662.92,78.8,129.89,124.3,41.72,33.6,0.0,0.0
2026-02-23 11:00,-12.2,31.0,727.85,73.4,133.96,136.47,38.88,43.1,0.0,0.0
2026-02-23 12:00,-13.2,30.2,750.0,84.3,145.3,140.62,34.6,50.0,0.0,0.0
2026-02-23 13:00,-9.2,31.6,727.85,84.5,138.89,136.47,42.31,59.2,0.0,0.0
2026-02-23 14:00,-17.2,31.8,662.92,83.1,161.93,124.3,43.49,60.5,0.0,0.0
2026-02-23 15:00,-13.8,31.5,503.17,72.7,144.37,94.34,41.72,58.3,0.0,0.0
2026-02-23 16:00,-6.6,33.3,425.0,76.2,116.36,79.69,53.11,62.1,0.0,0.0
2026-02-23 17:00,-6.9,37.4,268.23,75.0,121.36,50.29,86.36,65.6,0.0,0.0
2026-02-23 18:00,-7.7,34.0,13.07,79.9,127.93,2.45,58.04,47.2,0.0,0.0
2026-02-23 19:00,-13.6,31.2,100.0,78.2,138.47,18.75,40.0,25.6,0.0,0.0
2026-02-23 20:00,-2.5,34.6,100.0,44.2,84.54,18.75,62.5,24.7,0.0,0.0
2026-02-23 21:00,-7.9,34.4,100.0,31.7,88.43,18.75,60.99,22.3,0.0,0.0
2026-02-23 22:00,-5.9,36.7,100.0,41.7,84.76,18.75,79.91,25.5,0.0,0.0
2026-02-23 23:00,-7.7,54.0,100.0,33.3,84.36,18.75,180.0,43.9,0.0,0.0
2026-02-24 00:00,-6.7,45.3,100.0,44.9,94.78,18.75,180.0,62.3,0.0,0.0
2026-02-24 01:00,-8.6,44.6,100.0,30.7,85.96,18.75,173.9,80.7,0.0,0.0
2026-02-24 02:00,-9.7,37.6,100.0,39.6,90.48,18.75,88.27,84.5,0.0,0.0
2026-02-24 03:00,-6.6,37.5,100.0,37.8,95.64,18.75,87.31,86.9,0.0,0.0
2026-02-24 04:00,-11.2,46.0,100.0,39.0,97.91,18.75,180.0,95.0,0.0,0.0
2026-02-24 05:00,-16.8,33.1,38.08,26.2,106.43,7.14,51.75,82.1,0.0,0.0
2026-02-24 06:00,-10.1,41.3,100.0,43.9,102.13,18.75,128.74,92.5,0.0,0.0
2026-02-24 07:00,-13.8,39.7,268.23,34.0,116.88,50.29,109.99,95.0,0.0,0.0
2026-02-24 08:00,-2.8,45.2,425.0,87.1,123.91,79.69,180.0,95.0,0.0,0.0
2026-02-24 09:00,-11.4,37.5,559.62,91.8,141.96,104.93,87.31,95.0,0.0,0.0
2026-02-24 10:00,-10.1,33.4,95.54,87.4,128.26,17.91,53.79,79.6,0.0,0.0
2026-02-24 11:00,-10.9,42.3,727.85,92.5,138.45,136.47,141.47,95.0,0.0,0.0
2026-02-24 12:00,-11.0,41.4,478.07,77.5,128.18,89.64,129.97,95.0,0.0,0.0
2026-02-24 13:00,-9.2,50.5,376.66,68.5,122.83,70.62,180.0,95.0,0.0,0.0
2026-02-24 14:00,-7.2,34.2,177.35,82.4,118.95,33.25,59.5,87.9,0.0,0.0
2026-02-24 15:00,-12.4,40.6,199.31,75.1,137.24,37.37,120.29,92.6,0.0,0.0
2026-02-24 16:00,-11.6,51.5,425.0,76.9,131.6,79.69,180.0,95.0,0.0,0.0
2026-02-24 17:00,-14.0,43.9,268.23,94.1,152.18,50.29,163.56,95.0,0.0,0.0
2026-02-24 18:00,-7.2,34.5,100.0,85.7,130.69,18.75,61.74,81.4,0.0,0.0
2026-02-24 19:00,-5.2,37.9,100.0,92.0,125.86,18.75,91.18,77.0,0.0,0.0
2026-02-24 20:00,-12.4,66.3,49.09,38.3,111.28,9.2,180.0,95.0,0.0,0.0
2026-02-24 21:00,-4.4,34.0,100.0,25.5,68.1,18.75,58.04,95.0,0.0,0.0
2026-02-24 22:00,-9.9,36.1,100.0,28.3,84.28,18.75,74.64,95.0,0.0,0.0
2026-02-24 23:00,-12.5,36.8,100.0,36.8,106.88,18.75,80.81,93.0,0.0,0.0
2026-02-25 00:00,-7.0,45.1,100.0,39.3,93.79,18.75,180.0,95.0,0.0,0.0
2026-02-25 01:00,-2.7,34.3,100.0,37.4,81.63,18.75,60.24,94.3,0.0,0.0
2026-02-25 02:00,-14.0,42.4,50.03,38.9,109.53,9.38,142.79,95.0,0.0,0.0
2026-02-25 03:00,-9.6,51.4,37.39,35.6,102.42,7.01,180.0,95.0,0.0,0.0
2026-02-25 04:00,-6.6,61.1,100.0,26.5,81.92,18.75,180.0,95.0,0.0,0.0
2026-02-25 05:00,-11.6,42.1,100.0,34.6,104.96,18.75,138.86,95.0,0.0,0.0
2026-02-25 06:00,-9.9,37.6,100.0,31.1,97.31,18.75,88.27,95.0,0.0,0.0
2026-02-25 07:00,-13.4,41.9,42.35,43.7,116.79,7.94,136.28,95.0,0.0,0.0
2026-02-25 08:00,-7.4,38.2,425.0,73.3,114.57,79.69,94.15,95.0,0.0,0.0
2026-02-25 09:00,-16.4,35.3,392.09,65.9,146.25,73.52,67.99,93.7,0.0,0.0
2026-02-25 10:00,-11.5,49.7,662.92,66.0,131.62,124.3,180.0,95.0,0.0,0.0
2026-02-25 11:00,-12.7,35.8,727.85,93.6,143.65,136.47,72.1,95.0,0.0,0.0
2026-02-25 12:00,-11.7,69.1,750.0,81.6,140.73,140.62,180.0,95.0,0.0,0.0
2026-02-25 13:00,-9.5,36.6,75.9,67.9,121.31,14.23,79.02,87.4,0.0,0.0
2026-02-25 14:00,-9.8,41.5,662.92,69.2,125.21,124.3,131.22,95.0,0.0,0.0
2026-02-25 15:00,-7.2,37.5,559.62,85.0,126.7,104.93,87.31,95.0,0.0,0.0
2026-02-25 16:00,-12.2,46.3,425.0,74.0,134.94,79.69,180.0,95.0,0.0,0.0
2026-02-25 17:00,-11.8,46.6,268.23,74.1,133.75,50.29,180.0,95.0,0.0,0.0
2026-02-25 18:00,-6.4,37.0,100.0,77.8,114.34,18.75,82.63,91.5,0.0,0.0
2026-02-25 19:00,-10.1,53.1,100.0,91.8,143.7,18.75,180.0,95.0,0.0,0.0
2026-02-25 20:00,-9.8,40.1,100.0,39.3,100.68,18.75,114.49,95.0,0.0,0.0
2026-02-25 21:00,-11.9,40.0,100.0,27.1,100.71,18.75,113.35,95.0,0.0,0.0
2026-02-25 22:00,-10.8,39.4,50.31,31.7,100.67,9.43,106.69,95.0,0.0,0.0
2026-02-25 23:00,-5.0,54.6,100.0,35.4,79.27,18.75,180.0,95.0,0.0,0.0
2026-02-26 00:00,-15.2,57.1,100.0,25.5,106.18,18.75,180.0,95.0,0.0,0.0
2026-02-26 01:00,-13.8,41.1,100.0,38.0,112.69,18.75,126.28,95.0,0.0,0.0
2026-02-26 02:00,-12.3,37.0,10.06,27.5,95.5,1.89,82.63,92.0,0.0,0.0
2026-02-26 03:00,-8.5,39.2,35.22,25.4,87.04,6.6,104.52,95.0,0.0,0.0
2026-02-26 04:00,-15.7,42.7,100.0,30.1,110.31,18.75,146.8,95.0,0.0,0.0
2026-02-26 05:00,-17.6,40.8,82.48,33.2,123.78,15.47,122.66,95.0,0.0,0.0
2026-02-26 06:00,-10.0,37.9,46.13,29.0,85.06,8.65,91.18,95.0,0.0,0.0
2026-02-26 07:00,-11.4,38.5,268.23,34.1,100.0,50.29,97.19,95.0,0.0,0.0
2026-02-26 08:00,-15.3,53.5,425.0,82.0,155.57,79.69,180.0,95.0,0.0,0.0
2026-02-26 09:00,-12.6,51.1,559.62,83.4,138.87,104.93,180.0,95.0,0.0,0.0
2026-02-26 10:00,-8.9,49.9,328.28,73.9,118.6,61.55,180.0,95.0,0.0,0.0
2026-02-26 11:00,-17.2,39.6,727.85,69.1,139.53,136.47,108.88,95.0,0.0,0.0
2026-02-26 12:00,-12.9,41.1,750.0,65.3,124.87,140.62,126.28,95.0,0.0,0.0
2026-02-26 13:00,-3.8,46.1,91.41,76.6,119.92,17.14,180.0,95.0,0.0,0.0
2026-02-26 14:00,-3.5,55.2,662.92,68.1,98.63,124.3,180.0,95.0,0.0,0.0
2026-02-26 15:00,-14.2,41.9,150.0,69.5,132.86,28.12,136.28,95.0,0.0,0.0
2026-02-26 16:00,-9.5,43.3,425.0,90.5,142.76,79.69,155.02,95.0,0.0,0.0
2026-02-26 17:00,-6.7,44.8,132.07,71.6,112.83,24.76,176.93,95.0,0.0,0.0
2026-02-26 18:00,-9.2,43.5,100.0,91.4,142.13,18.75,157.83,95.0,0.0,0.0
2026-02-26 19:00,-9.5,38.1,100.0,72.3,123.84,18.75,93.15,91.8,0.0,0.0
2026-02-26 20:00,-2.2,48.1,100.0,28.6,72.19,18.75,180.0,95.0,0.0,0.0
2026-02-26 21:00,-9.4,52.1,100.0,40.4,101.37,18.75,180.0,95.0,0.0,0.0
2026-02-26 22:00,-11.5,39.4,100.0,35.2,98.84,18.75,106.69,95.0,0.0,0.0
2026-02-26 23:00,-9.4,42.0,100.0,37.8,88.61,18.75,137.57,95.0,0.0,0.0
2026-02-27 00:00,-11.8,46.3,23.11,39.6,105.13,4.33,180.0,95.0,0.0,0.0
2026-02-27 01:00,-11.2,56.5,32.31,35.6,102.1,6.06,180.0,95.0,0.0,0.0
2026-02-27 02:00,-10.8,38.9,100.0,42.6,106.57,18.75,101.34,95.0,0.0,0.0
2026-02-27 03:00,-10.9,45.9,100.0,25.6,88.75,18.75,180.0,95.0,0.0,0.0
2026-02-27 04:00,-11.5,56.8,100.0,44.7,107.5,18.75,180.0,95.0,0.0,0.0
2026-02-27 05:00,-15.4,59.2,100.0,40.1,118.58,18.75,180.0,95.0,0.0,0.0
2026-02-27 06:00,-13.9,48.2,66.73,29.4,103.07,12.51,180.0,95.0,0.0,0.0
2026-02-27 07:00,-10.4,43.7,268.23,40.8,105.54,50.29,160.68,95.0,0.0,0.0
2026-02-27 08:00,-14.8,42.0,265.12,68.5,134.11,49.71,137.57,95.0,0.0,0.0
2026-02-27 09:00,-13.1,58.1,559.62,68.1,126.23,104.93,180.0,95.0,0.0,0.0
2026-02-27 10:00,-18.0,50.4,430.78,72.7,155.04,80.77,180.0,95.0,0.0,0.0
2026-02-27 11:00,-5.5,41.1,727.85,85.3,117.43,136.47,126.28,95.0,0.0,0.0
2026-02-27 12:00,-13.7,57.1,358.93,79.9,151.58,67.3,180.0,95.0,0.0,0.0
2026-02-27 13:00,-14.9,43.4,539.4,89.8,152.14,101.14,156.43,95.0,0.0,0.0
2026-02-27 14:00,-5.8,42.7,662.92,84.3,121.23,124.3,146.8,95.0,0.0,0.0
2026-02-27 15:00,-8.8,40.1,559.62,73.1,121.04,104.93,114.49,95.0,0.0,0.0
2026-02-27 16:00,-10.0,40.2,160.3,86.2,142.88,30.06,115.63,95.0,0.0,0.0
2026-02-27 17:00,-8.7,65.2,268.23,85.8,130.53,50.29,180.0,95.0,0.0,0.0
2026-02-27 18:00,-11.3,44.7,41.81,81.6,133.48,7.84,175.41,95.0,0.0,0.0
2026-02-27 19:00,-7.6,42.7,100.0,78.5,120.82,18.75,146.8,95.0,0.0,0.0
2026-02-27 20:00,-13.4,50.1,100.0,38.7,104.91,18.75,180.0,95.0,0.0,0.0
2026-02-27 21:00,-3.4,43.2,30.0,34.7,88.17,5.62,153.63,95.0,0.0,0.0
2026-02-27 22:00,-8.9,40.5,100.0,38.7,94.66,18.75,119.12,95.0,0.0,0.0
2026-02-27 23:00,-8.7,46.7,100.0,44.5,104.61,18.75,180.0,95.0,0.0,0.0
2026-02-28 00:00,-9.5,46.7,100.0,41.3,95.03,18.75,180.0,95.0,0.0,0.0
2026-02-28 01:00,-13.2,45.1,41.11,39.8,112.84,7.71,180.0,95.0,0.0,0.0
2026-02-28 02:00,-12.9,42.3,49.97,39.6,116.89,9.37,141.47,95.0,0.0,0.0
2026-02-28 03:00,-10.3,42.5,100.0,37.6,95.02,18.75,144.12,95.0,0.0,0.0
2026-02-28 04:00,-15.1,39.8,100.0,27.5,111.64,18.75,111.1,95.0,0.0,0.0
2026-02-28 05:00,-9.6,47.3,79.39,44.4,100.2,14.89,180.0,95.0,0.0,0.0
2026-02-28 06:00,-13.5,43.9,100.0,44.3,116.15,18.75,163.56,95.0,0.0,0.0
2026-02-28 07:00,-14.4,49.6,268.23,37.9,112.05,50.29,180.0,95.0,0.0,0.0
2026-02-28 08:00,-11.0,43.0,425.0,72.6,127.73,79.69,150.87,95.0,0.0,0.0
2026-02-28 09:00,-10.7,43.8,559.62,77.1,127.62,104.93,162.11,95.0,0.0,0.0
2026-02-28 10:00,-12.8,45.1,576.89,76.3,133.12,108.17,180.0,95.0,0.0,0.0
2026-02-28 11:00,-11.4,44.5,727.85,70.8,127.28,136.47,172.4,95.0,0.0,0.0
2026-02-28 12:00,-16.9,48.1,556.54,73.6,147.77,104.35,180.0,95.0,0.0,0.0
2026-02-28 13:00,-12.0,61.9,727.85,80.6,135.47,136.47,180.0,95.0,0.0,0.0
2026-02-28 14:00,-10.8,43.2,662.92,71.2,130.84,124.3,153.63,95.0,0.0,0.0
2026-02-28 15:00,-5.9,42.7,559.62,82.3,114.89,104.93,146.8,95.0,0.0,0.0
2026-02-28 16:00,-9.9,62.1,425.0,76.3,122.83,79.69,180.0,95.0,0.0,0.0
2026-02-28 17:00,-9.9,40.5,268.23,74.2,124.85,50.29,119.12,95.0,0.0,0.0
2026-02-28 18:00,-6.2,40.1,100.0,81.7,117.46,18.75,114.49,95.0,0.0,0.0
2026-02-28 19:00,1.0,43.0,100.0,73.9,111.62,18.75,150.87,95.0,0.0,0.0
2026-02-28 20:00,-8.4,46.4,79.7,32.2,93.04,14.94,180.0,95.0,0.0,0.0
2026-02-28 21:00,-5.5,41.8,100.0,34.0,92.09,18.75,135.0,95.0,0.0,0.0
2026-02-28 22:00,-7.5,49.7,57.23,40.9,90.05,10.73,180.0,95.0,0.0,0.0
2026-02-28 23:00,-6.8,49.0,100.0,25.5,76.76,18.75,180.0,95.0,0.0,0.0
2026-03-01 00:00,-16.5,41.9,0.0,36.8,114.56,0.0,136.28,95.0,0.0,0.0
2026-03-01 01:00,-25.8,55.7,0.0,30.0,151.21,0.0,180.0,95.0,0.0,0.0
2026-03-01 02:00,-17.6,40.7,0.0,28.7,118.81,0.0,121.47,95.0,0.0,0.0
2026-03-01 03:00,-18.1,49.5,0.0,31.8,114.45,0.0,180.0,95.0,0.0,0.0
2026-03-01 04:00,-22.7,45.9,0.0,39.8,138.68,0.0,180.0,95.0,0.0,0.0
2026-03-01 05:00,-30.3,40.2,0.0,31.7,154.08,0.0,115.63,84.6,0.0,0.0
2026-03-01 06:00,-25.5,47.0,0.0,41.9,155.25,0.0,180.0,90.2,0.0,0.0
2026-03-01 07:00,-22.7,49.4,64.41,26.4,131.48,12.08,180.0,95.0,0.0,0.0
2026-03-01 08:00,-22.5,47.6,79.08,84.3,176.07,14.83,180.0,95.0,0.0,0.0
2026-03-01 09:00,-22.7,42.3,70.85,86.3,178.57,13.28,141.47,88.5,0.0,0.0
2026-03-01 10:00,-26.0,44.2,144.93,80.3,178.33,27.17,167.94,92.4,0.0,0.0
2026-03-01 11:00,-29.2,42.7,252.72,91.0,206.96,47.39,146.8,88.9,0.0,0.0
2026-03-01 12:00,-23.3,41.0,358.83,85.9,182.61,67.28,125.07,91.2,0.0,0.0
2026-03-01 13:00,-25.2,53.8,158.59,68.8,170.85,29.74,180.0,95.0,0.0,0.0
2026-03-01 14:00,-22.4,50.7,359.5,83.6,177.83,67.41,180.0,95.0,0.0,0.0
2026-03-01 15:00,-16.4,44.7,268.07,93.2,160.03,50.26,175.41,95.0,0.0,0.0
2026-03-01 16:00,-15.6,53.5,132.55,81.6,149.35,24.85,180.0,95.0,0.0,0.0
2026-03-01 17:00,-18.5,50.9,40.05,89.3,165.04,7.51,180.0,95.0,0.0,0.0
2026-03-01 18:00,-12.3,53.9,0.0,66.5,126.36,0.0,180.0,95.0,0.0,0.0
2026-03-01 19:00,-24.4,42.7,0.0,73.5,173.09,0.0,146.8,87.9,0.0,0.0
2026-03-01 20:00,-20.5,41.8,0.0,34.1,131.16,0.0,135.0,88.7,0.0,0.0
2026-03-01 21:00,-20.7,52.1,0.0,37.4,139.47,0.0,180.0,95.0,0.0,0.0
2026-03-01 22:00,-20.6,43.6,0.0,39.9,130.13,0.0,159.25,95.0,0.0,0.0
2026-03-01 23:00,-24.2,41.6,0.0,36.5,142.26,0.0,132.47,92.3,0.0,0.0
2026-03-02 00:00,-25.3,48.2,0.0,42.1,151.77,0.0,180.0,95.0,0.0,0.0
2026-03-02 01:00,-19.8,42.7,0.0,36.9,130.0,0.0,146.8,95.0,0.0,0.0
2026-03-02 02:00,-24.8,65.0,0.0,39.3,148.65,0.0,180.0,95.0,0.0,0.0
2026-03-02 03:00,-20.1,44.1,0.0,42.2,141.55,0.0,166.47,95.0,0.0,0.0
2026-03-02 04:00,-20.6,46.3,0.0,35.8,131.76,0.0,180.0,95.0,0.0,0.0
2026-03-02 05:00,-23.6,43.1,0.0,34.0,133.53,0.0,152.25,95.0,0.0,0.0
2026-03-02 06:00,-26.5,40.4,0.0,26.0,135.1,0.0,117.95,90.3,0.0,0.0
2026-03-02 07:00,-19.1,40.5,95.54,36.4,129.06,17.91,119.12,92.2,0.0,0.0
2026-03-02 08:00,-25.9,40.1,90.66,94.6,189.78,17.0,114.49,76.3,0.0,0.0
2026-03-02 09:00,-25.4,46.2,142.2,66.9,169.1,26.66,180.0,85.0,0.0,0.0
2026-03-02 10:00,-25.6,47.2,346.82,77.4,178.8,65.03,180.0,95.0,0.0,0.0
2026-03-02 11:00,-21.7,43.3,180.84,70.4,156.69,33.91,155.02,95.0,0.0,0.0
2026-03-02 12:00,-19.4,39.9,338.08,88.6,168.33,63.39,112.22,95.0,0.0,0.0
2026-03-02 13:00,-21.4,43.5,321.14,93.3,174.71,60.21,157.83,95.0,0.0,0.0
2026-03-02 14:00,-26.4,63.9,122.09,74.9,185.8,22.89,180.0,95.0,0.0,0.0
2026-03-02 15:00,-22.3,51.8,308.57,94.9,183.47,57.86,180.0,95.0,0.0,0.0
2026-03-02 16:00,-17.7,41.5,90.48,65.5,133.93,16.96,131.22,95.0,0.0,0.0
2026-03-02 17:00,-21.8,40.1,43.8,91.2,170.24,8.21,114.49,82.1,0.0,0.0
2026-03-02 18:00,-19.0,47.0,0.0,93.7,167.41,0.0,180.0,85.0,0.0,0.0
2026-03-02 19:00,-19.1,60.0,0.0,86.6,164.73,0.0,180.0,88.5,0.0,0.0
2026-03-02 20:00,-19.4,40.5,0.0,28.6,118.94,0.0,119.12,88.5,0.0,0.0
2026-03-02 21:00,-19.9,60.7,0.0,28.7,119.76,0.0,180.0,95.0,0.0,0.0
2026-03-02 22:00,-19.8,39.8,0.0,31.3,126.41,0.0,111.1,90.8,0.0,0.0
2026-03-02 23:00,-24.1,66.9,0.0,28.1,133.33,0.0,180.0,95.0,0.0,0.0
2026-03-03 00:00,-21.6,39.8,0.0,38.0,138.49,0.0,111.1,87.6,0.0,0.0
2026-03-03 01:00,-25.3,40.4,0.0,44.1,157.69,0.0,117.95,76.8,0.0,0.0
2026-03-03 02:00,-17.8,42.8,0.0,33.5,120.5,0.0,148.15,83.1,0.0,0.0
2026-03-03 03:00,-18.4,38.1,0.0,33.9,113.73,0.0,93.15,77.5,0.0,0.0
2026-03-03 04:00,-19.5,57.1,0.0,25.4,126.17,0.0,180.0,89.9,0.0,0.0
2026-03-03 05:00,-23.0,40.9,0.0,27.7,139.21,0.0,123.86,85.7,0.0,0.0
2026-03-03 06:00,-20.5,44.7,0.0,38.5,133.15,0.0,175.41,95.0,0.0,0.0
2026-03-03 07:00,-28.1,43.4,98.23,41.1,166.39,18.42,156.43,95.0,0.0,0.0
2026-03-03 08:00,-27.3,57.2,112.26,67.7,176.24,21.05,180.0,95.0,0.0,0.0
2026-03-03 09:00,-30.4,46.5,228.65,67.0,180.21,42.87,180.0,95.0,0.0,0.0
2026-03-03 10:00,-22.0,38.9,263.04,91.9,180.36,49.32,101.34,86.9,0.0,0.0
2026-03-03 11:00,-23.9,43.5,315.1,92.6,189.07,59.08,157.83,93.3,0.0,0.0
2026-03-03 12:00,-29.2,41.2,413.97,76.6,188.32,77.62,127.51,95.0,0.0,0.0
2026-03-03 13:00,-20.3,37.7,186.69,85.3,166.24,35.0,89.23,83.6,0.0,0.0
2026-03-03 14:00,-23.8,39.5,131.82,88.1,180.52,24.72,107.78,70.5,0.0,0.0
2026-03-03 15:00,-22.0,42.0,288.93,91.2,171.78,54.17,137.57,75.1,0.0,0.0
2026-03-03 16:00,-13.5,51.9,182.3,65.3,131.81,34.18,180.0,93.5,0.0,0.0
2026-03-03 17:00,-19.4,43.0,60.83,80.9,163.38,11.41,150.87,93.2,0.0,0.0
2026-03-03 18:00,-12.4,41.0,0.0,86.4,144.61,0.0,125.07,87.9,0.0,0.0
2026-03-03 19:00,-20.2,40.7,0.0,85.6,163.08,0.0,121.47,76.6,0.0,0.0
2026-03-03 20:00,-16.4,40.8,0.0,43.2,125.18,0.0,122.66,75.9,0.0,0.0
2026-03-03 21:00,-20.5,60.4,0.0,44.2,136.28,0.0,180.0,86.0,0.0,0.0
2026-03-03 22:00,-15.6,36.4,0.0,37.1,116.78,0.0,77.25,75.2,0.0,0.0
2026-03-03 23:00,-21.7,45.4,0.0,38.5,140.14,0.0,180.0,84.4,0.0,0.0
2026-03-04 00:00,-21.1,38.8,0.0,41.2,135.6,0.0,100.29,74.8,0.0,0.0
2026-03-04 01:00,-13.5,43.4,0.0,41.5,109.69,0.0,156.43,85.6,0.0,0.0
2026-03-04 02:00,-25.3,42.0,0.0,34.0,141.83,0.0,137.57,84.4,0.0,0.0
2026-03-04 03:00,-21.7,37.7,0.0,28.9,128.18,0.0,89.23,73.8,0.0,0.0
2026-03-04 04:00,-21.7,39.3,0.0,34.0,128.21,0.0,105.6,67.7,0.0,0.0
2026-03-04 05:00,-25.4,52.5,0.0,33.7,143.94,0.0,180.0,76.0,0.0,0.0
2026-03-04 06:00,-24.2,41.9,0.0,36.2,141.42,0.0,136.28,74.6,0.0,0.0
2026-03-04 07:00,-26.4,48.6,89.17,43.9,153.52,16.72,180.0,84.5,0.0,0.0
2026-03-04 08:00,-29.7,35.7,69.47,74.8,190.09,13.03,71.26,57.3,5.8,5.48
2026-03-04 09:00,-23.4,36.3,100.22,65.3,170.16,18.79,76.37,37.0,0.0,0.0
2026-03-04 10:00,-22.8,38.3,329.9,82.6,169.2,61.86,95.15,33.6,0.0,0.0
2026-03-04 11:00,-24.1,36.5,196.7,77.8,173.99,36.88,78.13,20.0,4.41,5.12
2026-03-04 12:00,-14.7,61.1,326.98,82.7,149.81,61.31,180.0,38.4,0.0,0.0
2026-03-04 13:00,-20.1,48.7,250.78,74.7,159.85,47.02,180.0,53.8,0.0,0.0
2026-03-04 14:00,-21.9,45.4,151.91,80.1,162.25,28.48,180.0,64.5,0.0,0.0
2026-03-04 15:00,-18.4,37.1,80.9,84.9,164.04,15.17,83.56,46.7,0.0,0.0
2026-03-04 16:00,-14.0,51.5,121.79,79.9,144.75,22.84,180.0,60.1,0.0,0.0
2026-03-04 17:00,-23.0,38.1,52.48,91.0,183.69,9.84,93.15,38.2,0.0,0.0
2026-03-04 18:00,-24.6,37.6,0.0,73.5,171.02,0.0,88.27,20.0,10.09,6.57
2026-03-04 19:00,-22.6,38.8,0.0,76.6,172.15,0.0,100.29,20.0,71.86,22.32
2026-03-04 20:00,-22.1,34.6,0.0,36.8,136.56,0.0,62.5,20.0,74.06,22.89
2026-03-04 21:00,-25.2,34.1,0.0,35.3,138.48,0.0,58.77,20.0,79.71,24.33
2026-03-04 22:00,-24.2,35.9,0.0,28.5,139.61,0.0,72.94,20.0,66.67,21.0
2026-03-04 23:00,-21.7,36.6,0.0,29.2,132.51,0.0,79.02,20.0,53.49,17.64
2026-03-05 00:00,-17.4,34.8,0.0,41.1,125.73,0.0,64.04,20.0,61.69,19.73
2026-03-05 01:00,-22.3,34.7,0.0,30.1,129.02,0.0,63.26,20.0,65.76,20.77
2026-03-05 02:00,-29.4,56.7,0.0,27.5,159.06,0.0,180.0,24.8,0.0,0.0
2026-03-05 03:00,-20.1,36.3,0.0,27.9,121.35,0.0,76.37,20.0,25.72,10.56
2026-03-05 04:00,-19.5,39.5,0.0,34.4,122.06,0.0,107.78,20.0,14.28,7.64
2026-03-05 05:00,-25.2,41.5,0.0,42.9,152.74,0.0,131.22,20.0,21.52,9.49
2026-03-05 06:00,-22.7,37.2,0.0,33.1,133.6,0.0,84.48,20.0,49.12,16.53
2026-03-05 07:00,-28.2,37.6,36.06,40.3,159.54,6.76,88.27,20.0,64.51,20.45
2026-03-05 08:00,-23.6,41.6,91.49,90.2,182.13,17.15,132.47,20.0,32.51,12.29
2026-03-05 09:00,-25.3,36.3,169.24,90.4,186.49,31.73,76.37,20.0,78.39,23.99
2026-03-05 10:00,-19.6,39.1,185.9,75.7,162.34,34.86,103.45,20.0,24.03,10.13
2026-03-05 11:00,-26.0,71.4,287.59,68.8,172.83,53.92,180.0,34.1,0.0,0.0
2026-03-05 12:00,-24.5,40.2,116.05,74.9,176.39,21.76,115.63,23.5,0.0,0.0
2026-03-05 13:00,-25.5,35.9,223.06,86.6,180.54,41.82,72.94,20.0,51.97,17.25
2026-03-05 14:00,-12.7,51.7,237.42,66.5,129.9,44.52,180.0,38.4,0.0,0.0
2026-03-05 15:00,-22.9,48.1,209.63,65.6,163.84,39.31,180.0,51.2,0.0,0.0
2026-03-05 16:00,-20.1,35.8,176.84,66.3,155.19,33.16,72.1,37.6,0.0,0.0
2026-03-05 17:00,-21.9,40.5,109.03,79.5,168.58,20.44,119.12,29.7,0.0,0.0
2026-03-05 18:00,-13.1,36.6,0.0,89.5,152.7,0.0,79.02,20.0,34.86,12.89
2026-03-05 19:00,-22.1,37.5,0.0,84.5,179.93,0.0,87.31,20.0,92.62,27.62
2026-03-05 20:00,-20.5,34.4,0.0,29.3,123.89,0.0,60.99,20.0,62.9,20.04
2026-03-05 21:00,-21.3,33.6,0.0,41.2,137.82,0.0,55.18,20.0,82.64,25.07
2026-03-05 22:00,-16.5,33.4,0.0,27.0,116.34,0.0,53.79,20.0,62.55,19.95
2026-03-05 23:00,-21.2,31.5,0.0,31.4,130.38,0.0,41.72,20.0,88.66,26.61
2026-03-06 00:00,-18.2,42.2,0.0,40.1,126.38,0.0,140.16,23.2,0.0,0.0
2026-03-06 01:00,-16.2,37.9,0.0,36.1,123.28,0.0,91.18,20.0,19.42,8.95
2026-03-06 02:00,-18.9,46.3,0.0,29.3,124.38,0.0,180.0,32.8,0.0,0.0
2026-03-06 03:00,-14.8,43.8,0.0,33.9,100.88,0.0,162.11,46.9,0.0,0.0
2026-03-06 04:00,-25.2,37.2,0.0,41.6,150.97,0.0,84.48,28.8,0.0,0.0
2026-03-06 05:00,-18.1,30.8,0.0,27.5,124.08,0.0,37.78,20.0,51.07,17.02
2026-03-06 06:00,-28.9,30.8,0.0,38.4,158.15,0.0,37.78,20.0,120.37,34.69
2026-03-06 07:00,-26.9,47.0,80.08,32.8,150.65,15.01,180.0,30.2,0.0,0.0
2026-03-06 08:00,-32.5,44.9,101.41,92.9,209.54,19.01,178.46,26.9,0.0,0.0
2026-03-06 09:00,-23.2,50.2,140.89,72.4,169.36,26.42,180.0,35.4,0.0,0.0
2026-03-06 10:00,-21.4,28.7,257.82,81.9,166.68,48.34,27.45,20.0,29.1,11.42
2026-03-06 11:00,-19.9,43.8,204.89,83.3,159.68,38.42,162.11,29.4,0.0,0.0
2026-03-06 12:00,-22.7,33.2,397.14,65.3,153.71,74.46,52.42,22.1,0.0,0.0
2026-03-06 13:00,-19.2,38.9,280.56,82.1,168.93,52.6,101.34,20.0,6.57,5.68
2026-03-06 14:00,-21.2,30.7,98.75,67.4,153.63,18.52,37.24,20.0,97.87,28.96
2026-03-06 15:00,-28.1,38.1,173.0,84.3,194.59,32.44,93.15,20.0,69.0,21.6
2026-03-06 16:00,-18.2,35.9,104.91,81.6,163.46,19.67,72.94,20.0,70.85,22.07
2026-03-06 17:00,-23.5,50.5,24.35,89.5,187.25,4.57,180.0,20.0,2.68,4.68
2026-03-06 18:00,-22.6,30.8,0.0,79.3,168.19,0.0,37.78,20.0,130.41,37.25
2026-03-06 19:00,-24.0,57.8,0.0,68.2,167.18,0.0,180.0,22.9,0.0,0.0
2026-03-06 20:00,-19.3,37.5,0.0,33.7,129.5,0.0,87.31,20.0,30.4,11.75
2026-03-06 21:00,-24.1,34.0,0.0,35.0,138.26,0.0,58.04,20.0,80.22,24.46
2026-03-06 22:00,-22.9,27.6,0.0,26.0,126.15,0.0,22.89,20.0,103.26,30.33
2026-03-06 23:00,-24.6,43.2,0.0,34.7,147.26,0.0,153.63,21.5,0.0,0.0
2026-03-07 00:00,-29.0,33.3,0.0,27.3,153.69,0.0,53.11,20.0,94.72,28.15
2026-03-07 01:00,-27.9,36.4,0.0,32.3,148.84,0.0,77.25,20.0,71.59,22.26
2026-03-07 02:00,-15.9,27.2,0.0,41.9,119.84,0.0,21.36,20.0,98.48,29.11
2026-03-07 03:00,-24.3,29.2,0.0,44.5,148.62,0.0,29.71,20.0,118.91,34.32
2026-03-07 04:00,-24.9,30.1,0.0,36.4,145.8,0.0,34.09,20.0,111.71,32.49
2026-03-07 05:00,-19.1,32.2,0.0,25.8,119.75,0.0,45.93,20.0,73.82,22.82
2026-03-07 06:00,-22.1,41.4,0.0,29.6,132.32,0.0,129.97,20.0,2.35,4.6
2026-03-07 07:00,-23.0,29.6,43.8,35.1,141.03,8.21,31.61,20.0,101.21,29.81
2026-03-07 08:00,-24.4,25.7,128.58,69.0,162.11,24.11,16.25,20.0,121.75,35.05
2026-03-07 09:00,-26.1,31.1,289.33,76.1,185.72,54.25,39.44,20.0,92.03,27.47
2026-03-07 10:00,-21.8,35.4,308.89,71.1,165.05,57.92,68.8,20.0,38.33,13.77
2026-03-07 11:00,-30.9,36.2,204.46,74.9,192.6,38.34,75.5,20.0,78.76,24.08
2026-03-07 12:00,-22.3,26.9,139.76,83.4,172.68,26.2,20.26,20.0,126.22,36.19
2026-03-07 13:00,-22.7,34.4,237.49,80.4,168.81,44.53,60.99,20.0,63.29,20.14
2026-03-07 14:00,-23.7,46.6,349.84,76.3,171.08,65.6,180.0,37.1,0.0,0.0
2026-03-07 15:00,-23.6,34.4,210.37,69.1,170.59,39.44,60.99,20.0,1.6,4.41
2026-03-07 16:00,-19.6,26.2,97.43,86.5,165.16,18.27,17.85,20.0,129.04,36.91
2026-03-07 17:00,-11.5,29.0,111.19,74.8,138.86,20.85,28.8,20.0,89.21,26.75
2026-03-07 18:00,-19.3,46.1,0.0,90.9,169.07,0.0,180.0,22.5,0.0,0.0
2026-03-07 19:00,-12.3,41.8,0.0,76.8,134.25,0.0,135.0,22.7,0.0,0.0
2026-03-07 20:00,-13.3,33.5,0.0,44.0,108.64,0.0,54.48,20.0,43.41,15.07
2026-03-07 21:00,-19.1,26.0,0.0,40.5,137.19,0.0,17.2,20.0,119.99,34.6
2026-03-07 22:00,-24.3,28.6,0.0,37.3,149.35,0.0,27.02,20.0,122.33,35.19
2026-03-07 23:00,-14.1,27.4,0.0,32.1,108.54,0.0,22.12,20.0,86.42,26.04
2026-03-08 00:00,-16.9,29.3,0.0,34.9,110.16,0.0,30.18,20.0,79.98,24.39
2026-03-08 01:00,-25.8,24.0,0.0,43.7,154.27,0.0,11.52,20.0,142.75,40.4
2026-03-08 02:00,-25.6,41.9,0.0,37.8,156.02,0.0,136.28,20.0,19.74,9.03
2026-03-08 03:00,-21.2,36.3,0.0,42.1,137.95,0.0,76.37,20.0,61.58,19.7
2026-03-08 04:00,-26.5,25.0,0.0,42.1,151.39,0.0,14.17,20.0,137.22,38.99
2026-03-08 05:00,-24.4,24.1,0.0,29.6,137.87,0.0,11.77,20.0,126.1,36.16
2026-03-08 06:00,-24.6,26.6,0.0,33.2,142.68,0.0,19.2,20.0,123.48,35.49
2026-03-08 07:00,-20.2,32.2,33.91,39.6,137.49,6.36,45.93,20.0,85.2,25.73
2026-03-08 08:00,-22.0,45.1,45.01,78.3,175.4,8.44,180.0,23.0,0.0,0.0
2026-03-08 09:00,-21.8,22.3,216.19,80.0,168.6,40.54,7.81,20.0,108.25,31.6
2026-03-08 10:00,-22.8,40.7,292.11,93.3,187.37,54.77,121.47,20.0,11.13,6.84
2026-03-08 11:00,-24.9,24.6,109.3,81.1,179.24,20.49,13.07,20.0,145.68,41.15
2026-03-08 12:00,-22.6,27.3,417.89,73.0,162.73,78.35,21.74,20.0,62.64,19.97
2026-03-08 13:00,-23.2,38.8,399.7,76.5,173.45,74.94,100.29,20.4,0.0,0.0
2026-03-08 14:00,-25.7,42.0,307.66,78.6,179.92,57.69,137.57,23.9,0.0,0.0
2026-03-08 15:00,-21.6,21.7,250.61,79.9,167.96,46.99,6.72,20.0,98.5,29.12
2026-03-08 16:00,-16.4,30.3,169.19,86.1,151.83,31.72,35.12,20.0,84.99,25.67
2026-03-08 17:00,-20.3,25.3,69.18,71.0,160.66,12.97,15.04,20.0,132.65,37.83
2026-03-08 18:00,-19.4,22.7,0.0,74.1,154.98,0.0,8.6,20.0,146.38,41.33
2026-03-08 19:00,-23.6,21.7,0.0,88.2,177.59,0.0,6.72,20.0,170.87,47.57
2026-03-08 20:00,-17.9,29.4,0.0,37.7,112.38,0.0,30.65,20.0,81.73,24.84
2026-03-08 21:00,-19.7,22.6,0.0,27.9,122.59,0.0,8.4,20.0,114.19,33.12
2026-03-08 22:00,-19.1,28.5,0.0,32.6,116.78,0.0,26.58,20.0,90.2,27.0
2026-03-08 23:00,-24.6,25.9,0.0,25.5,132.93,0.0,16.88,20.0,116.05,33.59
2026-03-09 00:00,-18.5,29.8,0.0,26.8,117.83,0.0,32.59,20.0,85.24,25.74
2026-03-09 01:00,-18.9,33.1,0.0,33.1,130.19,0.0,51.75,20.0,78.44,24.0
2026-03-09 02:00,-11.7,25.5,0.0,36.3,106.56,0.0,15.63,20.0,90.93,27.19
2026-03-09 03:00,-23.6,24.6,0.0,41.9,144.09,0.0,13.07,20.0,131.02,37.41
2026-03-09 04:00,-25.3,21.3,0.0,39.6,151.31,0.0,6.06,20.0,145.25,41.04
2026-03-09 05:00,-28.3,22.3,0.0,39.2,155.69,0.0,7.81,20.0,147.88,41.71
2026-03-09 06:00,-27.4,31.8,0.0,32.4,151.49,0.0,43.49,20.0,108.0,31.54
2026-03-09 07:00,-27.5,35.9,83.72,37.3,157.7,15.7,72.94,20.0,69.06,21.61
2026-03-09 08:00,-27.2,21.7,122.17,89.3,195.67,22.91,6.72,20.0,166.04,46.34
2026-03-09 09:00,-25.6,28.4,240.73,76.6,184.46,45.14,26.15,20.0,113.17,32.86
2026-03-09 10:00,-23.4,21.2,143.81,78.8,173.21,26.96,5.9,20.0,140.35,39.79
2026-03-09 11:00,-19.5,29.5,321.31,66.7,152.01,60.25,31.13,20.0,60.63,19.46
2026-03-09 12:00,-21.2,26.3,449.43,90.7,176.45,84.27,18.18,20.0,74.0,22.87
2026-03-09 13:00,-19.7,19.6,126.01,67.3,151.15,23.63,3.71,20.0,123.81,35.57
2026-03-09 14:00,-23.1,33.1,323.65,85.6,178.38,60.68,51.75,20.0,65.95,20.82
2026-03-09 15:00,-22.4,19.2,196.03,73.5,170.63,36.76,3.27,20.0,130.6,37.3
2026-03-09 16:00,-15.9,29.9,135.93,82.4,152.25,25.49,33.08,20.0,93.68,27.89
2026-03-09 17:00,-17.4,21.5,96.04,91.3,158.92,18.01,6.39,20.0,134.52,38.3
2026-03-09 18:00,-26.4,23.3,0.0,91.3,196.67,0.0,9.88,20.0,186.79,51.63
2026-03-09 19:00,-20.6,23.4,0.0,93.5,168.22,0.0,10.1,20.0,158.12,44.32
2026-03-09 20:00,-16.8,20.7,0.0,25.2,108.01,0.0,5.14,20.0,102.87,30.23
2026-03-09 21:00,-22.7,16.9,0.0,38.7,128.54,0.0,1.38,20.0,127.16,36.43
2026-03-09 22:00,-26.1,18.1,0.0,33.1,149.5,0.0,2.23,20.0,147.27,41.55
2026-03-09 23:00,-25.2,22.2,0.0,28.1,141.36,0.0,7.62,20.0,133.74,38.1
2026-03-10 00:00,-22.3,21.4,0.0,26.4,131.34,0.0,6.22,20.0,125.12,35.91
2026-03-10 01:00,-20.6,22.1,0.0,43.5,130.68,0.0,7.44,20.0,123.24,35.43
2026-03-10 02:00,-28.2,40.0,0.0,40.5,165.63,0.0,113.35,20.0,52.28,17.33
2026-03-10 03:00,-23.5,30.1,0.0,41.5,150.0,0.0,34.09,20.0,115.91,33.56
2026-03-10 04:00,-27.0,18.7,0.0,30.9,152.66,0.0,2.76,20.0,149.9,42.22
2026-03-10 05:00,-26.6,16.7,0.0,29.8,148.62,0.0,1.26,20.0,147.36,41.58
2026-03-10 06:00,-26.3,43.9,0.0,39.3,152.51,0.0,163.56,22.5,0.0,0.0
2026-03-10 07:00,-26.3,23.4,53.41,27.9,136.48,10.01,10.1,20.0,106.2,31.08
2026-03-10 08:00,-26.0,19.3,79.01,91.1,193.01,14.81,3.38,20.0,174.82,48.58
2026-03-10 09:00,-19.9,15.5,232.45,87.1,163.56,43.58,0.7,20.0,119.28,34.42
2026-03-10 10:00,-32.0,20.2,229.78,85.7,206.46,43.08,4.46,20.0,158.92,44.52
2026-03-10 11:00,-25.0,16.0,394.33,68.4,172.79,73.94,0.91,20.0,97.94,28.97
2026-03-10 12:00,-18.9,33.3,194.84,83.7,164.1,36.53,53.11,20.0,74.46,22.99
2026-03-10 13:00,-22.6,15.2,88.89,75.5,158.83,16.67,0.59,20.0,141.57,40.1
2026-03-10 14:00,-23.8,20.2,133.8,77.8,182.01,25.09,4.46,20.0,152.46,42.88
2026-03-10 15:00,-21.0,25.3,307.0,81.7,161.5,57.56,15.04,20.0,88.9,26.67
2026-03-10 16:00,-23.1,15.3,212.22,83.3,166.43,39.79,0.63,20.0,126.01,36.13
2026-03-10 17:00,-19.7,20.5,50.15,67.3,147.64,9.4,4.86,20.0,133.38,38.01
2026-03-10 18:00,-24.0,19.4,0.0,86.6,182.62,0.0,3.49,20.0,179.13,49.68
2026-03-10 19:00,-25.3,21.8,0.0,93.2,186.04,0.0,6.9,20.0,179.14,49.68
2026-03-10 20:00,-19.8,31.8,0.0,26.9,119.37,0.0,43.49,20.0,75.88,23.35
2026-03-10 21:00,-20.2,28.9,0.0,33.4,131.05,0.0,28.34,20.0,102.71,30.19
2026-03-10 22:00,-15.4,14.2,0.0,36.9,118.42,0.0,0.31,20.0,118.11,34.12
2026-03-10 23:00,-24.7,18.9,0.0,31.7,136.6,0.0,2.96,20.0,133.64,38.08
2026-03-11 00:00,-18.6,14.7,0.0,43.9,131.29,0.0,0.44,20.0,130.85,37.37
2026-03-11 01:00,-16.5,27.6,0.0,27.1,117.39,0.0,22.89,20.0,94.5,28.1
2026-03-11 02:00,-19.4,27.8,0.0,26.4,127.6,0.0,23.68,20.0,103.92,30.5
2026-03-11 03:00,-30.6,16.7,0.0,37.4,167.52,0.0,1.26,20.0,166.26,46.4
2026-03-11 04:00,-18.7,17.4,0.0,27.0,119.03,0.0,1.7,20.0,117.33,33.92
2026-03-11 05:00,-24.3,16.5,0.0,39.4,144.21,0.0,1.15,20.0,143.06,40.48
2026-03-11 06:00,-22.9,14.4,0.0,27.7,126.17,0.0,0.36,20.0,125.81,36.08
2026-03-11 07:00,-26.2,17.2,111.23,32.1,148.87,20.86,1.57,20.0,126.44,36.24
2026-03-11 08:00,-28.3,23.7,187.38,76.9,187.35,35.13,10.8,20.0,141.42,40.06
2026-03-11 09:00,-24.6,16.2,130.57,72.3,162.51,24.48,1.0,20.0,137.03,38.94
2026-03-11 10:00,-20.0,26.2,202.18,79.8,165.52,37.91,17.85,20.0,109.76,31.99
2026-03-11 11:00,-20.7,15.0,158.35,92.1,178.54,29.69,0.52,20.0,148.33,41.82
2026-03-11 12:00,-21.9,22.9,127.57,70.7,162.78,23.92,9.01,20.0,129.85,37.11
2026-03-11 13:00,-23.3,23.4,240.69,76.6,168.3,45.13,10.1,20.0,113.07,32.83
2026-03-11 14:00,-18.5,12.8,180.92,76.6,156.67,33.92,0.09,20.0,122.66,35.28
2026-03-11 15:00,-23.6,21.1,103.92,73.6,170.99,19.49,5.74,20.0,145.76,41.17
2026-03-11 16:00,-22.1,17.6,80.81,80.0,169.52,15.15,1.84,20.0,152.53,42.9
2026-03-11 17:00,-21.4,21.1,53.26,88.5,170.04,9.99,5.74,20.0,154.31,43.35
2026-03-11 18:00,-24.4,14.8,0.0,69.9,171.08,0.0,0.46,20.0,170.62,47.51
2026-03-11 19:00,-19.2,18.7,0.0,93.3,164.26,0.0,2.76,20.0,161.5,45.18
2026-03-11 20:00,-15.6,18.5,0.0,30.1,113.46,0.0,2.58,20.0,110.88,32.27
2026-03-11 21:00,-17.1,24.1,0.0,34.1,115.42,0.0,11.77,20.0,103.65,30.43
2026-03-11 22:00,-23.7,15.9,0.0,36.6,140.84,0.0,0.86,20.0,139.98,39.69
2026-03-11 23:00,-20.2,14.9,0.0,35.2,126.97,0.0,0.49,20.0,126.48,36.25
2026-03-12 00:00,-17.4,18.1,0.0,34.0,117.97,0.0,2.23,20.0,115.74,33.51
2026-03-12 01:00,-24.4,26.1,0.0,44.3,144.26,0.0,17.52,20.0,126.74,36.32
2026-03-12 02:00,-18.2,16.0,0.0,36.0,122.91,0.0,0.91,20.0,122.0,35.11
2026-03-12 03:00,-21.9,24.7,0.0,40.6,146.22,0.0,13.34,20.0,132.88,37.88
2026-03-12 04:00,-20.1,14.8,0.0,28.5,127.26,0.0,0.46,20.0,126.8,36.33
2026-03-12 05:00,-30.9,17.8,0.0,28.8,156.75,0.0,1.99,20.0,154.76,43.46
2026-03-12 06:00,-27.1,16.5,0.0,35.0,149.0,0.0,1.15,20.0,147.85,41.7
2026-03-12 07:00,-27.1,21.4,43.33,40.4,153.89,8.12,6.22,20.0,139.55,39.59
2026-03-12 08:00,-21.0,12.4,128.22,94.0,180.31,24.04,0.06,20.0,156.21,43.83
2026-03-12 09:00,-26.4,12.2,272.64,69.2,173.27,51.12,0.04,20.0,122.11,35.14
2026-03-12 10:00,-18.9,22.0,311.2,83.1,161.16,58.35,7.25,20.0,95.56,28.37
2026-03-12 11:00,-27.7,20.3,325.61,88.8,197.79,61.05,4.59,20.0,132.15,37.7
2026-03-12 12:00,-25.9,16.4,200.45,88.1,186.76,37.58,1.1,20.0,148.08,41.76
2026-03-12 13:00,-25.8,49.2,164.01,70.9,171.49,30.75,180.0,29.0,0.0,0.0
2026-03-12 14:00,-22.9,18.9,257.37,87.8,179.46,48.26,2.96,20.0,92.12,27.49
2026-03-12 15:00,-19.4,14.1,314.64,70.3,151.16,59.0,0.29,20.0,91.87,27.43
2026-03-12 16:00,-21.4,16.9,120.85,94.9,184.41,22.66,1.38,20.0,160.37,44.89
2026-03-12 17:00,-25.6,14.7,60.48,85.9,190.64,11.34,0.44,20.0,178.86,49.61
2026-03-12 18:00,-14.4,11.4,0.0,71.3,139.53,0.0,0.01,20.0,139.52,39.58
2026-03-12 19:00,-20.8,13.1,0.0,80.4,165.91,0.0,0.13,20.0,165.78,46.27
2026-03-12 20:00,-18.8,14.9,0.0,43.6,134.32,0.0,0.49,20.0,133.83,38.13
2026-03-12 21:00,-20.8,19.5,0.0,36.2,131.58,0.0,3.6,20.0,127.98,36.63
2026-03-12 22:00,-17.3,44.9,0.0,35.7,126.7,0.0,178.46,31.9,0.0,0.0
2026-03-12 23:00,-22.1,22.5,0.0,44.1,145.61,0.0,8.2,20.0,89.79,26.9
2026-03-13 00:00,-24.1,14.1,0.0,32.1,149.47,0.0,0.29,20.0,149.18,42.04
2026-03-13 01:00,-18.5,12.2,0.0,34.9,128.91,0.0,0.04,20.0,128.87,36.86
2026-03-13 02:00,-12.9,22.2,0.0,38.2,102.03,0.0,7.62,20.0,94.41,28.07
2026-03-13 03:00,-19.8,23.7,0.0,42.2,130.36,0.0,10.8,20.0,119.56,34.49
2026-03-13 04:00,-19.6,11.3,0.0,33.1,122.47,0.0,0.01,20.0,122.46,35.23
2026-03-13 05:00,-19.5,15.9,0.0,37.9,122.8,0.0,0.86,20.0,121.94,35.09
2026-03-13 06:00,-23.8,26.1,0.0,34.6,138.56,0.0,17.52,20.0,121.04,34.87
2026-03-13 07:00,-31.1,11.6,30.61,42.0,172.77,5.74,0.02,20.0,167.01,46.59
2026-03-13 08:00,-29.2,29.5,138.89,70.2,183.81,26.04,31.13,20.0,126.64,36.29
2026-03-13 09:00,-30.4,12.1,136.46,83.0,199.02,25.59,0.04,20.0,173.39,48.21
2026-03-13 10:00,-24.7,20.3,105.67,81.6,177.02,19.81,4.59,20.0,152.62,42.92
2026-03-13 11:00,-30.7,32.1,233.98,66.6,191.05,43.87,45.32,20.0,101.86,29.97
2026-03-13 12:00,-22.8,11.7,332.42,73.9,167.99,62.33,0.02,20.0,105.64,30.94
2026-03-13 13:00,-19.2,10.9,336.27,86.5,169.04,63.05,0.0,20.0,105.99,31.03
2026-03-13 14:00,-22.2,11.4,289.89,81.8,170.51,54.35,0.01,20.0,116.15,33.62
2026-03-13 15:00,-17.6,10.1,297.16,70.1,146.53,55.72,0.0,20.0,90.81,27.16
2026-03-13 16:00,-18.5,10.9,50.48,83.2,159.52,9.46,0.0,20.0,150.06,42.27
2026-03-13 17:00,-26.1,26.4,65.36,83.1,182.85,12.26,18.52,20.0,152.07,42.78
2026-03-13 18:00,-23.0,14.7,0.0,95.0,184.13,0.0,0.44,20.0,183.69,50.84
2026-03-13 19:00,-20.4,10.0,0.0,74.1,158.58,0.0,0.0,20.0,158.58,44.44
2026-03-13 20:00,-12.5,26.6,0.0,40.0,107.77,0.0,19.2,20.0,88.57,26.59
2026-03-13 21:00,-24.0,12.3,0.0,31.6,143.37,0.0,0.05,20.0,143.32,40.55
2026-03-13 22:00,-29.8,15.7,0.0,38.5,165.41,0.0,0.78,20.0,164.63,45.98
2026-03-13 23:00,-22.6,13.4,0.0,39.8,139.12,0.0,0.17,20.0,138.95,39.43
2026-03-14 00:00,-24.8,17.1,0.0,36.4,148.56,0.0,1.5,20.0,147.06,41.5
2026-03-14 01:00,-23.1,16.7,0.0,39.3,154.34,0.0,1.26,20.0,153.08,43.04
2026-03-14 02:00,-24.0,10.6,0.0,44.5,150.77,0.0,0.0,20.0,150.77,42.45
2026-03-14 03:00,-23.0,11.7,0.0,34.7,135.87,0.0,0.02,20.0,135.85,38.64
2026-03-14 04:00,-22.8,13.5,0.0,37.1,141.69,0.0,0.18,20.0,141.51,40.09
2026-03-14 05:00,-30.4,12.8,0.0,25.7,158.07,0.0,0.09,20.0,157.98,44.28
2026-03-14 06:00,-30.9,15.1,0.0,41.4,166.73,0.0,0.56,20.0,166.17,46.37
2026-03-14 07:00,-24.9,12.0,34.9,32.5,145.36,6.54,0.03,20.0,138.79,39.39
2026-03-14 08:00,-23.1,15.2,104.92,91.0,176.47,19.67,0.59,20.0,156.21,43.83
2026-03-14 09:00,-20.0,21.5,71.81,91.6,174.45,13.46,6.39,20.0,154.6,43.42
2026-03-14 10:00,-24.9,15.7,305.23,65.4,169.9,57.23,0.78,20.0,111.89,32.53
2026-03-14 11:00,-25.1,12.5,89.35,70.3,171.08,16.75,0.07,20.0,154.26,43.34
2026-03-14 12:00,-25.7,29.6,100.27,91.8,191.96,18.8,31.61,20.0,141.55,40.1
2026-03-14 13:00,-21.6,13.5,314.32,91.8,179.94,58.93,0.18,20.0,120.83,34.81
2026-03-14 14:00,-25.2,30.6,168.83,69.2,172.11,31.66,36.7,20.0,103.75,30.46
2026-03-14 15:00,-16.0,17.9,120.89,72.0,145.55,22.67,2.07,20.0,120.81,34.81
2026-03-14 16:00,-21.4,28.9,45.17,77.3,170.9,8.47,28.34,20.0,134.09,38.19
2026-03-14 17:00,-29.7,22.2,72.2,80.8,189.93,13.54,7.62,20.0,168.77,47.04
2026-03-14 18:00,-24.9,11.5,0.0,84.6,183.91,0.0,0.01,20.0,183.9,50.89
2026-03-14 19:00,-19.5,28.2,0.0,93.1,177.84,0.0,25.31,20.0,152.53,42.9
2026-03-14 20:00,-24.5,42.9,0.0,30.5,144.19,0.0,149.51,21.2,0.0,0.0
2026-03-14 21:00,-21.9,41.0,0.0,36.8,136.33,0.0,125.07,20.0,6.37,5.62
2026-03-14 22:00,-20.0,10.6,0.0,37.2,139.54,0.0,0.0,20.0,139.54,39.58
2026-03-14 23:00,-15.0,12.5,0.0,29.4,107.12,0.0,0.07,20.0,107.05,31.3
2026-03-15 00:00,-17.1,24.5,0.0,32.7,116.72,0.0,12.8,20.0,103.92,30.5
2026-03-15 01:00,-24.7,11.9,0.0,44.4,154.56,0.0,0.03,20.0,154.53,43.41
2026-03-15 02:00,-25.5,12.9,0.0,35.2,149.89,0.0,0.1,20.0,149.79,42.2
2026-03-15 03:00,-24.5,10.8,0.0,39.1,143.79,0.0,0.0,20.0,143.79,40.67
2026-03-15 04:00,-22.4,11.4,0.0,40.1,137.39,0.0,0.01,20.0,137.38,39.03
2026-03-15 05:00,-22.2,20.8,0.0,26.5,128.74,0.0,5.29,20.0,123.45,35.48
2026-03-15 06:00,-19.9,18.0,0.0,38.6,131.53,0.0,2.15,20.0,129.38,36.99
2026-03-15 07:00,-22.3,15.7,115.86,25.8,124.44,21.72,0.78,20.0,101.94,29.99
2026-03-15 08:00,-23.4,17.5,47.6,81.6,171.74,8.93,1.77,20.0,161.04,45.07
2026-03-15 09:00,-21.6,14.9,71.75,83.7,170.66,13.45,0.49,20.0,156.72,43.96
2026-03-15 10:00,-23.8,26.5,321.07,76.7,178.68,60.2,18.86,20.0,99.62,29.4
2026-03-15 11:00,-26.6,11.4,395.96,88.9,187.01,74.24,0.01,20.0,112.76,32.75
2026-03-15 12:00,-25.8,29.5,240.14,90.0,186.1,45.03,31.13,20.0,109.94,32.03
2026-03-15 13:00,-24.5,15.0,279.41,92.5,196.14,52.39,0.52,20.0,143.23,40.52
2026-03-15 14:00,-28.3,16.6,117.1,78.7,184.78,21.96,1.21,20.0,161.61,45.21
2026-03-15 15:00,-21.2,13.4,195.73,70.5,155.14,36.7,0.17,20.0,118.27,34.16
2026-03-15 16:00,-22.2,19.1,56.67,86.8,181.15,10.63,3.16,20.0,167.36,46.68
2026-03-15 17:00,-28.4,15.0,86.59,84.2,190.57,16.24,0.52,20.0,173.81,48.32
2026-03-15 18:00,-20.5,19.3,0.0,74.0,159.37,0.0,3.38,20.0,155.99,43.78
2026-03-15 19:00,-20.5,32.6,0.0,86.5,170.96,0.0,48.46,20.0,122.5,35.24
2026-03-15 20:00,-21.7,17.3,0.0,28.4,126.91,0.0,1.63,20.0,125.28,35.95
2026-03-15 21:00,-22.8,13.3,0.0,40.8,140.65,0.0,0.15,20.0,140.5,39.83
2026-03-15 22:00,-19.6,41.4,0.0,31.6,124.27,0.0,129.97,21.3,0.0,0.0
2026-03-15 23:00,-17.2,23.9,0.0,37.5,122.76,0.0,11.27,20.0,106.25,31.09
2026-03-16 00:00,-23.8,20.8,0.0,39.5,145.15,0.0,5.29,20.0,139.86,39.66
2026-03-16 01:00,-15.0,24.3,0.0,28.9,110.27,0.0,12.28,20.0,97.99,28.99
2026-03-16 02:00,-29.3,27.6,0.0,34.5,159.25,0.0,22.89,20.0,136.36,38.77
2026-03-16 03:00,-17.6,15.2,0.0,41.6,128.22,0.0,0.59,20.0,127.63,36.55
2026-03-16 04:00,-28.4,17.2,0.0,31.4,154.37,0.0,1.57,20.0,152.8,42.96
2026-03-16 05:00,-21.5,12.2,0.0,36.8,134.81,0.0,0.04,20.0,134.77,38.37
2026-03-16 06:00,-20.1,21.0,0.0,43.8,140.82,0.0,5.59,20.0,135.23,38.48
2026-03-16 07:00,-24.5,16.3,99.98,31.2,138.46,18.75,1.05,20.0,118.66,34.26
2026-03-16 08:00,-28.6,43.3,126.24,67.7,173.37,23.67,155.02,21.2,0.0,0.0
2026-03-16 09:00,-16.3,26.6,298.4,75.8,146.53,55.95,19.2,20.0,66.49,20.95
2026-03-16 10:00,-30.3,33.2,212.13,89.9,198.31,39.77,52.42,20.0,106.12,31.06
2026-03-16 11:00,-24.4,13.4,124.84,83.6,176.03,23.41,0.17,20.0,152.45,42.87
2026-03-16 12:00,-24.1,15.7,141.73,85.3,180.14,26.57,0.78,20.0,152.79,42.96
2026-03-16 13:00,-24.1,27.7,255.25,92.3,184.82,47.86,23.28,20.0,113.68,32.99
2026-03-16 14:00,-18.9,31.9,333.79,72.1,149.77,62.59,44.1,20.0,43.08,14.99
2026-03-16 15:00,-21.0,19.0,294.84,79.3,164.82,55.28,3.06,20.0,106.48,31.15
2026-03-16 16:00,-23.9,19.4,85.23,72.6,172.35,15.98,3.49,20.0,152.88,42.98
2026-03-16 17:00,-22.0,15.2,112.33,79.7,163.25,21.06,0.59,20.0,141.6,40.11
2026-03-16 18:00,-17.6,13.9,0.0,85.8,166.33,0.0,0.25,20.0,166.08,46.35
2026-03-16 19:00,-22.0,17.6,0.0,75.5,169.18,0.0,1.84,20.0,167.34,46.67
2026-03-16 20:00,-18.9,14.6,0.0,39.1,124.66,0.0,0.41,20.0,124.25,35.68
2026-03-16 21:00,-21.4,34.4,0.0,35.4,122.85,0.0,60.99,20.0,61.86,19.77
2026-03-16 22:00,-13.7,14.4,0.0,41.4,116.78,0.0,0.36,20.0,116.42,33.69
2026-03-16 23:00,-23.1,21.7,0.0,42.6,143.87,0.0,6.72,20.0,137.15,38.97
2026-03-17 00:00,-22.4,21.1,0.0,37.1,142.99,0.0,5.74,20.0,137.25,39.0
2026-03-17 01:00,-21.3,18.8,0.0,45.0,144.59,0.0,2.86,20.0,141.73,40.14
2026-03-17 02:00,-21.8,27.4,0.0,40.5,133.83,0.0,22.12,20.0,111.71,32.49
2026-03-17 03:00,-26.2,29.9,0.0,42.9,158.44,0.0,33.08,20.0,125.36,35.97
2026-03-17 04:00,-22.9,22.5,0.0,35.9,143.2,0.0,8.2,20.0,135.0,38.42
2026-03-17 05:00,-23.6,22.6,0.0,35.1,147.59,0.0,8.4,20.0,139.19,39.49
2026-03-17 06:00,-26.1,15.7,0.0,28.9,140.99,0.0,0.78,20.0,140.21,39.75
2026-03-17 07:00,-26.1,21.6,113.95,37.2,147.57,21.37,6.55,20.0,119.65,34.51
2026-03-17 08:00,-22.3,16.7,72.72,73.7,168.2,13.64,1.26,20.0,153.3,43.09
2026-03-17 09:00,-22.5,15.4,302.41,77.5,172.69,56.7,0.66,20.0,115.33,33.41
2026-03-17 10:00,-24.9,22.1,252.32,74.8,169.45,47.31,7.44,20.0,114.7,33.25
2026-03-17 11:00,-25.4,29.5,358.49,68.1,175.01,67.22,31.13,20.0,76.66,23.55
2026-03-17 12:00,-24.8,34.1,391.58,75.9,184.03,73.42,58.77,20.0,51.84,17.22
2026-03-17 13:00,-33.6,18.5,186.79,85.8,211.08,35.02,2.58,20.0,173.48,48.24
2026-03-17 14:00,-18.8,19.2,314.75,85.3,159.19,59.02,3.27,20.0,96.9,28.71
2026-03-17 15:00,-27.1,19.0,184.8,65.6,173.84,34.65,3.06,20.0,136.13,38.71
2026-03-17 16:00,-8.9,44.7,139.32,92.3,139.41,26.12,175.41,34.3,0.0,0.0
2026-03-17 17:00,-24.1,19.2,38.36,89.0,175.31,7.19,3.27,20.0,107.7,31.46
2026-03-17 18:00,-15.9,28.8,0.0,69.0,142.55,0.0,27.9,20.0,114.65,33.24
2026-03-17 19:00,-25.7,16.2,0.0,79.6,178.74,0.0,1.0,20.0,177.74,49.32
2026-03-17 20:00,-16.6,27.7,0.0,29.9,110.27,0.0,23.28,20.0,86.99,26.18
2026-03-17 21:00,-19.0,19.2,0.0,29.9,124.57,0.0,3.27,20.0,121.3,34.93
2026-03-17 22:00,-21.7,23.7,0.0,28.3,128.11,0.0,10.8,20.0,117.31,33.91
2026-03-17 23:00,-26.0,16.6,0.0,25.7,144.42,0.0,1.21,20.0,143.21,40.52
2026-03-18 00:00,-23.8,29.1,0.0,33.6,144.9,0.0,29.25,20.0,115.65,33.49
2026-03-18 01:00,-14.9,19.1,0.0,27.4,107.68,0.0,3.16,20.0,104.52,30.65
2026-03-18 02:00,-24.2,25.0,0.0,34.9,134.99,0.0,14.17,20.0,120.82,34.81
2026-03-18 03:00,-16.8,26.6,0.0,35.7,120.76,0.0,19.2,20.0,101.56,29.9
2026-03-18 04:00,-23.9,21.2,0.0,40.3,149.84,0.0,5.9,20.0,143.94,40.7
2026-03-18 05:00,-23.3,21.5,0.0,31.6,134.89,0.0,6.39,20.0,128.5,36.77
2026-03-18 06:00,-27.3,18.0,0.0,37.2,165.05,0.0,2.15,20.0,162.9,45.54
2026-03-18 07:00,-23.4,21.5,92.05,44.1,147.71,17.26,6.39,20.0,124.06,35.64
2026-03-18 08:00,-27.4,22.0,200.78,77.1,182.53,37.65,7.25,20.0,137.63,39.1
2026-03-18 09:00,-19.1,23.3,210.19,68.1,153.22,39.41,9.88,20.0,103.93,30.5
2026-03-18 10:00,-24.7,18.1,345.53,86.2,181.72,64.79,2.23,20.0,114.7,33.25
2026-03-18 11:00,-21.2,25.0,382.61,83.9,169.31,71.74,14.17,20.0,83.4,25.27
2026-03-18 12:00,-26.6,36.9,394.35,92.0,187.71,73.94,81.72,20.0,32.05,12.17
2026-03-18 13:00,-23.8,55.6,426.49,79.2,179.42,79.97,180.0,38.4,0.0,0.0
2026-03-18 14:00,-29.0,18.8,250.61,91.9,202.05,46.99,2.86,20.0,78.6,24.04
2026-03-18 15:00,-20.0,26.2,267.97,77.3,159.01,50.24,17.85,20.0,90.92,27.18
2026-03-18 16:00,-19.2,24.8,90.72,83.3,166.0,17.01,13.61,20.0,135.38,38.52
2026-03-18 17:00,-25.1,20.5,31.78,84.8,182.45,5.96,4.86,20.0,171.63,47.77
2026-03-18 18:00,-24.5,27.1,0.0,91.1,183.98,0.0,20.99,20.0,162.99,45.56
2026-03-18 19:00,-19.2,30.0,0.0,69.2,156.7,0.0,33.59,20.0,123.11,35.39
2026-03-18 20:00,-18.6,40.2,0.0,42.5,120.63,0.0,115.63,20.0,5.0,5.28
2026-03-18 21:00,-21.2,21.9,0.0,37.3,130.55,0.0,7.07,20.0,123.48,35.49
2026-03-18 22:00,-19.5,33.9,0.0,35.5,129.25,0.0,57.31,20.0,71.94,22.34
2026-03-18 23:00,-10.9,30.3,0.0,29.4,100.69,0.0,35.12,20.0,65.57,20.72
2026-03-19 00:00,-19.4,24.3,0.0,40.1,130.69,0.0,12.28,20.0,118.41,34.19
2026-03-19 01:00,-19.6,37.7,0.0,34.5,121.14,0.0,89.23,20.0,31.91,12.14
2026-03-19 02:00,-21.2,23.7,0.0,43.7,144.27,0.0,10.8,20.0,133.47,38.03
2026-03-19 03:00,-30.7,26.7,0.0,34.4,169.68,0.0,19.55,20.0,150.13,42.28
2026-03-19 04:00,-23.8,27.3,0.0,27.8,140.04,0.0,21.74,20.0,118.3,34.17
2026-03-19 05:00,-20.9,21.1,0.0,43.2,134.21,0.0,5.74,20.0,128.47,36.76
2026-03-19 06:00,-26.1,20.5,0.0,40.4,150.78,0.0,4.86,20.0,145.92,41.21
2026-03-19 07:00,-28.6,23.3,104.82,34.5,158.15,19.65,9.88,20.0,128.62,36.8
2026-03-19 08:00,-21.6,25.3,216.78,73.9,159.92,40.65,15.04,20.0,104.23,30.58
2026-03-19 09:00,-21.6,21.4,179.7,93.7,174.68,33.69,6.22,20.0,134.77,38.37
2026-03-19 10:00,-23.6,48.5,138.12,79.3,174.77,25.9,180.0,27.2,0.0,0.0
2026-03-19 11:00,-27.8,25.8,339.87,70.0,178.58,63.73,16.56,20.0,69.65,21.76
2026-03-19 12:00,-22.6,29.2,443.54,81.1,168.74,83.16,29.71,20.0,55.87,18.25
2026-03-19 13:00,-22.1,24.1,317.2,93.2,175.63,59.47,11.77,20.0,104.39,30.62
2026-03-19 14:00,-25.1,21.7,315.53,72.3,171.05,59.16,6.72,20.0,105.17,30.82
2026-03-19 15:00,-21.2,39.2,236.43,85.8,164.9,44.33,104.52,20.0,16.05,8.09
2026-03-19 16:00,-23.4,23.4,116.03,84.0,168.23,21.76,10.1,20.0,136.37,38.77
2026-03-19 17:00,-18.7,29.6,57.22,75.9,158.16,10.73,31.61,20.0,115.82,33.53
2026-03-19 18:00,-20.1,24.2,0.0,70.9,162.65,0.0,12.02,20.0,150.63,42.41
2026-03-19 19:00,-22.1,28.3,0.0,78.5,171.48,0.0,25.73,20.0,145.75,41.17
2026-03-19 20:00,-20.6,26.9,0.0,37.1,132.62,0.0,20.26,20.0,112.36,32.65
2026-03-19 21:00,-23.0,30.9,0.0,28.7,135.82,0.0,38.33,20.0,97.49,28.86
2026-03-19 22:00,-15.4,23.2,0.0,33.2,109.3,0.0,9.66,20.0,99.64,29.41
2026-03-19 23:00,-17.8,30.9,0.0,36.8,121.03,0.0,38.33,20.0,82.7,25.09
2026-03-20 00:00,-12.0,28.2,0.0,39.0,104.84,0.0,25.31,20.0,79.53,24.28
2026-03-20 01:00,-23.5,23.3,0.0,31.0,134.93,0.0,9.88,20.0,125.05,35.89
2026-03-20 02:00,-24.1,48.9,0.0,35.0,144.74,0.0,180.0,28.1,0.0,0.0
2026-03-20 03:00,-19.0,24.2,0.0,29.4,125.7,0.0,12.02,20.0,81.24,24.72
2026-03-20 04:00,-26.5,36.0,0.0,31.8,152.8,0.0,73.79,20.0,79.01,24.15
2026-03-20 05:00,-24.3,27.1,0.0,33.2,140.95,0.0,20.99,20.0,119.96,34.59
2026-03-20 06:00,-25.3,27.4,0.0,41.7,152.08,0.0,22.12,20.0,129.96,37.14
2026-03-20 07:00,-25.3,27.8,29.52,40.5,148.31,5.54,23.68,20.0,119.09,34.37
2026-03-20 08:00,-20.1,25.3,152.27,90.0,173.66,28.55,15.04,20.0,130.07,37.17
2026-03-20 09:00,-21.1,34.0,243.26,71.1,160.59,45.61,58.04,20.0,56.94,18.52
2026-03-20 10:00,-26.6,49.3,211.92,68.9,175.76,39.73,180.0,30.1,0.0,0.0
2026-03-20 11:00,-25.4,45.4,329.46,90.6,188.25,61.77,180.0,42.4,0.0,0.0
2026-03-20 12:00,-24.8,28.5,278.73,72.7,171.64,52.26,26.58,20.0,3.11,4.79
2026-03-20 13:00,-22.4,42.7,263.13,84.5,175.94,49.34,146.8,24.6,0.0,0.0
2026-03-20 14:00,-22.3,41.4,226.11,73.7,170.29,42.4,129.97,25.1,0.0,0.0
2026-03-20 15:00,-20.4,42.9,96.43,93.1,178.45,18.08,149.51,22.2,0.0,0.0
2026-03-20 16:00,-29.0,33.3,54.65,88.8,198.47,10.25,53.11,20.0,126.42,36.24
2026-03-20 17:00,-14.0,26.8,49.44,89.4,152.77,9.27,19.91,20.0,123.59,35.52
2026-03-20 18:00,-20.3,26.7,0.0,80.2,165.73,0.0,19.55,20.0,146.18,41.28
2026-03-20 19:00,-19.0,29.6,0.0,67.0,156.59,0.0,31.61,20.0,124.98,35.87
2026-03-20 20:00,-25.2,45.3,0.0,31.1,145.48,0.0,180.0,27.9,0.0,0.0
2026-03-20 21:00,-22.8,47.7,0.0,32.5,136.74,0.0,180.0,37.9,0.0,0.0
2026-03-20 22:00,-14.7,32.1,0.0,38.9,108.67,0.0,45.32,20.7,0.0,0.0
2026-03-20 23:00,-17.3,27.2,0.0,42.1,123.65,0.0,21.36,20.0,99.59,29.4
2026-03-21 00:00,-22.3,34.2,0.0,28.1,135.63,0.0,59.5,20.0,76.13,23.41
2026-03-21 01:00,-22.8,29.8,0.0,35.3,137.19,0.0,32.59,20.0,104.6,30.67
2026-03-21 02:00,-19.9,34.5,0.0,33.2,132.13,0.0,61.74,20.0,70.39,21.95
2026-03-21 03:00,-18.6,29.2,0.0,25.1,116.2,0.0,29.71,20.0,86.49,26.05
2026-03-21 04:00,-22.5,42.9,0.0,26.5,130.21,0.0,149.51,24.4,0.0,0.0
2026-03-21 05:00,-15.1,30.0,0.0,39.3,116.36,0.0,33.59,20.0,65.01,20.58
2026-03-21 06:00,-26.9,41.9,0.0,33.4,152.9,0.0,136.28,20.0,16.62,8.24
2026-03-21 07:00,-28.7,39.6,77.06,33.7,153.94,14.45,108.88,20.0,30.61,11.81
2026-03-21 08:00,-19.2,30.8,79.57,74.6,160.98,14.92,37.78,20.0,108.28,31.61
2026-03-21 09:00,-25.8,49.2,150.06,71.7,175.99,28.14,180.0,27.4,0.0,0.0
2026-03-21 10:00,-22.4,30.2,389.61,67.4,158.77,73.05,34.6,20.0,21.54,9.49
2026-03-21 11:00,-24.8,38.0,391.18,81.7,183.85,73.35,92.16,20.0,18.34,8.68
2026-03-21 12:00,-22.4,33.7,397.06,75.6,159.5,74.45,55.89,20.0,29.16,11.44
2026-03-21 13:00,-23.6,35.5,396.92,84.7,177.06,74.42,69.61,20.0,33.03,12.42
2026-03-21 14:00,-20.0,31.0,138.62,85.1,166.27,25.99,38.88,20.0,101.4,29.86
2026-03-21 15:00,-18.9,39.5,252.05,78.7,158.17,47.26,107.78,20.0,3.13,4.8
2026-03-21 16:00,-18.0,45.9,147.48,75.7,160.03,27.65,180.0,31.0,0.0,0.0
2026-03-21 17:00,-16.2,36.8,51.24,90.5,163.81,9.61,80.81,20.0,29.58,11.54
2026-03-21 18:00,-21.0,50.2,0.0,86.0,174.31,0.0,180.0,21.3,0.0,0.0
2026-03-21 19:00,-15.1,30.6,0.0,82.7,159.24,0.0,36.7,20.0,117.31,33.91
2026-03-21 20:00,-16.4,38.6,0.0,32.1,116.86,0.0,98.21,20.0,18.65,8.76
2026-03-21 21:00,-18.8,32.1,0.0,42.5,131.38,0.0,45.32,20.0,86.06,25.95
2026-03-21 22:00,-18.0,33.9,0.0,44.1,130.48,0.0,57.31,20.0,73.17,22.66
2026-03-21 23:00,-30.5,36.7,0.0,28.0,153.02,0.0,79.91,20.0,73.11,22.64
2026-03-22 00:00,-15.2,43.0,0.0,43.9,118.21,0.0,150.87,27.5,0.0,0.0
2026-03-22 01:00,-20.5,42.2,0.0,36.5,131.41,0.0,140.16,29.5,0.0,0.0
2026-03-22 02:00,-21.3,34.1,0.0,39.3,138.27,0.0,58.77,20.0,41.4,14.56
2026-03-22 03:00,-27.6,32.0,0.0,25.5,139.62,0.0,44.7,20.0,94.92,28.2
2026-03-22 04:00,-19.4,66.2,0.0,31.9,127.27,0.0,180.0,32.1,0.0,0.0
2026-03-22 05:00,-20.4,31.6,0.0,42.2,139.21,0.0,42.31,20.0,48.39,16.34
2026-03-22 06:00,-24.6,36.7,0.0,35.6,142.91,0.0,79.91,20.0,63.0,20.07
2026-03-22 07:00,-25.2,31.5,48.23,31.0,145.8,9.04,41.72,20.0,95.04,28.24
2026-03-22 08:00,-30.0,32.4,140.6,89.6,199.65,26.36,47.19,20.0,126.1,36.16
2026-03-22 09:00,-28.2,39.1,317.22,86.6,188.03,59.48,103.45,20.0,25.1,10.4
2026-03-22 10:00,-23.7,36.3,200.16,84.4,181.68,37.53,76.37,20.0,67.78,21.28
2026-03-22 11:00,-25.0,34.7,418.25,86.0,175.32,78.42,63.26,20.0,33.64,12.58
2026-03-22 12:00,-21.1,43.4,387.46,75.9,161.94,72.65,156.43,35.4,0.0,0.0
2026-03-22 13:00,-22.1,38.0,342.21,73.8,164.17,64.16,92.16,33.3,0.0,0.0
2026-03-22 14:00,-26.2,32.3,282.39,78.0,183.66,52.95,46.56,20.0,30.91,11.88
2026-03-22 15:00,-15.7,36.8,208.61,87.4,155.53,39.11,80.81,20.0,35.61,13.08
2026-03-22 16:00,-15.7,32.5,81.86,86.7,148.76,15.35,47.82,20.0,85.59,25.83
2026-03-22 17:00,-24.1,47.7,101.14,88.3,173.69,18.96,180.0,25.8,0.0,0.0
2026-03-22 18:00,-15.7,39.2,0.0,69.9,137.01,0.0,104.52,20.0,9.24,6.36
2026-03-22 19:00,-18.5,66.9,0.0,88.0,166.74,0.0,180.0,23.0,0.0,0.0
2026-03-22 20:00,-17.1,33.0,0.0,38.4,119.68,0.0,51.08,20.0,56.4,18.38
2026-03-22 21:00,-16.4,48.4,0.0,25.4,109.0,0.0,180.0,36.3,0.0,0.0
2026-03-22 22:00,-23.9,47.4,0.0,31.2,131.62,0.0,180.0,47.5,0.0,0.0
2026-03-22 23:00,-18.4,42.1,0.0,30.0,116.28,0.0,138.86,52.7,0.0,0.0
2026-03-23 00:00,-19.0,36.5,0.0,35.7,129.12,0.0,78.13,38.8,0.0,0.0
2026-03-23 01:00,-21.6,34.2,0.0,41.9,133.68,0.0,59.5,20.0,0.0,0.0
2026-03-23 02:00,-21.5,56.2,0.0,36.1,136.2,0.0,180.0,30.1,0.0,0.0
2026-03-23 03:00,-22.5,34.0,0.0,39.5,141.15,0.0,58.04,20.0,42.81,14.92
2026-03-23 04:00,-21.9,42.7,0.0,44.8,148.05,0.0,146.8,20.0,1.25,4.32
2026-03-23 05:00,-28.1,42.1,0.0,37.2,160.62,0.0,138.86,20.0,21.76,9.55
2026-03-23 06:00,-22.4,35.2,0.0,30.3,128.42,0.0,67.18,20.0,61.24,19.62
2026-03-23 07:00,-24.9,56.9,101.12,29.5,132.59,18.96,180.0,35.3,0.0,0.0
2026-03-23 08:00,-19.5,52.9,115.13,92.5,173.14,21.59,180.0,41.8,0.0,0.0
2026-03-23 09:00,-28.0,44.4,261.34,84.8,190.89,49.0,170.9,48.5,0.0,0.0
2026-03-23 10:00,-25.9,39.1,91.65,85.0,188.31,17.18,103.45,30.1,0.0,0.0
2026-03-23 11:00,-26.3,38.8,236.26,87.9,188.7,44.3,100.29,20.0,3.75,4.96
2026-03-23 12:00,-28.9,44.5,419.46,93.3,194.2,78.65,172.4,33.1,0.0,0.0
2026-03-23 13:00,-17.8,42.4,179.8,68.3,146.06,33.71,142.79,40.1,0.0,0.0
2026-03-23 14:00,-21.8,41.0,273.65,91.3,171.77,51.31,125.07,41.1,0.0,0.0
2026-03-23 15:00,-24.6,51.7,181.37,70.1,167.24,34.01,180.0,51.9,0.0,0.0
2026-03-23 16:00,-18.8,40.4,121.66,75.5,153.19,22.81,117.95,48.5,0.0,0.0
2026-03-23 17:00,-19.6,45.5,56.94,91.9,175.25,10.68,180.0,52.1,0.0,0.0
2026-03-23 18:00,-18.6,35.6,0.0,76.3,155.23,0.0,70.43,29.0,0.0,0.0
2026-03-23 19:00,-22.9,38.4,0.0,83.4,171.06,0.0,96.17,20.0,38.8,13.89
2026-03-23 20:00,-17.6,44.6,0.0,29.1,118.36,0.0,173.9,32.8,0.0,0.0
2026-03-23 21:00,-22.0,36.5,0.0,36.3,134.79,0.0,78.13,20.0,5.56,5.42
2026-03-23 22:00,-21.3,38.5,0.0,37.1,131.92,0.0,97.19,20.0,34.73,12.86
2026-03-23 23:00,-23.0,38.2,0.0,44.3,149.32,0.0,94.15,20.0,55.17,18.07
2026-03-24 00:00,-21.5,59.6,0.0,31.8,132.78,0.0,180.0,30.9,0.0,0.0
2026-03-24 01:00,-18.9,39.2,0.0,36.1,133.14,0.0,104.52,23.1,0.0,0.0
2026-03-24 02:00,-25.8,45.0,0.0,29.3,143.04,0.0,180.0,31.6,0.0,0.0
2026-03-24 03:00,-21.9,37.4,0.0,25.5,122.67,0.0,86.36,21.7,0.0,0.0
2026-03-24 04:00,-24.5,37.4,0.0,35.2,144.51,0.0,86.36,20.0,51.28,17.08
2026-03-24 05:00,-22.0,41.4,0.0,32.1,138.89,0.0,129.97,20.0,8.92,6.27
2026-03-24 06:00,-19.2,38.8,0.0,25.9,127.23,0.0,100.29,20.0,26.94,10.87
2026-03-24 07:00,-26.4,37.7,111.36,41.7,147.33,20.88,89.23,20.0,37.22,13.49
2026-03-24 08:00,-25.2,54.3,49.97,86.9,185.55,9.37,180.0,20.9,0.0,0.0
2026-03-24 09:00,-30.8,38.5,105.56,90.8,208.21,19.79,97.19,20.0,87.72,26.37
2026-03-24 10:00,-28.2,40.9,203.75,91.1,196.14,38.2,123.86,20.0,34.08,12.69
2026-03-24 11:00,-24.7,53.0,213.21,76.8,174.44,39.98,180.0,30.5,0.0,0.0
2026-03-24 12:00,-20.9,50.1,91.57,69.0,151.45,17.17,180.0,41.0,0.0,0.0
2026-03-24 13:00,-22.2,44.4,125.37,88.1,177.03,23.51,170.9,45.0,0.0,0.0
2026-03-24 14:00,-24.3,39.6,211.65,86.9,187.25,39.68,108.88,34.5,0.0,0.0
2026-03-24 15:00,-18.8,42.0,170.47,92.5,165.99,31.96,137.57,35.3,0.0,0.0
2026-03-24 16:00,-21.5,39.6,126.02,71.0,167.72,23.63,108.88,25.7,0.0,0.0
2026-03-24 17:00,-18.2,47.0,62.93,73.5,158.06,11.8,180.0,33.5,0.0,0.0
2026-03-24 18:00,-19.9,37.8,0.0,70.1,155.66,0.0,90.2,20.0,11.54,6.94
2026-03-24 19:00,-15.1,40.1,0.0,87.9,155.26,0.0,114.49,20.0,40.77,14.4
2026-03-24 20:00,-17.8,39.1,0.0,34.1,113.77,0.0,103.45,20.0,10.32,6.63
2026-03-24 21:00,-15.5,45.1,0.0,28.8,109.11,0.0,180.0,36.3,0.0,0.0
2026-03-24 22:00,-28.7,39.0,0.0,33.3,156.41,0.0,102.39,21.6,0.0,0.0
2026-03-24 23:00,-20.9,41.0,0.0,43.5,135.02,0.0,125.07,20.0,3.45,4.88
2026-03-25 00:00,-20.1,47.9,0.0,30.2,132.4,0.0,180.0,30.9,0.0,0.0
2026-03-25 01:00,-16.9,41.9,0.0,27.0,113.79,0.0,136.28,36.1,0.0,0.0
2026-03-25 02:00,-22.0,40.0,0.0,37.5,136.57,0.0,113.35,29.8,0.0,0.0
2026-03-25 03:00,-18.0,44.0,0.0,34.9,122.18,0.0,165.01,39.7,0.0,0.0
2026-03-25 04:00,-22.5,41.2,0.0,35.9,139.11,0.0,127.51,36.5,0.0,0.0
2026-03-25 05:00,-26.5,52.8,0.0,42.9,144.68,0.0,180.0,44.6,0.0,0.0
2026-03-25 06:00,-22.7,38.8,0.0,33.0,131.88,0.0,100.29,36.0,0.0,0.0
2026-03-25 07:00,-25.0,41.6,115.16,43.1,147.75,21.59,132.47,37.5,0.0,0.0
2026-03-25 08:00,-25.1,46.6,201.48,75.1,175.19,37.78,180.0,47.3,0.0,0.0
2026-03-25 09:00,-28.0,54.3,234.72,66.8,181.37,44.01,180.0,57.1,0.0,0.0
2026-03-25 10:00,-27.3,46.3,145.12,86.8,193.75,27.21,180.0,60.2,0.0,0.0
2026-03-25 11:00,-22.5,42.8,196.29,81.7,176.93,36.8,148.15,62.0,0.0,0.0
2026-03-25 12:00,-24.4,42.3,297.63,77.0,170.21,55.81,141.47,68.3,0.0,0.0
2026-03-25 13:00,-20.2,41.8,351.6,77.5,161.65,65.92,135.0,77.3,0.0,0.0
2026-03-25 14:00,-14.9,39.5,323.29,77.0,152.4,60.62,107.78,81.0,0.0,0.0
2026-03-25 15:00,-20.2,42.4,132.56,81.3,167.59,24.86,142.79,81.0,0.0,0.0
2026-03-25 16:00,-25.2,39.5,196.3,82.9,176.9,36.81,107.78,72.2,0.0,0.0
2026-03-25 17:00,-15.3,47.1,102.94,76.3,142.39,19.3,180.0,85.3,0.0,0.0
2026-03-25 18:00,-17.2,48.5,0.0,65.5,144.96,0.0,180.0,93.4,0.0,0.0
2026-03-25 19:00,-19.2,50.6,0.0,68.3,148.75,0.0,180.0,95.0,0.0,0.0
2026-03-25 20:00,-13.0,67.8,0.0,26.7,102.79,0.0,180.0,95.0,0.0,0.0
2026-03-25 21:00,-20.6,54.6,0.0,43.1,133.39,0.0,180.0,95.0,0.0,0.0
2026-03-25 22:00,-14.2,53.7,0.0,27.4,107.91,0.0,180.0,95.0,0.0,0.0
2026-03-25 23:00,-30.0,43.9,0.0,35.2,157.15,0.0,163.56,95.0,0.0,0.0
2026-03-26 00:00,-18.6,41.1,0.0,39.5,128.4,0.0,126.28,94.4,0.0,0.0
2026-03-26 01:00,-18.0,46.2,0.0,42.2,134.67,0.0,180.0,95.0,0.0,0.0
2026-03-26 02:00,-27.3,55.9,0.0,33.6,149.43,0.0,180.0,95.0,0.0,0.0
2026-03-26 03:00,-26.0,50.8,0.0,30.5,145.03,0.0,180.0,95.0,0.0,0.0
2026-03-26 04:00,-24.1,51.8,0.0,28.0,135.2,0.0,180.0,95.0,0.0,0.0
2026-03-26 05:00,-22.9,53.0,0.0,27.2,134.95,0.0,180.0,95.0,0.0,0.0
2026-03-26 06:00,-23.1,47.9,0.0,38.3,143.94,0.0,180.0,95.0,0.0,0.0
2026-03-26 07:00,-25.5,58.1,61.89,31.7,152.35,11.6,180.0,95.0,0.0,0.0
2026-03-26 08:00,-23.5,45.5,97.98,68.9,167.24,18.37,180.0,95.0,0.0,0.0
2026-03-26 09:00,-28.5,54.3,118.39,93.5,206.6,22.2,180.0,93.8,0.0,0.0
2026-03-26 10:00,-19.8,43.3,329.12,70.0,152.73,61.71,155.02,95.0,0.0,0.0
2026-03-26 11:00,-20.9,42.0,98.55,71.2,158.37,18.48,137.57,94.4,0.0,0.0
2026-03-26 12:00,-23.8,59.8,439.14,69.2,166.8,82.34,180.0,95.0,0.0,0.0
2026-03-26 13:00,-23.5,40.3,278.81,68.5,165.05,52.28,116.79,95.0,0.0,0.0
2026-03-26 14:00,-22.3,43.3,100.19,77.6,175.0,18.79,155.02,94.7,0.0,0.0
2026-03-26 15:00,-20.5,57.2,300.11,74.6,162.49,56.27,180.0,95.0,0.0,0.0
2026-03-26 16:00,-15.4,45.2,113.6,77.0,151.69,21.3,180.0,95.0,0.0,0.0
2026-03-26 17:00,-21.1,50.3,115.18,73.1,166.44,21.6,180.0,95.0,0.0,0.0
2026-03-26 18:00,-23.8,40.1,0.0,89.4,175.39,0.0,114.49,78.5,0.0,0.0
2026-03-26 19:00,-22.2,41.5,0.0,91.7,179.38,0.0,131.22,65.4,0.0,0.0
2026-03-26 20:00,-24.6,55.6,0.0,45.0,147.77,0.0,180.0,72.8,0.0,0.0
2026-03-26 21:00,-17.4,43.5,0.0,36.5,124.66,0.0,157.83,80.4,0.0,0.0
2026-03-26 22:00,-23.0,42.1,0.0,43.1,143.27,0.0,138.86,79.2,0.0,0.0
2026-03-26 23:00,-22.7,47.7,0.0,35.7,134.29,0.0,180.0,89.7,0.0,0.0
2026-03-27 00:00,-22.5,45.6,0.0,30.4,131.29,0.0,180.0,95.0,0.0,0.0
2026-03-27 01:00,-23.8,50.5,0.0,31.6,138.63,0.0,180.0,95.0,0.0,0.0
2026-03-27 02:00,-20.1,51.8,0.0,43.6,129.34,0.0,180.0,95.0,0.0,0.0
2026-03-27 03:00,-24.2,61.0,0.0,43.0,140.55,0.0,180.0,95.0,0.0,0.0
2026-03-27 04:00,-23.3,40.9,0.0,31.9,133.06,0.0,123.86,92.5,0.0,0.0
2026-03-27 05:00,-22.1,85.8,0.0,32.5,134.68,0.0,0.0,65.3,34.68,12.84
2026-03-27 06:00,-27.0,41.8,0.0,33.1,156.93,0.0,135.0,59.4,0.0,0.0
2026-03-27 07:00,-28.1,43.0,30.37,27.4,152.84,5.69,150.87,60.2,0.0,0.0
2026-03-27 08:00,-14.8,46.7,200.64,77.3,143.33,37.62,180.0,77.3,0.0,0.0
2026-03-27 09:00,-26.4,40.8,112.65,86.3,189.69,21.12,122.66,64.8,0.0,0.0
2026-03-27 10:00,-25.0,44.7,143.05,86.3,176.02,26.82,175.41,70.9,0.0,0.0
2026-03-27 11:00,-19.1,42.7,303.72,74.7,159.78,56.95,146.8,81.0,0.0,0.0
2026-03-27 12:00,-24.7,40.0,247.68,66.3,169.36,46.44,113.35,78.4,0.0,0.0
2026-03-27 13:00,-22.3,55.5,171.8,87.1,171.65,32.21,180.0,87.7,0.0,0.0
2026-03-27 14:00,-21.3,53.2,145.16,90.2,164.72,27.22,180.0,95.0,0.0,0.0
2026-03-27 15:00,-14.6,40.8,295.22,82.0,147.59,55.35,122.66,95.0,0.0,0.0
2026-03-27 16:00,-13.9,42.2,89.76,66.6,129.45,16.83,140.16,95.0,0.0,0.0
2026-03-27 17:00,-21.2,41.8,24.25,94.6,176.1,4.55,135.0,85.1,0.0,0.0
2026-03-27 18:00,-19.4,55.4,0.0,85.3,160.8,0.0,180.0,89.5,0.0,0.0
2026-03-27 19:00,-13.5,50.2,0.0,85.0,147.93,0.0,180.0,95.0,0.0,0.0
2026-03-27 20:00,-18.7,44.3,0.0,37.8,131.32,0.0,169.41,95.0,0.0,0.0
2026-03-27 21:00,-20.0,56.2,0.0,29.5,119.78,0.0,180.0,95.0,0.0,0.0
2026-03-27 22:00,-20.8,41.3,0.0,32.3,125.8,0.0,128.74,95.0,0.0,0.0
2026-03-27 23:00,-19.0,40.1,0.0,25.6,116.68,0.0,114.49,94.4,0.0,0.0
2026-03-28 00:00,-22.3,41.8,0.0,35.3,135.21,0.0,135.0,94.3,0.0,0.0
2026-03-28 01:00,-18.9,42.6,0.0,43.4,128.93,0.0,145.45,95.0,0.0,0.0
2026-03-28 02:00,-17.1,53.2,0.0,30.8,115.58,0.0,180.0,95.0,0.0,0.0
2026-03-28 03:00,-22.8,52.5,0.0,40.4,139.97,0.0,180.0,95.0,0.0,0.0
2026-03-28 04:00,-26.5,46.6,0.0,40.6,154.56,0.0,180.0,95.0,0.0,0.0
2026-03-28 05:00,-20.5,48.3,0.0,44.6,138.95,0.0,180.0,95.0,0.0,0.0
2026-03-28 06:00,-22.0,56.4,0.0,40.2,138.22,0.0,180.0,95.0,0.0,0.0
2026-03-28 07:00,-24.1,42.9,75.79,40.8,142.57,14.21,149.51,95.0,0.0,0.0
2026-03-28 08:00,-25.9,40.0,181.46,65.6,172.32,34.02,113.35,88.2,0.0,0.0
2026-03-28 09:00,-30.2,47.1,223.69,89.8,198.98,41.94,180.0,93.5,0.0,0.0
2026-03-28 10:00,-25.3,47.3,370.0,90.7,193.33,69.38,180.0,95.0,0.0,0.0
2026-03-28 11:00,-25.7,39.2,257.53,86.5,184.17,48.29,104.52,86.5,0.0,0.0
2026-03-28 12:00,-26.1,45.7,129.99,76.9,176.09,24.37,180.0,93.0,0.0,0.0
2026-03-28 13:00,-30.1,41.9,321.54,67.0,185.53,60.29,136.28,95.0,0.0,0.0
2026-03-28 14:00,-24.5,39.6,357.2,94.2,189.52,66.97,108.88,91.3,0.0,0.0
2026-03-28 15:00,-15.4,50.3,237.04,88.4,151.82,44.44,180.0,95.0,0.0,0.0
2026-03-28 16:00,-21.5,59.8,131.02,83.1,170.0,24.57,180.0,95.0,0.0,0.0
2026-03-28 17:00,-19.0,41.0,42.22,68.0,152.23,7.92,125.07,89.8,0.0,0.0
2026-03-28 18:00,-17.3,38.9,0.0,65.6,141.99,0.0,101.34,78.7,0.0,0.0
2026-03-28 19:00,-16.9,45.4,0.0,67.3,139.28,0.0,180.0,88.1,0.0,0.0
2026-03-28 20:00,-23.7,51.3,0.0,33.3,138.11,0.0,180.0,95.0,0.0,0.0
2026-03-28 21:00,-22.7,39.7,0.0,29.8,133.85,0.0,109.99,88.5,0.0,0.0
2026-03-28 22:00,-24.1,44.9,0.0,39.4,142.1,0.0,178.46,95.0,0.0,0.0
2026-03-28 23:00,-17.1,53.5,0.0,38.6,124.74,0.0,180.0,95.0,0.0,0.0
2026-03-29 00:00,-17.7,65.9,0.0,41.9,127.16,0.0,180.0,95.0,0.0,0.0
2026-03-29 01:00,-20.6,43.2,0.0,42.6,131.36,0.0,153.63,95.0,0.0,0.0
2026-03-29 02:00,-19.0,39.1,0.0,31.4,120.03,0.0,103.45,90.5,0.0,0.0
2026-03-29 03:00,-26.4,54.0,0.0,34.0,150.51,0.0,180.0,95.0,0.0,0.0
2026-03-29 04:00,-29.4,39.4,0.0,25.1,150.9,0.0,106.69,83.0,0.0,0.0
2026-03-29 05:00,-24.6,45.2,0.0,30.5,137.11,0.0,180.0,92.9,0.0,0.0
2026-03-29 06:00,-25.5,60.3,0.0,31.3,147.04,0.0,180.0,95.0,0.0,0.0
2026-03-29 07:00,-24.9,49.8,84.26,35.6,144.55,15.8,180.0,95.0,0.0,0.0
2026-03-29 08:00,-20.8,42.6,212.03,94.4,175.55,39.76,145.45,95.0,0.0,0.0
2026-03-29 09:00,-21.8,52.8,307.97,71.3,160.9,57.74,180.0,95.0,0.0,0.0
2026-03-29 10:00,-19.1,53.2,272.58,94.2,163.33,51.11,180.0,95.0,0.0,0.0
2026-03-29 11:00,-29.6,40.6,239.76,80.1,202.16,44.96,120.29,85.0,0.0,0.0
2026-03-29 12:00,-22.3,54.3,211.92,81.3,177.7,39.73,180.0,94.6,0.0,0.0
2026-03-29 13:00,-22.0,39.3,169.79,83.7,176.78,31.84,105.6,83.9,0.0,0.0
2026-03-29 14:00,-22.6,47.8,189.47,67.9,167.03,35.53,180.0,95.0,0.0,0.0
2026-03-29 15:00,-23.1,40.5,164.45,84.5,173.24,30.83,119.12,88.7,0.0,0.0
2026-03-29 16:00,-20.5,50.5,181.26,78.1,169.84,33.99,180.0,95.0,0.0,0.0
2026-03-29 17:00,-18.2,49.7,34.84,82.4,159.38,6.53,180.0,95.0,0.0,0.0
2026-03-29 18:00,-20.3,40.3,0.0,94.3,177.59,0.0,116.79,78.5,0.0,0.0
2026-03-29 19:00,-21.0,41.2,0.0,69.5,150.42,0.0,127.51,72.3,0.0,0.0
2026-03-29 20:00,-16.1,38.5,0.0,36.0,116.52,0.0,97.19,67.0,0.0,0.0
2026-03-29 21:00,-18.0,44.6,0.0,26.0,121.99,0.0,173.9,78.9,0.0,0.0
2026-03-29 22:00,-20.5,44.6,0.0,36.3,130.21,0.0,173.9,89.0,0.0,0.0
2026-03-29 23:00,-26.2,38.8,0.0,27.7,145.1,0.0,100.29,76.8,0.0,0.0
2026-03-30 00:00,-24.9,38.0,0.0,42.5,152.32,0.0,92.16,60.5,0.0,0.0
2026-03-30 01:00,-24.9,38.8,0.0,44.6,159.02,0.0,100.29,44.5,0.0,0.0
2026-03-30 02:00,-19.1,47.7,0.0,30.9,121.42,0.0,180.0,58.0,0.0,0.0
2026-03-30 03:00,-22.7,46.4,0.0,30.4,134.37,0.0,180.0,68.5,0.0,0.0
2026-03-30 04:00,-18.3,48.5,0.0,40.2,127.21,0.0,180.0,80.6,0.0,0.0
2026-03-30 05:00,-15.9,65.2,0.0,31.6,109.22,0.0,180.0,95.0,0.0,0.0
2026-03-30 06:00,-25.7,43.5,0.0,30.5,152.15,0.0,157.83,95.0,0.0,0.0
2026-03-30 07:00,-20.1,43.3,48.84,27.1,120.81,9.16,155.02,95.0,0.0,0.0
2026-03-30 08:00,-22.9,44.5,198.4,70.3,165.42,37.2,172.4,95.0,0.0,0.0
2026-03-30 09:00,-25.1,35.7,184.25,68.9,171.25,34.55,71.26,77.2,0.0,0.0
2026-03-30 10:00,-25.9,36.6,156.4,85.2,174.8,29.33,79.02,59.2,0.0,0.0
2026-03-30 11:00,-24.4,36.7,294.23,76.3,171.44,55.17,79.91,49.3,0.0,0.0
2026-03-30 12:00,-28.6,38.6,316.15,83.4,194.15,59.28,98.21,39.3,0.0,0.0
2026-03-30 13:00,-21.5,38.7,386.28,76.0,171.15,72.43,99.25,39.4,0.0,0.0
2026-03-30 14:00,-17.6,35.3,352.12,83.2,162.27,66.02,67.99,31.8,0.0,0.0
2026-03-30 15:00,-22.4,52.6,187.04,81.5,169.6,35.07,180.0,42.2,0.0,0.0
2026-03-30 16:00,-20.1,44.5,119.41,83.4,164.35,22.39,172.4,49.2,0.0,0.0
2026-03-30 17:00,-13.3,36.8,70.84,93.2,145.84,13.28,80.81,35.2,0.0,0.0
2026-03-30 18:00,-21.6,47.7,0.0,69.8,152.98,0.0,180.0,41.4,0.0,0.0
2026-03-30 19:00,-23.7,47.0,0.0,68.9,171.06,0.0,180.0,43.4,0.0,0.0
2026-03-30 20:00,-18.9,37.8,0.0,29.7,125.32,0.0,90.2,33.9,0.0,0.0
2026-03-30 21:00,-18.7,66.9,0.0,37.7,127.13,0.0,180.0,46.0,0.0,0.0
2026-03-30 22:00,-12.8,34.9,0.0,31.6,103.27,0.0,64.81,35.6,0.0,0.0
2026-03-30 23:00,-15.0,39.3,0.0,31.7,110.46,0.0,105.6,34.3,0.0,0.0
2026-03-31 00:00,-26.7,41.5,0.0,44.5,159.31,0.0,131.22,26.6,0.0,0.0
2026-03-31 01:00,-21.8,61.4,0.0,40.4,133.16,0.0,180.0,37.4,0.0,0.0
2026-03-31 02:00,-18.1,45.6,0.0,35.7,126.4,0.0,180.0,49.7,0.0,0.0
2026-03-31 03:00,-28.5,40.1,0.0,35.7,160.41,0.0,114.49,37.3,0.0,0.0
2026-03-31 04:00,-23.4,44.9,0.0,27.0,135.26,0.0,178.46,47.2,0.0,0.0
2026-03-31 05:00,-25.2,36.8,0.0,37.2,147.09,0.0,80.81,29.2,0.0,0.0
2026-03-31 06:00,-23.5,36.3,0.0,32.8,140.35,0.0,76.37,20.0,27.23,10.94
2026-03-31 07:00,-18.6,36.9,92.32,34.8,128.52,17.31,81.72,20.0,29.49,11.52
2026-03-31 08:00,-25.9,35.6,223.18,88.0,182.34,41.85,70.43,20.0,70.06,21.87
2026-03-31 09:00,-26.0,32.8,258.13,77.8,179.62,48.4,49.76,20.0,81.46,24.77
2026-03-31 10:00,-24.2,35.0,205.87,91.7,186.39,38.6,65.6,20.0,82.19,24.96
2026-03-31 11:00,-26.7,36.3,257.69,93.3,195.23,48.32,76.37,20.0,70.54,21.99
2026-03-31 12:00,-19.0,51.6,302.22,73.2,148.74,56.67,180.0,38.4,0.0,0.0
2026-03-31 13:00,-19.9,41.3,262.58,75.5,165.25,49.23,128.74,41.3,0.0,0.0
2026-03-31 14:00,-25.7,36.4,175.8,70.6,176.9,32.96,77.25,23.2,0.0,0.0
2026-03-31 15:00,-21.6,59.8,65.75,69.2,161.81,12.33,180.0,30.2,0.0,0.0
2026-03-31 16:00,-18.7,44.1,150.73,68.4,147.69,28.26,166.47,41.0,0.0,0.0
2026-03-31 17:00,-18.6,65.6,108.28,91.5,162.23,20.3,180.0,49.8,0.0,0.0
2026-03-31 18:00,-22.5,33.2,0.0,80.0,169.8,0.0,52.42,22.6,17.38,8.43
2026-03-31 19:00,-18.1,34.5,0.0,75.2,149.59,0.0,61.74,20.0,77.35,23.72
2026-03-31 20:00,-14.7,32.6,0.0,40.8,116.07,0.0,48.46,20.0,67.61,21.24
2026-03-31 21:00,-17.6,46.6,0.0,30.1,113.53,0.0,180.0,35.3,0.0,0.0
2026-03-31 22:00,-24.9,44.3,0.0,40.5,149.81,0.0,169.41,39.8,0.0,0.0
2026-03-31 23:00,-14.9,34.1,0.0,37.7,114.15,0.0,58.77,24.7,0.0,0.0
2026-04-01 00:00,-24.5,44.9,0.0,32.1,142.82,0.0,178.46,32.9,0.0,0.0
2026-04-01 01:00,-27.1,33.3,0.0,43.2,152.89,0.0,53.11,20.0,48.0,16.24
2026-04-01 02:00,-21.5,36.4,0.0,43.0,138.84,0.0,77.25,20.0,61.59,19.71
2026-04-01 03:00,-22.5,35.7,0.0,34.1,147.63,0.0,71.26,20.0,76.37,23.47
2026-04-01 04:00,-24.3,55.6,0.0,30.2,145.76,0.0,180.0,27.9,0.0,0.0
2026-04-01 05:00,-23.2,46.4,0.0,41.5,146.23,0.0,180.0,35.6,0.0,0.0
2026-04-01 06:00,-28.0,36.0,0.0,29.6,152.09,0.0,73.79,20.0,15.73,8.01
2026-04-01 07:00,-33.1,32.2,92.59,45.0,181.8,17.36,45.93,20.0,118.51,34.22
2026-04-01 08:00,-21.6,31.5,57.91,94.2,180.11,10.86,41.72,20.0,127.53,36.52
2026-04-01 09:00,-19.4,33.1,99.99,94.3,173.29,18.75,51.75,20.0,102.79,30.21
2026-04-01 10:00,-24.6,38.4,213.38,90.0,180.49,40.01,96.17,20.0,44.31,15.3
2026-04-01 11:00,-29.2,37.5,246.46,94.6,205.87,46.21,87.31,20.0,72.35,22.45
2026-04-01 12:00,-22.7,31.3,107.66,93.6,185.75,20.19,40.57,20.0,124.99,35.87
2026-04-01 13:00,-26.2,31.1,255.01,90.0,188.2,47.81,39.44,20.0,100.95,29.74
2026-04-01 14:00,-22.5,29.8,269.5,65.2,160.72,50.53,32.59,20.0,77.6,23.79
2026-04-01 15:00,-18.8,40.8,192.92,65.5,146.8,36.17,122.66,22.8,0.0,0.0
2026-04-01 16:00,-23.6,30.5,192.03,79.1,172.01,36.01,36.17,20.0,88.76,26.63
2026-04-01 17:00,-23.2,39.8,62.88,94.7,182.1,11.79,111.1,20.0,59.21,19.1
2026-04-01 18:00,-23.4,30.1,0.0,69.1,162.45,0.0,34.09,20.0,128.36,36.73
2026-04-01 19:00,-14.1,37.1,0.0,73.8,142.68,0.0,83.56,20.0,59.12,19.08
2026-04-01 20:00,-23.4,29.8,0.0,32.5,143.59,0.0,32.59,20.0,111.0,32.3
2026-04-01 21:00,-21.0,28.2,0.0,39.8,138.07,0.0,25.31,20.0,112.76,32.75
2026-04-01 22:00,-22.1,29.6,0.0,40.9,139.77,0.0,31.61,20.0,108.16,31.58
2026-04-01 23:00,-22.4,28.6,0.0,26.5,126.15,0.0,27.02,20.0,99.13,29.28
2026-04-02 00:00,-18.8,38.9,0.0,41.8,138.73,0.0,101.34,20.0,37.39,13.53
2026-04-02 01:00,-25.6,59.5,0.0,38.3,155.64,0.0,180.0,25.6,0.0,0.0
2026-04-02 02:00,-20.7,30.1,0.0,44.8,137.59,0.0,34.09,20.0,81.09,24.68
2026-04-02 03:00,-17.5,31.3,0.0,34.4,121.13,0.0,40.57,20.0,80.56,24.54
2026-04-02 04:00,-16.6,27.1,0.0,41.8,118.03,0.0,20.99,20.0,97.04,28.75
2026-04-02 05:00,-24.6,33.7,0.0,25.3,136.51,0.0,55.89,20.0,80.62,24.56
2026-04-02 06:00,-28.4,28.1,0.0,38.1,160.25,0.0,24.89,20.0,135.36,38.52
2026-04-02 07:00,-27.4,33.2,28.3,38.2,153.53,5.31,52.42,20.0,95.8,28.43
2026-04-02 08:00,-25.8,26.7,174.8,77.8,179.04,32.78,19.55,20.0,126.71,36.31
2026-04-02 09:00,-26.9,26.8,304.41,83.2,184.19,57.08,19.91,20.0,107.2,31.34
2026-04-02 10:00,-20.9,31.1,289.91,69.0,159.11,54.36,39.44,20.0,65.31,20.65
2026-04-02 11:00,-19.9,31.7,187.57,85.5,173.12,35.17,42.9,20.0,95.05,28.24
2026-04-02 12:00,-22.5,37.5,319.46,72.5,169.25,59.9,87.31,20.0,22.04,9.62
2026-04-02 13:00,-23.5,37.4,322.76,86.7,182.48,60.52,86.36,20.0,35.6,13.08
2026-04-02 14:00,-25.6,52.5,96.5,89.3,188.8,18.09,180.0,22.1,0.0,0.0
2026-04-02 15:00,-20.5,28.4,91.57,66.0,150.23,17.17,26.15,20.0,98.36,29.08
2026-04-02 16:00,-23.7,37.8,142.5,92.5,183.28,26.72,90.2,20.0,66.36,20.92
2026-04-02 17:00,-22.0,27.2,93.79,71.3,165.22,17.59,21.36,20.0,126.27,36.2
2026-04-02 18:00,-19.6,41.6,0.0,84.2,165.37,0.0,132.47,20.0,32.9,12.39
2026-04-02 19:00,-22.2,24.7,0.0,85.9,173.93,0.0,13.34,20.0,160.59,44.95
2026-04-02 20:00,-12.4,26.9,0.0,34.5,111.88,0.0,20.26,20.0,91.62,27.36
2026-04-02 21:00,-15.5,28.9,0.0,37.1,114.79,0.0,28.34,20.0,86.45,26.04
2026-04-02 22:00,-22.9,43.2,0.0,38.0,136.94,0.0,153.63,23.8,0.0,0.0
2026-04-02 23:00,-15.4,39.5,0.0,43.8,124.18,0.0,107.78,20.0,1.05,4.27
2026-04-03 00:00,-24.5,27.2,0.0,43.3,146.74,0.0,21.36,20.0,125.38,35.97
2026-04-03 01:00,-21.6,23.8,0.0,26.3,134.72,0.0,11.03,20.0,123.69,35.54
2026-04-03 02:00,-25.2,33.6,0.0,41.2,153.35,0.0,55.18,20.0,98.17,29.03
2026-04-03 03:00,-24.7,32.3,0.0,40.3,154.21,0.0,46.56,20.0,107.65,31.45
2026-04-03 04:00,-26.8,24.5,0.0,29.1,139.55,0.0,12.8,20.0,126.75,36.32
2026-04-03 05:00,-24.4,24.5,0.0,30.7,143.11,0.0,12.8,20.0,130.31,37.23
2026-04-03 06:00,-27.6,33.4,0.0,25.2,143.14,0.0,53.79,20.0,89.35,26.78
2026-04-03 07:00,-26.7,30.0,73.54,38.4,156.59,13.79,33.59,20.0,109.21,31.85
2026-04-03 08:00,-31.5,36.9,162.9,87.8,202.83,30.54,81.72,20.0,90.57,27.1
2026-04-03 09:00,-23.8,22.8,145.42,75.1,168.08,27.27,8.8,20.0,132.01,37.66
2026-04-03 10:00,-20.7,33.1,312.77,72.4,156.41,58.64,51.75,20.0,46.02,15.74
2026-04-03 11:00,-25.9,23.9,340.37,80.6,188.16,63.82,11.27,20.0,113.07,32.83
2026-04-03 12:00,-27.0,31.1,421.7,77.8,185.58,79.07,39.44,20.0,67.07,21.1
2026-04-03 13:00,-22.3,35.2,292.63,86.7,182.33,54.87,67.18,20.0,60.28,19.37
2026-04-03 14:00,-21.1,43.6,269.7,69.1,157.32,50.57,159.25,32.1,0.0,0.0
2026-04-03 15:00,-18.3,31.7,187.93,69.2,146.18,35.24,42.9,20.0,19.74,9.03
2026-04-03 16:00,-19.0,26.2,202.86,74.8,153.73,38.04,17.85,20.0,97.84,28.95
2026-04-03 17:00,-18.5,27.6,38.04,68.7,145.77,7.13,22.89,20.0,115.75,33.52
2026-04-03 18:00,-19.4,31.0,0.0,66.8,150.31,0.0,38.88,20.0,111.43,32.41
2026-04-03 19:00,-18.6,41.7,0.0,89.3,167.76,0.0,133.74,20.0,34.02,12.68
2026-04-03 20:00,-25.7,22.7,0.0,31.5,147.41,0.0,8.6,20.0,138.81,39.4
2026-04-03 21:00,-21.5,25.6,0.0,29.7,127.15,0.0,15.94,20.0,111.21,32.36
2026-04-03 22:00,-19.3,29.2,0.0,36.7,129.24,0.0,29.71,20.0,99.53,29.38
2026-04-03 23:00,-21.4,31.4,0.0,28.5,128.0,0.0,41.14,20.0,86.86,26.15
2026-04-04 00:00,-17.3,23.9,0.0,42.5,128.07,0.0,11.27,20.0,116.8,33.78
2026-04-04 01:00,-24.5,27.8,0.0,33.4,140.67,0.0,23.68,20.0,116.99,33.83
2026-04-04 02:00,-21.0,27.8,0.0,43.7,145.24,0.0,23.68,20.0,121.56,35.0
2026-04-04 03:00,-17.9,27.3,0.0,28.6,114.21,0.0,21.74,20.0,92.47,27.58
2026-04-04 04:00,-31.9,21.2,0.0,43.5,169.78,0.0,5.9,20.0,163.88,45.79
2026-04-04 05:00,-16.7,37.7,0.0,27.7,112.38,0.0,89.23,20.0,23.15,9.9
2026-04-04 06:00,-19.2,19.6,0.0,44.7,134.77,0.0,3.71,20.0,131.06,37.42
2026-04-04 07:00,-29.2,20.7,65.68,40.8,159.3,12.32,5.14,20.0,141.84,40.17
2026-04-04 08:00,-22.5,32.9,216.97,79.4,170.12,40.68,50.42,20.0,79.02,24.15
2026-04-04 09:00,-18.2,19.4,235.22,85.9,153.83,44.1,3.49,20.0,106.24,31.09
2026-04-04 10:00,-22.6,20.9,94.41,74.7,169.08,17.7,5.44,20.0,145.94,41.21
2026-04-04 11:00,-29.3,25.8,254.3,73.9,191.07,47.68,16.56,20.0,126.83,36.34
2026-04-04 12:00,-21.6,19.8,109.98,81.5,158.36,20.62,3.95,20.0,133.79,38.12
2026-04-04 13:00,-20.4,20.1,137.23,87.9,170.87,25.73,4.33,20.0,140.81,39.91
2026-04-04 14:00,-25.0,21.7,85.27,70.2,170.56,15.99,6.72,20.0,147.85,41.7
2026-04-04 15:00,-27.3,26.6,158.67,92.6,193.01,29.75,19.2,20.0,144.06,40.74
2026-04-04 16:00,-22.9,33.3,117.11,82.1,170.55,21.96,53.11,20.0,95.48,28.35
2026-04-04 17:00,-20.8,20.4,65.69,93.3,170.88,12.32,4.72,20.0,153.84,43.23
2026-04-04 18:00,-19.7,19.7,0.0,77.3,156.6,0.0,3.83,20.0,152.77,42.96
2026-04-04 19:00,-26.8,19.4,0.0,89.0,192.88,0.0,3.49,20.0,189.39,52.29
2026-04-04 20:00,-24.7,20.7,0.0,44.2,150.51,0.0,5.14,20.0,145.37,41.07
2026-04-04 21:00,-17.7,29.4,0.0,31.8,109.62,0.0,30.65,20.0,78.97,24.14
2026-04-04 22:00,-13.6,27.2,0.0,42.6,118.11,0.0,21.36,20.0,96.75,28.67
2026-04-04 23:00,-13.2,25.8,0.0,35.9,103.95,0.0,16.56,20.0,87.39,26.28
2026-04-05 00:00,-18.2,23.4,0.0,34.8,125.82,0.0,10.1,20.0,115.72,33.51
2026-04-05 01:00,-22.2,19.8,0.0,44.1,140.59,0.0,3.95,20.0,136.64,38.84
2026-04-05 02:00,-21.2,18.1,0.0,44.6,148.76,0.0,2.23,20.0,146.53,41.37
2026-04-05 03:00,-22.7,33.1,0.0,42.7,139.74,0.0,51.75,20.0,87.99,26.44
2026-04-05 04:00,-24.4,16.7,0.0,42.0,150.84,0.0,1.26,20.0,149.58,42.14
2026-04-05 05:00,-18.7,29.7,0.0,40.7,136.89,0.0,32.1,20.0,104.79,30.72
2026-04-05 06:00,-22.5,60.6,0.0,27.3,131.7,0.0,180.0,31.1,0.0,0.0
2026-04-05 07:00,-33.0,23.7,102.45,26.1,164.16,19.21,10.8,20.0,89.71,26.88
2026-04-05 08:00,-25.6,20.4,136.16,93.2,192.43,25.53,4.72,20.0,162.18,45.36
2026-04-05 09:00,-27.4,21.7,172.73,84.0,181.67,32.39,6.72,20.0,142.56,40.35
2026-04-05 10:00,-19.6,21.8,327.57,75.2,157.33,61.42,6.9,20.0,89.01,26.7
2026-04-05 11:00,-22.2,16.0,315.72,70.1,169.52,59.2,0.91,20.0,109.41,31.9
2026-04-05 12:00,-19.9,15.6,192.71,87.7,163.66,36.13,0.74,20.0,126.79,36.33
2026-04-05 13:00,-21.7,17.3,179.2,91.5,169.32,33.6,1.63,20.0,134.09,38.19
2026-04-05 14:00,-17.9,22.9,104.56,73.8,150.89,19.6,9.01,20.0,122.28,35.18
2026-04-05 15:00,-22.4,65.7,170.75,65.1,162.53,32.02,180.0,31.4,0.0,0.0
2026-04-05 16:00,-22.4,15.5,49.97,72.1,166.82,9.37,0.7,20.0,111.22,32.36
2026-04-05 17:00,-17.6,17.1,63.0,80.1,161.06,11.81,1.5,20.0,147.75,41.68
2026-04-05 18:00,-21.8,47.0,0.0,86.3,177.46,0.0,180.0,20.6,0.0,0.0
2026-04-05 19:00,-22.4,20.4,0.0,67.8,163.86,0.0,4.72,20.0,156.8,43.98
2026-04-05 20:00,-17.1,37.8,0.0,25.1,111.5,0.0,90.2,20.0,21.3,9.43
2026-04-05 21:00,-22.4,15.4,0.0,32.7,135.34,0.0,0.66,20.0,134.68,38.34
2026-04-05 22:00,-17.2,18.0,0.0,25.9,115.07,0.0,2.15,20.0,112.92,32.79
2026-04-05 23:00,-19.3,22.4,0.0,39.8,125.47,0.0,8.0,20.0,117.47,33.95
2026-04-06 00:00,-20.3,29.2,0.0,35.8,132.38,0.0,29.71,20.0,102.67,30.18
2026-04-06 01:00,-21.1,30.2,0.0,44.1,141.01,0.0,34.6,20.0,106.41,31.13
2026-04-06 02:00,-22.3,14.3,0.0,29.0,132.15,0.0,0.33,20.0,131.82,37.61
2026-04-06 03:00,-25.6,17.4,0.0,33.4,141.69,0.0,1.7,20.0,139.99,39.7
2026-04-06 04:00,-22.9,19.9,0.0,33.9,136.62,0.0,4.07,20.0,132.55,37.8
2026-04-06 05:00,-24.7,21.8,0.0,44.1,156.05,0.0,6.9,20.0,149.15,42.03
2026-04-06 06:00,-17.6,15.1,0.0,36.2,118.61,0.0,0.56,20.0,118.05,34.1
2026-04-06 07:00,-21.7,17.6,114.73,45.0,142.32,21.51,1.84,20.0,118.97,34.34
2026-04-06 08:00,-24.2,15.9,149.26,66.0,163.85,27.99,0.86,20.0,135.0,38.42
2026-04-06 09:00,-21.4,16.0,272.59,70.8,157.95,51.11,0.91,20.0,105.93,31.01
2026-04-06 10:00,-19.9,20.7,381.59,81.8,157.36,71.55,5.14,20.0,80.67,24.57
2026-04-06 11:00,-27.0,28.9,405.0,70.4,184.92,75.94,28.34,20.0,80.64,24.56
2026-04-06 12:00,-22.8,26.6,285.93,84.6,177.4,53.61,19.2,20.0,104.59,30.67
2026-04-06 13:00,-22.8,14.4,378.81,79.5,171.88,71.03,0.36,20.0,100.49,29.62
2026-04-06 14:00,-21.3,22.3,296.76,77.0,164.64,55.64,7.81,20.0,101.19,29.8
2026-04-06 15:00,-25.0,13.6,112.66,92.2,186.32,21.12,0.2,20.0,165.0,46.08
2026-04-06 16:00,-22.3,14.5,224.58,74.0,157.85,42.11,0.38,20.0,115.36,33.42
2026-04-06 17:00,-17.6,20.6,42.01,76.6,156.59,7.88,5.0,20.0,143.71,40.65
2026-04-06 18:00,-19.3,13.2,0.0,78.1,153.24,0.0,0.14,20.0,153.1,43.04
2026-04-06 19:00,-26.8,18.6,0.0,93.8,196.18,0.0,2.67,20.0,193.51,53.35
2026-04-06 20:00,-20.8,12.9,0.0,36.0,133.05,0.0,0.1,20.0,132.95,37.9
2026-04-06 21:00,-13.4,14.0,0.0,38.4,112.92,0.0,0.27,20.0,112.65,32.73
2026-04-06 22:00,-24.6,20.6,0.0,44.9,158.45,0.0,5.0,20.0,153.45,43.13
2026-04-06 23:00,-23.0,12.8,0.0,27.2,127.11,0.0,0.09,20.0,127.02,36.39
2026-04-07 00:00,-20.2,22.1,0.0,40.2,136.09,0.0,7.44,20.0,128.65,36.81
2026-04-07 01:00,-25.7,12.4,0.0,28.6,139.82,0.0,0.06,20.0,139.76,39.64
2026-04-07 02:00,-13.8,18.1,0.0,27.0,107.21,0.0,2.23,20.0,104.98,30.77
2026-04-07 03:00,-23.1,13.5,0.0,36.2,137.84,0.0,0.18,20.0,137.66,39.1
2026-04-07 04:00,-32.0,15.6,0.0,41.8,177.62,0.0,0.74,20.0,176.88,49.1
2026-04-07 05:00,-20.7,16.0,0.0,30.9,131.65,0.0,0.91,20.0,130.74,37.34
2026-04-07 06:00,-24.4,17.2,0.0,42.0,148.27,0.0,1.57,20.0,146.7,41.41
2026-04-07 07:00,-26.6,18.2,45.25,36.2,150.47,8.48,2.31,20.0,139.68,39.62
2026-04-07 08:00,-24.5,14.8,198.0,70.6,171.06,37.12,0.46,20.0,133.48,38.04
2026-04-07 09:00,-14.2,25.3,64.86,80.1,146.43,12.16,15.04,20.0,119.23,34.4
2026-04-07 10:00,-20.5,12.6,363.67,90.7,174.22,68.19,0.07,20.0,105.96,31.02
2026-04-07 11:00,-25.3,32.1,321.7,66.0,167.62,60.32,45.32,20.0,61.98,19.8
2026-04-07 12:00,-19.4,25.8,256.51,75.8,152.93,48.1,16.56,20.0,88.27,26.51
2026-04-07 13:00,-23.1,13.3,235.38,77.4,174.67,44.13,0.15,20.0,130.39,37.25
2026-04-07 14:00,-23.1,11.5,301.2,78.0,169.25,56.48,0.01,20.0,112.76,32.75
2026-04-07 15:00,-17.7,20.0,274.27,75.1,155.74,51.43,4.2,20.0,100.11,29.53
2026-04-07 16:00,-22.6,21.4,75.56,78.2,180.5,14.17,6.22,20.0,160.11,44.83
2026-04-07 17:00,-23.6,13.4,54.85,67.8,162.64,10.28,0.17,20.0,152.19,42.81
2026-04-07 18:00,-22.7,19.7,0.0,86.5,181.15,0.0,3.83,20.0,177.32,49.22
2026-04-07 19:00,-20.2,14.0,0.0,70.2,157.06,0.0,0.27,20.0,156.79,43.98
2026-04-07 20:00,-23.0,17.0,0.0,38.8,146.31,0.0,1.44,20.0,144.87,40.94
2026-04-07 21:00,-18.1,11.3,0.0,37.4,127.11,0.0,0.01,20.0,127.1,36.41
2026-04-07 22:00,-17.8,27.6,0.0,33.1,121.07,0.0,22.89,20.0,98.18,29.04
2026-04-07 23:00,-19.6,11.6,0.0,36.0,122.44,0.0,0.02,20.0,122.42,35.22
2026-04-08 00:00,-24.6,39.0,0.0,39.5,144.61,0.0,102.39,20.0,42.22,14.77
2026-04-08 01:00,-21.2,12.5,0.0,35.7,130.0,0.0,0.07,20.0,129.93,37.13
2026-04-08 02:00,-16.6,16.7,0.0,43.5,130.08,0.0,1.26,20.0,128.82,36.85
2026-04-08 03:00,-29.4,15.4,0.0,28.7,155.11,0.0,0.66,20.0,154.45,43.38
2026-04-08 04:00,-26.6,12.2,0.0,34.6,150.07,0.0,0.04,20.0,150.03,42.26
2026-04-08 05:00,-17.4,13.7,0.0,36.4,124.66,0.0,0.21,20.0,124.45,35.73
2026-04-08 06:00,-25.6,15.8,0.0,30.9,144.68,0.0,0.82,20.0,143.86,40.68
2026-04-08 07:00,-24.1,26.2,53.69,33.3,133.22,10.07,17.85,20.0,105.3,30.85
2026-04-08 08:00,-26.0,14.3,178.9,75.7,182.24,33.54,0.33,20.0,148.37,41.83
2026-04-08 09:00,-24.7,19.4,275.65,82.0,178.75,51.68,3.49,20.0,123.58,35.51
2026-04-08 10:00,-29.0,14.8,213.96,80.1,192.61,40.12,0.46,20.0,152.03,42.77
2026-04-08 11:00,-21.6,18.5,400.31,65.6,155.74,75.06,2.58,20.0,78.1,23.92
2026-04-08 12:00,-24.6,12.6,350.87,76.4,177.87,65.79,0.07,20.0,112.01,32.56
2026-04-08 13:00,-27.8,17.9,210.78,69.9,176.24,39.52,2.07,20.0,134.65,38.34
2026-04-08 14:00,-22.4,25.5,341.69,72.4,170.43,64.07,15.63,20.0,90.73,27.14
2026-04-08 15:00,-24.1,16.8,68.11,92.0,193.97,12.77,1.32,20.0,179.88,49.87
2026-04-08 16:00,-16.2,10.8,219.59,69.8,145.82,41.17,0.0,20.0,104.65,30.69
2026-04-08 17:00,-26.0,13.0,91.61,83.2,176.3,17.18,0.11,20.0,159.01,44.55
2026-04-08 18:00,-23.7,10.6,0.0,74.9,172.75,0.0,0.0,20.0,172.75,48.05
2026-04-08 19:00,-18.9,15.3,0.0,66.4,144.13,0.0,0.63,20.0,143.5,40.59
2026-04-08 20:00,-21.2,12.5,0.0,31.9,121.89,0.0,0.07,20.0,121.82,35.06
2026-04-08 21:00,-20.0,24.7,0.0,27.4,124.08,0.0,13.34,20.0,110.74,32.24
2026-04-08 22:00,-20.1,10.7,0.0,44.2,139.81,0.0,0.0,20.0,139.81,39.65
2026-04-08 23:00,-18.3,19.4,0.0,42.4,127.49,0.0,3.49,20.0,124.0,35.62
2026-04-09 00:00,-16.6,12.4,0.0,31.6,113.16,0.0,0.06,20.0,113.1,32.84
2026-04-09 01:00,-21.9,15.9,0.0,32.8,135.03,0.0,0.86,20.0,134.17,38.21
2026-04-09 02:00,-18.0,25.5,0.0,33.7,119.19,0.0,15.63,20.0,103.56,30.41
2026-04-09 03:00,-21.5,21.3,0.0,29.5,130.72,0.0,6.06,20.0,124.66,35.79
2026-04-09 04:00,-18.8,24.2,0.0,28.8,113.2,0.0,12.02,20.0,101.18,29.8
2026-04-09 05:00,-20.6,11.5,0.0,33.4,130.84,0.0,0.01,20.0,130.83,37.36
2026-04-09 06:00,-19.6,18.6,0.0,36.6,126.31,0.0,2.67,20.0,123.64,35.53
2026-04-09 07:00,-26.0,14.7,72.67,28.1,145.66,13.63,0.44,20.0,131.59,37.56
2026-04-09 08:00,-27.3,15.1,152.27,65.8,170.95,28.55,0.56,20.0,141.84,40.17
2026-04-09 09:00,-26.8,26.0,87.04,85.8,196.28,16.32,17.2,20.0,162.76,45.5
2026-04-09 10:00,-26.9,22.2,80.47,94.7,197.01,15.09,7.62,20.0,174.3,48.45
2026-04-09 11:00,-27.6,14.6,271.65,90.7,198.4,50.93,0.41,20.0,147.06,41.5
2026-04-09 12:00,-24.6,20.0,150.27,76.3,168.28,28.18,4.2,20.0,135.9,38.65
2026-04-09 13:00,-23.5,19.9,409.54,71.8,164.99,76.79,4.07,20.0,84.13,25.45
2026-04-09 14:00,-17.1,13.3,282.59,82.8,156.8,52.99,0.15,20.0,103.66,30.43
2026-04-09 15:00,-27.0,31.1,189.63,72.7,189.64,35.56,39.44,20.0,114.64,33.23
2026-04-09 16:00,-25.9,11.2,93.57,90.7,187.86,17.54,0.01,20.0,170.31,47.43
2026-04-09 17:00,-19.6,12.8,75.31,81.4,163.6,14.12,0.09,20.0,149.39,42.09
2026-04-09 18:00,-20.5,14.1,0.0,74.1,163.29,0.0,0.29,20.0,163.0,45.56
2026-04-09 19:00,-22.0,23.0,0.0,90.0,171.43,0.0,9.22,20.0,162.21,45.36
2026-04-09 20:00,-15.8,10.6,0.0,42.8,121.31,0.0,0.0,20.0,121.31,34.93
2026-04-09 21:00,-16.7,16.7,0.0,42.2,131.1,0.0,1.26,20.0,129.84,37.11
2026-04-09 22:00,-18.0,23.6,0.0,29.3,110.24,0.0,10.56,20.0,99.68,29.42
2026-04-09 23:00,-24.6,21.6,0.0,26.8,136.22,0.0,6.55,20.0,129.67,37.07
2026-04-10 00:00,-21.4,17.6,0.0,36.1,132.34,0.0,1.84,20.0,130.5,37.28
2026-04-10 01:00,-26.5,15.2,0.0,44.1,155.35,0.0,0.59,20.0,154.76,43.46
2026-04-10 02:00,-21.8,16.5,0.0,40.6,142.21,0.0,1.15,20.0,141.06,39.97
2026-04-10 03:00,-20.9,19.3,0.0,28.1,126.88,0.0,3.38,20.0,123.5,35.49
2026-04-10 04:00,-21.0,13.2,0.0,25.4,122.42,0.0,0.14,20.0,122.28,35.18
2026-04-10 05:00,-26.5,14.8,0.0,43.4,153.3,0.0,0.46,20.0,152.84,42.97
2026-04-10 06:00,-32.2,17.0,0.0,29.9,160.03,0.0,1.44,20.0,158.59,44.44
2026-04-10 07:00,-24.9,15.9,28.16,25.4,132.09,5.28,0.86,20.0,125.95,36.12
2026-04-10 08:00,-19.2,12.7,71.63,77.7,154.71,13.43,0.08,20.0,141.2,40.01
2026-04-10 09:00,-25.6,11.8,205.52,79.7,183.62,38.54,0.02,20.0,145.06,40.99
2026-04-10 10:00,-24.8,10.8,310.75,66.0,164.09,58.27,0.0,20.0,105.82,30.98
2026-04-10 11:00,-20.9,18.1,254.87,78.6,162.92,47.79,2.23,20.0,112.9,32.79
2026-04-10 12:00,-25.3,28.6,236.86,94.9,191.12,44.41,27.02,20.0,119.69,34.52
2026-04-10 13:00,-18.3,25.9,150.04,87.6,168.27,28.13,16.88,20.0,123.26,35.43
2026-04-10 14:00,-16.6,16.6,218.14,79.3,155.33,40.9,1.21,20.0,113.22,32.87
2026-04-10 15:00,-14.3,18.5,227.85,86.6,152.92,42.72,2.58,20.0,107.62,31.44
2026-04-10 16:00,-13.8,15.7,160.7,72.3,138.25,30.13,0.78,20.0,107.34,31.37
2026-04-10 17:00,-13.0,39.6,23.43,75.8,142.9,4.39,108.88,20.0,29.63,11.56
2026-04-10 18:00,-22.4,18.6,0.0,85.6,178.11,0.0,2.67,20.0,175.44,48.74
2026-04-10 19:00,-20.1,13.8,0.0,91.9,176.38,0.0,0.23,20.0,176.15,48.92
2026-04-10 20:00,-20.4,39.9,0.0,36.2,129.44,0.0,112.22,20.0,17.22,8.39
2026-04-10 21:00,-20.0,14.3,0.0,43.8,139.78,0.0,0.33,20.0,139.45,39.56
2026-04-10 22:00,-19.7,23.8,0.0,28.6,128.38,0.0,11.03,20.0,117.35,33.92
2026-04-10 23:00,-20.4,11.7,0.0,40.3,140.32,0.0,0.02,20.0,140.3,39.78
2026-04-11 00:00,-23.2,34.9,0.0,30.8,137.25,0.0,64.81,20.0,72.44,22.47
2026-04-11 01:00,-17.9,17.0,0.0,34.5,125.66,0.0,1.44,20.0,124.22,35.68
2026-04-11 02:00,-27.5,41.8,0.0,40.9,159.16,0.0,135.0,20.0,24.16,10.16
2026-04-11 03:00,-21.2,12.7,0.0,28.8,126.44,0.0,0.08,20.0,126.36,36.22
2026-04-11 04:00,-18.2,14.7,0.0,26.7,118.4,0.0,0.44,20.0,117.96,34.08
2026-04-11 05:00,-26.6,13.7,0.0,43.9,159.93,0.0,0.21,20.0,159.72,44.73
2026-04-11 06:00,-26.1,15.1,0.0,31.4,143.69,0.0,0.56,20.0,143.13,40.5
2026-04-11 07:00,-22.0,13.5,112.42,43.2,145.34,21.08,0.18,20.0,124.08,35.64
2026-04-11 08:00,-25.8,20.5,194.02,84.6,184.18,36.38,4.86,20.0,142.94,40.45
2026-04-11 09:00,-20.3,14.0,87.81,67.4,158.12,16.46,0.27,20.0,141.39,40.05
2026-04-11 10:00,-27.0,13.8,164.27,82.2,183.97,30.8,0.23,20.0,152.94,43.0
2026-04-11 11:00,-25.4,17.2,201.03,65.4,171.18,37.69,1.57,20.0,131.92,37.64
2026-04-11 12:00,-23.4,13.0,263.41,82.8,181.87,49.39,0.11,20.0,132.37,37.75
2026-04-11 13:00,-21.6,25.8,350.78,88.0,168.84,65.77,16.56,20.0,86.51,26.06
2026-04-11 14:00,-17.0,24.9,328.29,85.9,150.03,61.55,13.89,20.0,74.59,23.02
2026-04-11 15:00,-24.8,14.5,317.06,86.3,179.5,59.45,0.38,20.0,119.67,34.52
2026-04-11 16:00,-17.7,14.9,60.26,72.6,154.42,11.3,0.49,20.0,142.63,40.37
2026-04-11 17:00,-18.5,28.0,81.89,93.9,169.97,15.35,24.48,20.0,130.14,37.19
2026-04-11 18:00,-19.9,25.6,0.0,68.8,156.38,0.0,15.94,20.0,140.44,39.81
2026-04-11 19:00,-22.9,13.9,0.0,89.2,175.08,0.0,0.25,20.0,174.83,48.58
2026-04-11 20:00,-22.7,20.1,0.0,30.1,132.08,0.0,4.33,20.0,127.75,36.58
2026-04-11 21:00,-12.0,14.1,0.0,28.5,98.11,0.0,0.29,20.0,97.82,28.94
2026-04-11 22:00,-20.1,20.4,0.0,29.8,127.04,0.0,4.72,20.0,122.32,35.19
2026-04-11 23:00,-28.6,14.4,0.0,38.8,156.68,0.0,0.36,20.0,156.32,43.86
2026-04-12 00:00,-15.1,39.7,0.0,41.6,113.07,0.0,109.99,20.0,3.08,4.79
2026-04-12 01:00,-23.4,19.2,0.0,30.6,138.35,0.0,3.27,20.0,135.08,38.45
2026-04-12 02:00,-25.7,23.1,0.0,34.1,145.98,0.0,9.44,20.0,136.54,38.82
2026-04-12 03:00,-21.8,14.4,0.0,30.7,131.96,0.0,0.36,20.0,131.6,37.56
2026-04-12 04:00,-32.0,16.7,0.0,30.9,167.21,0.0,1.26,20.0,165.95,46.32
2026-04-12 05:00,-22.6,22.7,0.0,41.0,144.43,0.0,8.6,20.0,135.83,38.64
2026-04-12 06:00,-26.8,26.1,0.0,31.2,157.09,0.0,17.52,20.0,139.57,39.59
2026-04-12 07:00,-25.3,14.6,83.22,35.3,150.21,15.6,0.41,20.0,134.2,38.22
2026-04-12 08:00,-23.3,19.4,107.28,79.0,173.34,20.11,3.49,20.0,149.74,42.18
2026-04-12 09:00,-25.4,34.3,230.27,85.1,182.33,43.18,60.24,20.0,78.91,24.12
2026-04-12 10:00,-21.9,25.9,82.13,90.2,172.63,15.4,16.88,20.0,140.35,39.79
2026-04-12 11:00,-23.4,24.0,188.53,82.9,179.04,35.35,11.52,20.0,132.17,37.7
2026-04-12 12:00,-20.6,22.2,134.19,90.1,170.14,25.16,7.62,20.0,137.36,39.03
2026-04-12 13:00,-20.2,14.9,266.27,90.7,170.86,49.93,0.49,20.0,120.44,34.71
2026-04-12 14:00,-18.7,19.9,149.9,87.4,165.17,28.11,4.07,20.0,132.99,37.91
2026-04-12 15:00,-20.3,19.6,268.48,70.2,157.25,50.34,3.71,20.0,103.2,30.32
2026-04-12 16:00,-22.8,21.5,53.61,70.5,163.14,10.05,6.39,20.0,146.7,41.41
2026-04-12 17:00,-26.4,33.1,26.92,67.1,178.32,5.05,51.75,20.0,121.52,34.99
2026-04-12 18:00,-24.0,24.3,0.0,87.9,183.46,0.0,12.28,20.0,171.18,47.65
2026-04-12 19:00,-21.3,17.2,0.0,72.2,160.25,0.0,1.57,20.0,158.68,44.46
2026-04-12 20:00,-20.0,21.5,0.0,43.0,132.14,0.0,6.39,20.0,125.75,36.07
2026-04-12 21:00,-21.2,19.6,0.0,37.9,136.17,0.0,3.71,20.0,132.46,37.78
2026-04-12 22:00,-17.9,37.3,0.0,25.7,109.06,0.0,85.42,20.0,23.64,10.03
2026-04-12 23:00,-25.3,22.1,0.0,40.3,150.58,0.0,7.44,20.0,143.14,40.5
2026-04-13 00:00,-22.9,23.2,0.0,31.6,138.27,0.0,9.66,20.0,128.61,36.8
2026-04-13 01:00,-22.2,30.8,0.0,30.2,131.97,0.0,37.78,20.0,94.19,28.02
2026-04-13 02:00,-22.4,16.2,0.0,30.7,135.44,0.0,1.0,20.0,134.44,38.28
2026-04-13 03:00,-27.1,19.8,0.0,42.2,158.88,0.0,3.95,20.0,154.93,43.51
2026-04-13 04:00,-23.3,20.4,0.0,40.0,147.0,0.0,4.72,20.0,142.28,40.28
2026-04-13 05:00,-22.9,21.8,0.0,40.8,140.14,0.0,6.9,20.0,133.24,37.98
2026-04-13 06:00,-19.1,22.2,0.0,44.6,126.88,0.0,7.62,20.0,119.26,34.41
2026-04-13 07:00,-25.1,28.6,100.73,30.3,143.45,18.89,27.02,20.0,97.54,28.87
2026-04-13 08:00,-26.5,20.3,82.57,71.5,180.69,15.48,4.59,20.0,160.62,44.96
2026-04-13 09:00,-19.8,17.1,212.69,66.9,147.48,39.88,1.5,20.0,106.1,31.06
2026-04-13 10:00,-19.7,34.7,109.01,72.3,154.96,20.44,63.26,20.0,71.26,22.17
2026-04-13 11:00,-26.4,21.5,286.66,80.7,187.89,53.75,6.39,20.0,127.75,36.58
2026-04-13 12:00,-25.5,19.1,138.55,75.1,177.7,25.98,3.16,20.0,148.56,41.88
2026-04-13 13:00,-17.2,24.6,114.01,71.7,143.64,21.38,13.07,20.0,109.19,31.84
2026-04-13 14:00,-17.4,21.8,342.08,94.5,165.42,64.14,6.9,20.0,94.38,28.07
2026-04-13 15:00,-21.3,22.9,259.77,87.7,175.05,48.71,9.01,20.0,117.33,33.92
2026-04-13 16:00,-21.0,30.7,203.45,71.3,160.33,38.15,37.24,20.0,84.94,25.66
2026-04-13 17:00,-22.0,39.5,74.13,69.4,157.22,13.9,107.78,20.0,35.54,13.06
2026-04-13 18:00,-23.2,21.3,0.0,81.9,175.61,0.0,6.06,20.0,169.55,47.24
2026-04-13 19:00,-21.7,23.2,0.0,87.4,171.8,0.0,9.66,20.0,162.14,45.35
2026-04-13 20:00,-19.4,43.5,0.0,32.8,124.15,0.0,157.83,27.7,0.0,0.0
2026-04-13 21:00,-17.9,48.0,0.0,38.8,132.2,0.0,180.0,38.7,0.0,0.0
2026-04-13 22:00,-16.1,21.5,0.0,31.1,117.44,0.0,6.39,20.0,36.09,13.2
2026-04-13 23:00,-18.3,21.1,0.0,41.3,121.47,0.0,5.74,20.0,115.73,33.51
2026-04-14 00:00,-19.5,20.6,0.0,35.8,132.9,0.0,5.0,20.0,127.9,36.61
2026-04-14 01:00,-25.3,19.6,0.0,44.7,148.1,0.0,3.71,20.0,144.39,40.82
2026-04-14 02:00,-26.1,27.6,0.0,32.1,152.48,0.0,22.89,20.0,129.59,37.05
2026-04-14 03:00,-19.4,20.4,0.0,38.1,134.08,0.0,4.72,20.0,129.36,36.99
2026-04-14 04:00,-23.5,24.1,0.0,34.3,138.29,0.0,11.77,20.0,126.52,36.26
2026-04-14 05:00,-27.6,20.2,0.0,38.7,151.77,0.0,4.46,20.0,147.31,41.56
2026-04-14 06:00,-19.5,26.0,0.0,34.4,123.31,0.0,17.2,20.0,106.11,31.06
2026-04-14 07:00,-19.5,22.7,70.94,27.8,127.08,13.3,8.6,20.0,105.18,30.82
2026-04-14 08:00,-21.4,24.3,73.19,70.1,161.39,13.72,12.28,20.0,135.39,38.52
2026-04-14 09:00,-20.8,20.4,256.24,68.2,157.92,48.04,4.72,20.0,105.16,30.82
2026-04-14 10:00,-25.4,25.9,106.8,79.2,180.39,20.03,16.88,20.0,143.48,40.59
2026-04-14 11:00,-24.2,24.0,194.98,88.2,183.14,36.56,11.52,20.0,135.06,38.44
2026-04-14 12:00,-19.7,42.2,100.95,91.3,172.71,18.93,140.16,20.0,13.62,7.47
2026-04-14 13:00,-25.3,23.2,197.99,67.8,171.42,37.12,9.66,20.0,124.64,35.78
2026-04-14 14:00,-23.2,27.6,176.21,78.0,175.14,33.04,22.89,20.0,119.21,34.4
2026-04-14 15:00,-25.4,21.6,180.46,79.7,187.48,33.84,6.55,20.0,147.09,41.51
2026-04-14 16:00,-19.2,31.5,191.4,82.0,159.58,35.89,41.72,20.0,81.97,24.9
2026-04-14 17:00,-19.3,34.8,66.92,89.4,169.42,12.55,64.04,20.0,92.83,27.67
2026-04-14 18:00,-16.0,42.4,0.0,65.7,138.97,0.0,142.79,20.9,0.0,0.0
2026-04-14 19:00,-20.6,22.7,0.0,67.4,159.3,0.0,8.6,20.0,147.19,41.53
2026-04-14 20:00,-19.8,31.5,0.0,44.7,129.24,0.0,41.72,20.0,87.52,26.32
2026-04-14 21:00,-10.5,28.2,0.0,35.4,107.83,0.0,25.31,20.0,82.52,25.04
2026-04-14 22:00,-18.8,24.0,0.0,42.9,128.98,0.0,11.52,20.0,117.46,33.95
2026-04-14 23:00,-20.0,23.8,0.0,41.1,126.75,0.0,11.03,20.0,115.72,33.51
2026-04-15 00:00,-21.5,33.8,0.0,27.0,132.6,0.0,56.6,20.0,76.0,23.38
2026-04-15 01:00,-22.9,65.9,0.0,26.9,138.59,0.0,180.0,29.5,0.0,0.0
2026-04-15 02:00,-17.5,36.3,0.0,43.3,127.16,0.0,76.37,20.0,12.69,7.24
2026-04-15 03:00,-23.1,37.0,0.0,34.5,135.58,0.0,82.63,20.0,52.95,17.5
2026-04-15 04:00,-26.3,46.8,0.0,26.2,145.53,0.0,180.0,27.9,0.0,0.0
2026-04-15 05:00,-23.8,27.6,0.0,28.4,128.71,0.0,22.89,20.0,74.11,22.9
2026-04-15 06:00,-26.1,25.0,0.0,34.8,146.33,0.0,14.17,20.0,132.16,37.7
2026-04-15 07:00,-21.1,31.6,97.64,38.8,136.28,18.31,42.31,20.0,75.66,23.29
2026-04-15 08:00,-18.0,24.2,165.17,90.8,162.7,30.97,12.02,20.0,119.71,34.53
2026-04-15 09:00,-21.6,23.9,261.64,71.5,158.72,49.06,11.27,20.0,98.39,29.09
2026-04-15 10:00,-21.7,37.4,98.25,65.1,160.37,18.42,86.36,20.0,55.59,18.18
2026-04-15 11:00,-26.6,32.5,261.23,67.5,176.67,48.98,47.82,20.0,79.87,24.37
2026-04-15 12:00,-15.8,25.5,155.28,70.6,141.16,29.12,15.63,20.0,96.41,28.58
2026-04-15 13:00,-25.3,28.4,158.03,84.6,180.49,29.63,26.15,20.0,124.71,35.8
2026-04-15 14:00,-19.4,25.6,214.51,66.5,154.66,40.22,15.94,20.0,98.5,29.12
2026-04-15 15:00,-21.2,31.6,287.13,94.6,177.0,53.84,42.31,20.0,80.85,24.62
2026-04-15 16:00,-26.9,27.6,204.65,69.6,172.36,38.37,22.89,20.0,111.1,32.33
2026-04-15 17:00,-23.0,51.0,36.16,82.4,170.17,6.78,180.0,23.8,0.0,0.0
2026-04-15 18:00,-22.4,28.2,0.0,70.5,154.85,0.0,25.31,20.0,114.26,33.14
2026-04-15 19:00,-24.1,28.9,0.0,68.9,166.54,0.0,28.34,20.0,138.2,39.24
2026-04-15 20:00,-22.5,26.2,0.0,33.6,130.97,0.0,17.85,20.0,113.12,32.85
2026-04-15 21:00,-16.8,40.4,0.0,44.0,124.32,0.0,117.95,20.0,6.37,5.62
2026-04-15 22:00,-16.7,26.3,0.0,34.3,119.79,0.0,18.18,20.0,101.61,29.91
2026-04-15 23:00,-18.8,35.7,0.0,40.2,130.55,0.0,71.26,20.0,59.29,19.12
2026-04-16 00:00,-19.1,28.9,0.0,25.7,123.05,0.0,28.34,20.0,94.71,28.15
2026-04-16 01:00,-27.2,27.4,0.0,41.6,160.09,0.0,22.12,20.0,137.97,39.18
2026-04-16 02:00,-20.2,30.0,0.0,31.1,131.37,0.0,33.59,20.0,97.78,28.93
2026-04-16 03:00,-22.4,32.4,0.0,43.5,152.56,0.0,47.19,20.0,105.37,30.87
2026-04-16 04:00,-23.5,27.1,0.0,40.8,142.74,0.0,20.99,20.0,121.75,35.05
2026-04-16 05:00,-19.5,31.4,0.0,36.1,130.28,0.0,41.14,20.0,89.14,26.73
2026-04-16 06:00,-28.9,34.5,0.0,37.6,161.83,0.0,61.74,20.0,100.09,29.52
2026-04-16 07:00,-23.2,28.8,91.69,44.0,146.59,17.19,27.9,20.0,101.5,29.88
2026-04-16 08:00,-26.9,31.0,141.9,88.1,192.32,26.61,38.88,20.0,126.83,36.34
2026-04-16 09:00,-24.2,28.1,243.59,94.9,185.38,45.67,24.89,20.0,114.82,33.28
2026-04-16 10:00,-25.0,37.7,357.69,78.3,180.32,67.07,89.23,20.0,24.02,10.13
2026-04-16 11:00,-28.2,32.1,314.78,69.4,176.69,59.02,45.32,20.0,72.35,22.45
2026-04-16 12:00,-27.1,45.8,389.21,79.9,178.92,72.98,180.0,37.0,0.0,0.0
2026-04-16 13:00,-23.0,56.3,276.19,76.2,164.64,51.79,180.0,52.5,0.0,0.0
2026-04-16 14:00,-22.7,38.9,193.79,88.1,177.07,36.34,101.34,41.8,0.0,0.0
2026-04-16 15:00,-23.9,28.6,310.31,94.6,189.56,58.18,27.02,20.0,17.26,8.4
2026-04-16 16:00,-18.6,35.4,106.28,71.4,150.95,19.93,68.8,20.0,62.22,19.87
2026-04-16 17:00,-21.3,34.5,106.14,92.4,180.5,19.9,61.74,20.0,98.86,29.21
2026-04-16 18:00,-22.8,29.3,0.0,81.9,170.62,0.0,30.18,20.0,140.44,39.81
2026-04-16 19:00,-22.1,33.0,0.0,66.2,158.77,0.0,51.08,20.0,107.69,31.46
2026-04-16 20:00,-21.7,45.3,0.0,39.9,134.04,0.0,180.0,30.6,0.0,0.0
2026-04-16 21:00,-18.9,33.1,0.0,40.3,128.24,0.0,51.75,20.0,34.21,12.72
2026-04-16 22:00,-22.1,40.3,0.0,43.0,133.86,0.0,116.79,20.0,17.07,8.35
2026-04-16 23:00,-22.0,34.4,0.0,42.7,141.53,0.0,60.99,20.0,80.54,24.54
2026-04-17 00:00,-20.1,51.3,0.0,40.1,135.83,0.0,180.0,30.2,0.0,0.0
2026-04-17 01:00,-23.3,31.2,0.0,34.9,134.22,0.0,40.0,20.0,53.58,17.66
2026-04-17 02:00,-22.3,42.1,0.0,43.8,145.46,0.0,138.86,20.0,6.6,5.68
2026-04-17 03:00,-22.7,33.4,0.0,33.0,130.51,0.0,53.79,20.0,76.72,23.56
2026-04-17 04:00,-23.9,36.0,0.0,44.6,154.04,0.0,73.79,20.0,80.25,24.46
2026-04-17 05:00,-18.3,31.6,0.0,37.2,125.19,0.0,42.31,20.0,82.88,25.13
2026-04-17 06:00,-25.5,33.6,0.0,37.0,151.65,0.0,55.18,20.0,96.47,28.6
2026-04-17 07:00,-26.6,34.0,40.4,35.5,144.18,7.57,58.04,20.0,78.57,24.04
2026-04-17 08:00,-17.8,33.6,152.94,68.8,150.88,28.68,55.18,20.0,67.02,21.09
2026-04-17 09:00,-26.0,35.0,257.31,80.0,184.82,48.25,65.6,20.0,70.97,22.1
2026-04-17 10:00,-25.3,41.2,244.22,66.9,170.59,45.79,127.51,20.6,0.0,0.0
2026-04-17 11:00,-24.4,32.4,249.77,94.6,193.11,46.83,47.19,20.0,96.6,28.63
2026-04-17 12:00,-24.9,32.8,410.14,93.2,194.28,76.9,49.76,20.0,67.62,21.24
2026-04-17 13:00,-24.1,34.6,272.05,94.6,190.78,51.01,62.5,20.0,77.27,23.7
2026-04-17 14:00,-23.3,36.7,240.63,66.3,161.36,45.12,79.91,20.0,36.33,13.26
2026-04-17 15:00,-16.4,35.1,181.38,94.5,160.71,34.01,66.39,20.0,60.31,19.38
2026-04-17 16:00,-23.6,42.3,77.54,94.8,186.34,14.54,141.47,20.0,30.33,11.73
2026-04-17 17:00,-22.9,46.3,99.62,93.1,193.44,18.68,180.0,21.2,0.0,0.0
2026-04-17 18:00,-21.5,32.8,0.0,73.2,160.04,0.0,49.76,20.0,105.46,30.89
2026-04-17 19:00,-18.2,40.1,0.0,80.4,159.58,0.0,114.49,20.0,45.09,15.5
2026-04-17 20:00,-15.7,41.3,0.0,39.0,117.08,0.0,128.74,22.7,0.0,0.0
2026-04-17 21:00,-20.7,36.3,0.0,40.6,137.68,0.0,76.37,20.0,50.58,16.9
2026-04-17 22:00,-20.9,36.2,0.0,42.8,141.12,0.0,75.5,20.0,65.62,20.73
2026-04-17 23:00,-27.5,35.3,0.0,38.1,156.38,0.0,67.99,20.0,88.39,26.54
2026-04-18 00:00,-19.7,34.5,0.0,38.9,132.79,0.0,61.74,20.0,71.05,22.12
2026-04-18 01:00,-23.4,37.1,0.0,39.0,139.87,0.0,83.56,20.0,56.31,18.36
2026-04-18 02:00,-16.5,44.4,0.0,37.4,120.6,0.0,170.9,31.6,0.0,0.0
2026-04-18 03:00,-19.9,40.8,0.0,41.4,132.36,0.0,122.66,28.9,0.0,0.0
2026-04-18 04:00,-22.5,37.0,0.0,38.9,134.24,0.0,82.63,20.0,15.88,8.05
2026-04-18 05:00,-22.1,42.7,0.0,29.3,135.39,0.0,146.8,22.6,0.0,0.0
2026-04-18 06:00,-22.7,36.8,0.0,35.7,140.45,0.0,80.81,20.0,49.14,16.53
2026-04-18 07:00,-28.5,40.1,36.07,38.0,159.2,6.76,114.49,20.0,37.95,13.68
2026-04-18 08:00,-20.8,34.7,115.24,88.8,172.14,21.61,63.26,20.0,87.27,26.25
2026-04-18 09:00,-26.2,50.4,107.11,80.7,189.07,20.08,180.0,22.5,0.0,0.0
2026-04-18 10:00,-26.2,46.5,84.88,70.0,176.65,15.92,180.0,27.0,0.0,0.0
2026-04-18 11:00,-19.9,35.9,207.06,89.2,167.87,38.82,72.94,20.0,28.25,11.2
2026-04-18 12:00,-25.4,35.4,326.7,76.5,173.88,61.26,68.8,20.0,43.82,15.17
2026-04-18 13:00,-22.6,41.2,157.75,92.4,179.47,29.58,127.51,20.0,22.38,9.71
2026-04-18 14:00,-27.7,37.0,235.7,66.7,187.76,44.19,82.63,20.0,60.94,19.54
2026-04-18 15:00,-21.1,37.6,167.67,81.0,164.7,31.44,88.27,20.0,44.99,15.47
2026-04-18 16:00,-22.7,42.4,69.17,67.9,158.25,12.97,142.79,20.0,2.49,4.63
2026-04-18 17:00,-19.2,50.2,56.33,82.4,161.51,10.56,180.0,26.7,0.0,0.0
2026-04-18 18:00,-18.2,41.2,0.0,65.6,142.77,0.0,127.51,22.5,0.0,0.0
2026-04-18 19:00,-16.8,42.3,0.0,89.2,158.49,0.0,141.47,20.0,6.88,5.75
2026-04-18 20:00,-20.1,40.1,0.0,36.0,126.44,0.0,114.49,20.0,11.95,7.05
2026-04-18 21:00,-19.1,41.5,0.0,33.8,119.82,0.0,131.22,22.6,0.0,0.0
2026-04-18 22:00,-11.3,45.7,0.0,25.5,95.76,0.0,180.0,41.0,0.0,0.0
2026-04-18 23:00,-17.7,39.0,0.0,34.2,120.65,0.0,102.39,36.1,0.0,0.0
2026-04-19 00:00,-15.5,50.1,0.0,39.8,106.58,0.0,180.0,52.9,0.0,0.0
2026-04-19 01:00,-21.4,51.4,0.0,42.9,138.19,0.0,180.0,62.6,0.0,0.0
2026-04-19 02:00,-21.3,40.5,0.0,40.5,141.48,0.0,119.12,56.5,0.0,0.0
2026-04-19 03:00,-25.7,56.8,0.0,34.1,147.13,0.0,180.0,64.0,0.0,0.0
2026-04-19 04:00,-18.1,37.9,0.0,41.7,132.57,0.0,91.18,52.8,0.0,0.0
2026-04-19 05:00,-25.1,46.6,0.0,44.3,147.55,0.0,180.0,60.3,0.0,0.0
2026-04-19 06:00,-23.8,39.0,0.0,41.6,143.35,0.0,102.39,49.1,0.0,0.0
2026-04-19 07:00,-23.3,38.5,85.91,36.8,126.13,16.11,97.19,45.6,0.0,0.0
2026-04-19 08:00,-31.7,36.6,124.79,80.7,197.76,23.4,79.02,20.0,0.0,0.0
2026-04-19 09:00,-27.0,37.7,148.98,80.2,179.47,27.93,89.23,20.0,62.31,19.89
2026-04-19 10:00,-20.0,41.4,293.82,80.6,165.48,55.09,129.97,24.5,0.0,0.0
2026-04-19 11:00,-17.7,41.3,368.74,77.5,151.28,69.14,128.74,35.2,0.0,0.0
2026-04-19 12:00,-25.0,38.8,363.67,75.8,171.8,68.19,100.29,34.3,0.0,0.0
2026-04-19 13:00,-17.9,49.3,167.04,75.9,154.64,31.32,180.0,47.4,0.0,0.0
2026-04-19 14:00,-27.8,51.4,386.21,86.9,199.33,72.41,180.0,59.6,0.0,0.0
2026-04-19 15:00,-21.9,52.9,254.37,80.1,163.57,47.69,180.0,74.3,0.0,0.0
2026-04-19 16:00,-16.8,39.9,168.02,82.3,155.66,31.5,112.22,71.1,0.0,0.0
2026-04-19 17:00,-16.4,37.6,34.78,85.3,159.08,6.52,88.27,53.6,0.0,0.0
2026-04-19 18:00,-20.6,39.1,0.0,77.5,159.03,0.0,103.45,38.5,0.0,0.0
2026-04-19 19:00,-16.6,44.9,0.0,65.7,144.36,0.0,178.46,46.3,0.0,0.0
2026-04-19 20:00,-21.3,44.4,0.0,34.3,135.01,0.0,170.9,54.6,0.0,0.0
2026-04-19 21:00,-20.1,38.2,0.0,43.9,140.09,0.0,94.15,42.1,0.0,0.0
2026-04-19 22:00,-21.0,38.5,0.0,40.8,144.61,0.0,97.19,29.2,0.0,0.0
2026-04-19 23:00,-20.0,39.2,0.0,25.2,118.88,0.0,104.52,25.3,0.0,0.0
2026-04-20 00:00,-21.1,38.5,0.0,29.1,127.88,0.0,97.19,20.0,9.41,6.4
2026-04-20 01:00,-22.1,43.6,0.0,25.7,134.41,0.0,159.25,25.7,0.0,0.0
2026-04-20 02:00,-21.0,48.8,0.0,37.1,127.4,0.0,180.0,37.8,0.0,0.0
2026-04-20 03:00,-21.7,41.7,0.0,39.7,136.72,0.0,133.74,37.0,0.0,0.0
2026-04-20 04:00,-21.8,58.4,0.0,35.7,136.5,0.0,180.0,47.0,0.0,0.0
2026-04-20 05:00,-23.1,43.1,0.0,27.6,133.23,0.0,152.25,51.4,0.0,0.0
2026-04-20 06:00,-24.1,44.9,0.0,31.8,135.64,0.0,178.46,61.2,0.0,0.0
2026-04-20 07:00,-25.9,49.8,29.97,34.7,152.1,5.62,180.0,68.9,0.0,0.0
2026-04-20 08:00,-25.7,39.6,81.2,94.9,189.05,15.23,108.88,51.3,0.0,0.0
2026-04-20 09:00,-30.5,41.3,76.16,82.1,189.66,14.28,128.74,38.6,0.0,0.0
2026-04-20 10:00,-26.5,45.7,124.7,86.5,193.12,23.38,180.0,41.0,0.0,0.0
2026-04-20 11:00,-22.5,42.5,396.08,80.1,175.57,74.26,144.12,50.8,0.0,0.0
2026-04-20 12:00,-18.6,43.2,366.74,75.0,152.56,68.76,153.63,66.9,0.0,0.0
2026-04-20 13:00,-27.8,40.2,229.96,66.3,177.54,43.12,115.63,61.8,0.0,0.0
2026-04-20 14:00,-27.0,48.3,252.16,87.2,191.66,47.28,180.0,70.0,0.0,0.0
2026-04-20 15:00,-16.7,43.7,129.6,88.8,156.47,24.3,160.68,76.5,0.0,0.0
2026-04-20 16:00,-17.6,61.3,183.42,82.4,158.8,34.39,180.0,89.3,0.0,0.0
2026-04-20 17:00,-15.2,47.4,45.42,70.3,138.12,8.52,180.0,95.0,0.0,0.0
2026-04-20 18:00,-23.7,44.6,0.0,87.4,183.68,0.0,173.9,92.3,0.0,0.0
2026-04-20 19:00,-22.1,45.7,0.0,80.1,166.48,0.0,180.0,95.0,0.0,0.0
2026-04-20 20:00,-19.6,55.3,0.0,42.0,134.59,0.0,180.0,95.0,0.0,0.0
2026-04-20 21:00,-22.8,48.5,0.0,30.4,137.21,0.0,180.0,95.0,0.0,0.0
2026-04-20 22:00,-19.6,40.1,0.0,42.6,133.23,0.0,114.49,89.9,0.0,0.0
2026-04-20 23:00,-20.8,42.9,0.0,37.9,142.62,0.0,149.51,91.5,0.0,0.0
2026-04-21 00:00,-16.4,43.2,0.0,34.4,119.03,0.0,153.63,95.0,0.0,0.0
2026-04-21 01:00,-17.9,39.5,0.0,28.2,107.79,0.0,107.78,95.0,0.0,0.0
2026-04-21 02:00,-19.8,40.6,0.0,33.9,134.33,0.0,120.29,91.2,0.0,0.0
2026-04-21 03:00,-18.8,51.4,0.0,26.7,119.13,0.0,180.0,95.0,0.0,0.0
2026-04-21 04:00,-17.4,40.7,0.0,38.4,122.7,0.0,121.47,94.7,0.0,0.0
2026-04-21 05:00,-24.9,40.8,0.0,26.8,138.62,0.0,122.66,90.3,0.0,0.0
2026-04-21 06:00,-23.1,39.8,0.0,37.4,138.48,0.0,111.1,82.9,0.0,0.0
2026-04-21 07:00,-22.5,39.8,36.4,43.6,138.38,6.82,111.1,77.3,0.0,0.0
2026-04-21 08:00,-24.9,40.3,139.14,76.8,174.88,26.09,116.79,68.6,0.0,0.0
2026-04-21 09:00,-32.5,40.7,234.18,72.3,194.83,43.91,121.47,60.6,0.0,0.0
2026-04-21 10:00,-25.3,46.9,109.16,75.3,177.55,20.47,180.0,65.9,0.0,0.0
2026-04-21 11:00,-26.1,43.8,165.51,82.8,193.1,31.03,162.11,65.9,0.0,0.0
2026-04-21 12:00,-21.3,48.6,266.86,65.8,149.28,50.04,180.0,84.3,0.0,0.0
2026-04-21 13:00,-18.9,56.9,248.93,67.1,150.52,46.67,180.0,95.0,0.0,0.0
2026-04-21 14:00,-25.9,51.4,208.61,87.3,188.39,39.11,180.0,95.0,0.0,0.0
2026-04-21 15:00,-19.6,57.8,293.59,66.7,155.66,55.05,180.0,95.0,0.0,0.0
2026-04-21 16:00,-22.5,45.6,152.45,83.3,173.77,28.58,180.0,95.0,0.0,0.0
2026-04-21 17:00,-17.3,44.9,41.12,90.7,156.99,7.71,178.46,95.0,0.0,0.0
2026-04-21 18:00,-21.2,40.1,0.0,73.2,162.78,0.0,114.49,81.9,0.0,0.0
2026-04-21 19:00,-17.6,71.9,0.0,86.3,163.5,0.0,180.0,85.7,0.0,0.0
2026-04-21 20:00,-16.1,62.2,0.0,27.3,114.16,0.0,180.0,95.0,0.0,0.0
2026-04-21 21:00,-19.5,49.1,0.0,29.9,117.9,0.0,180.0,95.0,0.0,0.0
2026-04-21 22:00,-22.7,44.6,0.0,35.6,133.54,0.0,173.9,95.0,0.0,0.0
2026-04-21 23:00,-26.9,41.3,0.0,25.9,144.25,0.0,128.74,90.8,0.0,0.0
2026-04-22 00:00,-15.9,41.5,0.0,27.2,111.87,0.0,131.22,95.0,0.0,0.0
2026-04-22 01:00,-20.5,50.0,0.0,31.5,127.82,0.0,180.0,95.0,0.0,0.0
2026-04-22 02:00,-24.9,41.0,0.0,28.5,140.24,0.0,125.07,90.9,0.0,0.0
2026-04-22 03:00,-23.7,48.9,0.0,33.5,140.0,0.0,180.0,95.0,0.0,0.0
2026-04-22 04:00,-22.3,71.0,0.0,26.5,124.43,0.0,180.0,95.0,0.0,0.0
2026-04-22 05:00,-26.6,43.8,0.0,41.4,151.89,0.0,162.11,95.0,0.0,0.0
2026-04-22 06:00,-23.5,48.1,0.0,35.4,135.11,0.0,180.0,95.0,0.0,0.0
2026-04-22 07:00,-24.6,44.1,63.74,40.9,142.84,11.95,166.47,95.0,0.0,0.0
2026-04-22 08:00,-24.2,55.6,182.45,66.7,170.02,34.21,180.0,95.0,0.0,0.0
2026-04-22 09:00,-20.5,40.8,197.67,72.2,159.24,37.06,122.66,95.0,0.0,0.0
2026-04-22 10:00,-25.6,54.2,204.69,91.8,185.98,38.38,180.0,95.0,0.0,0.0
2026-04-22 11:00,-21.2,45.0,151.9,68.1,158.74,28.48,180.0,95.0,0.0,0.0
2026-04-22 12:00,-19.1,44.6,254.81,65.5,141.73,47.78,173.9,95.0,0.0,0.0
2026-04-22 13:00,-28.1,64.7,432.58,69.7,191.54,81.11,180.0,95.0,0.0,0.0
2026-04-22 14:00,-24.1,52.8,136.94,73.1,174.1,25.68,180.0,95.0,0.0,0.0
2026-04-22 15:00,-26.3,51.3,72.09,84.2,186.63,13.52,180.0,95.0,0.0,0.0
2026-04-22 16:00,-22.8,52.8,211.25,84.3,177.3,39.61,180.0,95.0,0.0,0.0
2026-04-22 17:00,-19.3,44.9,85.62,84.1,168.68,16.05,178.46,95.0,0.0,0.0
2026-04-22 18:00,-18.3,42.0,0.0,67.4,143.41,0.0,137.57,93.4,0.0,0.0
2026-04-22 19:00,-25.2,51.0,0.0,76.3,181.93,0.0,180.0,92.9,0.0,0.0
2026-04-22 20:00,-13.4,43.4,0.0,44.3,110.82,0.0,156.43,95.0,0.0,0.0
2026-04-22 21:00,-13.7,50.7,0.0,38.9,102.64,0.0,180.0,95.0,0.0,0.0
2026-04-22 22:00,-16.3,49.4,0.0,38.8,118.41,0.0,180.0,95.0,0.0,0.0
2026-04-22 23:00,-19.5,41.8,0.0,37.5,130.12,0.0,135.0,95.0,0.0,0.0
2026-04-23 00:00,-20.8,41.8,0.0,32.6,131.15,0.0,135.0,95.0,0.0,0.0
2026-04-23 01:00,-20.7,61.2,0.0,42.0,133.87,0.0,180.0,95.0,0.0,0.0
2026-04-23 02:00,-20.8,39.9,0.0,29.7,126.49,0.0,112.22,91.1,0.0,0.0
2026-04-23 03:00,-17.8,50.6,0.0,26.0,117.15,0.0,180.0,95.0,0.0,0.0
2026-04-23 04:00,-22.2,47.9,0.0,28.4,125.33,0.0,180.0,95.0,0.0,0.0
2026-04-23 05:00,-26.2,61.8,0.0,36.7,150.29,0.0,180.0,95.0,0.0,0.0
2026-04-23 06:00,-19.8,39.9,0.0,30.4,125.54,0.0,112.22,91.4,0.0,0.0
2026-04-23 07:00,-23.7,43.5,67.05,30.5,135.95,12.57,157.83,95.0,0.0,0.0
2026-04-23 08:00,-21.7,43.5,45.61,81.9,171.95,8.55,157.83,93.5,0.0,0.0
2026-04-23 09:00,-16.6,59.5,121.6,76.4,148.72,22.8,180.0,95.0,0.0,0.0
2026-04-23 10:00,-21.7,43.5,316.5,74.6,165.04,59.34,157.83,95.0,0.0,0.0
2026-04-23 11:00,-24.2,43.5,395.42,70.6,169.35,74.14,157.83,95.0,0.0,0.0
2026-04-23 12:00,-23.7,39.7,314.78,84.7,186.44,59.02,109.99,90.3,0.0,0.0
2026-04-23 13:00,-19.8,41.1,379.74,91.7,173.27,71.2,126.28,95.0,0.0,0.0
2026-04-23 14:00,-21.4,41.4,178.39,72.6,163.86,33.45,129.97,94.9,0.0,0.0
2026-04-23 15:00,-23.3,52.4,182.41,92.6,186.42,34.2,180.0,95.0,0.0,0.0
2026-04-23 16:00,-16.6,45.2,121.95,85.5,154.15,22.87,180.0,95.0,0.0,0.0
2026-04-23 17:00,-19.5,40.9,81.33,93.0,170.31,15.25,123.86,86.5,0.0,0.0
2026-04-23 18:00,-23.0,42.1,0.0,74.3,172.29,0.0,138.86,77.4,0.0,0.0
2026-04-23 19:00,-16.1,41.9,0.0,85.8,155.46,0.0,136.28,72.2,0.0,0.0
2026-04-23 20:00,-20.6,44.2,0.0,32.1,124.63,0.0,167.94,82.2,0.0,0.0
2026-04-23 21:00,-23.2,48.8,0.0,43.7,148.74,0.0,180.0,89.4,0.0,0.0
2026-04-23 22:00,-22.1,54.8,0.0,30.7,133.43,0.0,180.0,95.0,0.0,0.0
2026-04-23 23:00,-20.0,49.1,0.0,33.9,129.62,0.0,180.0,95.0,0.0,0.0
2026-04-24 00:00,-21.0,44.5,0.0,36.9,134.2,0.0,172.4,95.0,0.0,0.0
2026-04-24 01:00,-22.8,41.6,0.0,33.8,129.0,0.0,132.47,95.0,0.0,0.0
2026-04-24 02:00,-27.3,74.4,0.0,35.0,154.15,0.0,180.0,95.0,0.0,0.0
2026-04-24 03:00,-18.8,38.7,0.0,38.6,127.83,0.0,99.25,87.2,0.0,0.0
2026-04-24 04:00,-21.8,42.1,0.0,30.9,130.23,0.0,138.86,89.2,0.0,0.0
2026-04-24 05:00,-21.0,46.3,0.0,39.8,137.13,0.0,180.0,95.0,0.0,0.0
2026-04-24 06:00,-26.5,44.0,0.0,26.6,144.45,0.0,165.01,95.0,0.0,0.0
2026-04-24 07:00,-22.3,39.9,91.87,37.1,138.43,17.23,112.22,92.6,0.0,0.0
2026-04-24 08:00,-19.3,48.4,83.08,89.5,170.92,15.58,180.0,95.0,0.0,0.0
2026-04-24 09:00,-25.2,47.4,280.92,80.0,177.23,52.67,180.0,95.0,0.0,0.0
2026-04-24 10:00,-31.7,42.0,137.39,89.3,212.34,25.76,137.57,81.7,0.0,0.0
2026-04-24 11:00,-27.3,60.3,228.67,84.9,195.72,42.88,180.0,87.9,0.0,0.0
2026-04-24 12:00,-25.4,43.1,393.96,70.6,178.57,73.87,152.25,95.0,0.0,0.0
2026-04-24 13:00,-21.6,48.1,188.48,79.0,168.25,35.34,180.0,95.0,0.0,0.0
2026-04-24 14:00,-22.5,42.7,104.91,83.3,171.27,19.67,146.8,93.7,0.0,0.0
2026-04-24 15:00,-20.9,38.8,65.29,88.9,177.31,12.24,100.29,76.1,0.0,0.0
2026-04-24 16:00,-15.3,38.3,172.77,84.7,163.27,32.39,95.15,66.4,0.0,0.0
2026-04-24 17:00,-21.1,56.1,108.2,73.5,159.94,20.29,180.0,75.7,0.0,0.0
2026-04-24 18:00,-11.5,41.7,0.0,74.0,134.72,0.0,133.74,75.4,0.0,0.0
2026-04-24 19:00,-16.6,46.2,0.0,84.3,158.75,0.0,180.0,80.3,0.0,0.0
2026-04-24 20:00,-26.3,38.1,0.0,26.3,142.53,0.0,93.15,66.9,0.0,0.0
2026-04-24 21:00,-19.4,39.1,0.0,41.0,135.42,0.0,103.45,58.2,0.0,0.0
2026-04-24 22:00,-22.9,42.9,0.0,31.4,132.74,0.0,149.51,62.0,0.0,0.0
2026-04-24 23:00,-16.5,43.7,0.0,42.6,123.22,0.0,160.68,70.7,0.0,0.0
2026-04-25 00:00,-19.8,41.9,0.0,38.2,126.19,0.0,136.28,73.0,0.0,0.0
2026-04-25 01:00,-25.9,43.2,0.0,27.2,140.47,0.0,153.63,76.0,0.0,0.0
2026-04-25 02:00,-23.6,37.6,0.0,25.6,128.5,0.0,88.27,65.1,0.0,0.0
2026-04-25 03:00,-17.3,45.2,0.0,27.3,118.08,0.0,180.0,79.3,0.0,0.0
2026-04-25 04:00,-26.0,39.8,0.0,44.3,158.0,0.0,111.1,66.6,0.0,0.0
2026-04-25 05:00,-26.0,38.3,0.0,40.7,155.99,0.0,95.15,50.0,0.0,0.0
2026-04-25 06:00,-22.2,42.9,0.0,39.7,147.4,0.0,149.51,50.5,0.0,0.0
2026-04-25 07:00,-21.3,39.2,48.45,35.9,132.69,9.08,104.52,45.3,0.0,0.0
2026-04-25 08:00,-20.4,49.2,171.48,86.9,168.47,32.15,180.0,55.4,0.0,0.0
2026-04-25 09:00,-21.0,52.7,181.56,91.5,168.43,34.04,180.0,65.9,0.0,0.0
2026-04-25 10:00,-28.4,66.3,111.77,85.3,184.13,20.96,180.0,69.7,0.0,0.0
2026-04-25 11:00,-23.6,36.6,228.55,90.0,180.36,42.85,79.02,53.8,0.0,0.0
2026-04-25 12:00,-31.5,53.9,360.91,73.7,189.82,67.67,180.0,67.1,0.0,0.0
2026-04-25 13:00,-24.3,36.8,173.53,65.8,168.14,32.54,80.81,52.3,0.0,0.0
2026-04-25 14:00,-24.5,45.9,151.84,72.6,174.92,28.47,180.0,60.0,0.0,0.0
2026-04-25 15:00,-26.5,36.3,164.26,79.7,179.9,30.8,76.37,40.2,0.0,0.0
2026-04-25 16:00,-17.5,41.6,113.16,66.0,146.77,21.22,132.47,41.8,0.0,0.0
2026-04-25 17:00,-19.7,44.4,80.96,70.9,152.97,15.18,170.9,49.4,0.0,0.0
2026-04-25 18:00,-17.2,54.8,0.0,74.6,143.24,0.0,180.0,57.9,0.0,0.0
2026-04-25 19:00,-16.8,47.4,0.0,92.9,165.55,0.0,180.0,61.2,0.0,0.0
2026-04-25 20:00,-18.5,36.4,0.0,38.6,126.37,0.0,77.25,47.9,0.0,0.0
2026-04-25 21:00,-20.4,40.6,0.0,42.0,133.98,0.0,120.29,44.1,0.0,0.0
2026-04-25 22:00,-20.1,37.4,0.0,27.4,133.37,0.0,86.36,31.4,0.0,0.0
2026-04-25 23:00,-26.9,34.8,0.0,36.8,146.31,0.0,64.04,20.0,36.85,13.4
2026-04-26 00:00,-16.1,38.5,0.0,26.4,107.22,0.0,97.19,20.0,10.03,6.56
2026-04-26 01:00,-21.5,44.5,0.0,32.9,129.87,0.0,172.4,29.8,0.0,0.0
2026-04-26 02:00,-19.4,54.6,0.0,32.5,128.21,0.0,180.0,41.7,0.0,0.0
2026-04-26 03:00,-27.3,45.1,0.0,31.8,147.21,0.0,180.0,49.2,0.0,0.0
2026-04-26 04:00,-17.7,53.9,0.0,38.3,121.48,0.0,180.0,62.7,0.0,0.0
2026-04-26 05:00,-21.6,34.3,0.0,26.9,133.19,0.0,60.24,42.9,0.0,0.0
2026-04-26 06:00,-19.7,36.7,0.0,32.7,125.88,0.0,79.91,30.4,0.0,0.0
2026-04-26 07:00,-22.8,36.0,108.03,27.3,136.29,20.26,73.79,20.0,0.72,4.18
2026-04-26 08:00,-25.6,39.8,47.89,66.9,168.66,8.98,111.1,20.0,48.58,16.39
2026-04-26 09:00,-22.8,40.9,98.32,81.5,168.58,18.43,123.86,20.0,26.29,10.7
2026-04-26 10:00,-26.9,35.2,156.04,91.9,193.01,29.26,67.18,20.0,96.57,28.63
2026-04-26 11:00,-21.5,41.3,427.6,66.0,158.24,80.18,128.74,31.7,0.0,0.0
2026-04-26 12:00,-22.2,35.2,448.83,76.8,165.05,84.16,67.18,27.9,0.0,0.0
2026-04-26 13:00,-28.2,36.0,311.55,75.2,184.03,58.42,73.79,20.0,20.1,9.13
2026-04-26 14:00,-22.7,34.4,377.03,89.3,184.25,70.69,60.99,20.0,52.57,17.41
2026-04-26 15:00,-23.3,49.5,103.65,69.0,160.44,19.43,180.0,29.0,0.0,0.0
2026-04-26 16:00,-27.0,39.1,67.0,78.5,184.08,12.56,103.45,20.0,32.2,12.21
2026-04-26 17:00,-21.7,32.7,63.82,83.2,169.69,11.97,49.11,20.0,108.61,31.7
2026-04-26 18:00,-14.7,42.1,0.0,93.1,151.68,0.0,138.86,20.0,12.82,7.27
2026-04-26 19:00,-18.5,38.8,0.0,67.5,150.38,0.0,100.29,20.0,50.09,16.77
2026-04-26 20:00,-17.6,34.2,0.0,26.5,108.08,0.0,59.5,20.0,48.58,16.39
2026-04-26 21:00,-21.1,32.8,0.0,41.1,130.02,0.0,49.76,20.0,80.26,24.47
2026-04-26 22:00,-19.9,54.3,0.0,42.8,138.52,0.0,180.0,29.5,0.0,0.0
2026-04-26 23:00,-20.9,35.1,0.0,25.9,127.19,0.0,66.39,20.0,22.64,9.77
2026-04-27 00:00,-17.5,32.6,0.0,33.9,123.41,0.0,48.46,20.0,74.95,23.11
2026-04-27 01:00,-24.7,49.9,0.0,29.6,142.05,0.0,180.0,28.7,0.0,0.0
2026-04-27 02:00,-22.5,31.2,0.0,34.9,141.86,0.0,40.0,20.0,66.95,21.07
2026-04-27 03:00,-22.5,33.3,0.0,36.3,139.14,0.0,53.11,20.0,86.03,25.94
2026-04-27 04:00,-24.5,33.9,0.0,25.7,140.03,0.0,57.31,20.0,82.72,25.09
2026-04-27 05:00,-31.7,49.7,0.0,28.4,169.53,0.0,180.0,22.4,0.0,0.0
2026-04-27 06:00,-24.2,33.5,0.0,28.6,135.79,0.0,54.48,20.0,71.68,22.28
2026-04-27 07:00,-22.2,33.8,93.18,35.2,132.41,17.47,56.6,20.0,58.34,18.88
2026-04-27 08:00,-24.5,45.6,213.1,82.6,177.12,39.96,180.0,29.9,0.0,0.0
2026-04-27 09:00,-18.7,47.8,134.12,66.2,144.78,25.15,180.0,43.7,0.0,0.0
2026-04-27 10:00,-28.1,32.4,100.25,71.6,179.69,18.8,47.19,20.0,18.75,8.78
2026-04-27 11:00,-25.0,32.0,155.03,93.0,187.03,29.07,44.7,20.0,113.26,32.88
2026-04-27 12:00,-24.1,44.1,362.06,77.2,174.69,67.89,166.47,33.7,0.0,0.0
2026-04-27 13:00,-18.3,41.6,178.33,91.7,167.51,33.44,132.47,33.3,0.0,0.0
2026-04-27 14:00,-23.5,29.5,367.31,91.4,176.77,68.87,31.13,20.0,23.61,10.02
2026-04-27 15:00,-22.8,32.9,102.99,66.2,165.03,19.31,50.42,20.0,95.3,28.3
2026-04-27 16:00,-22.2,32.8,103.84,70.2,162.36,19.47,49.76,20.0,93.13,27.75
2026-04-27 17:00,-20.8,31.5,46.79,82.7,171.66,8.77,41.72,20.0,121.17,34.9
2026-04-27 18:00,-18.7,30.9,0.0,85.4,156.25,0.0,38.33,20.0,117.92,34.07
2026-04-27 19:00,-20.8,31.7,0.0,69.5,154.58,0.0,42.9,20.0,111.68,32.48
2026-04-27 20:00,-19.8,34.7,0.0,26.2,128.46,0.0,63.26,20.0,65.2,20.63
2026-04-27 21:00,-18.4,30.8,0.0,38.4,132.21,0.0,37.78,20.0,94.43,28.08
2026-04-27 22:00,-22.7,32.0,0.0,39.4,153.07,0.0,44.7,20.0,108.37,31.63
2026-04-27 23:00,-13.6,43.5,0.0,34.3,108.68,0.0,157.83,31.3,0.0,0.0
2026-04-28 00:00,-22.0,36.5,0.0,42.4,139.81,0.0,78.13,20.0,16.46,8.2
2026-04-28 01:00,-20.0,31.0,0.0,44.6,145.19,0.0,38.88,20.0,106.31,31.11
2026-04-28 02:00,-21.2,35.1,0.0,32.9,138.19,0.0,66.39,20.0,71.8,22.31
2026-04-28 03:00,-20.3,27.5,0.0,36.5,131.78,0.0,22.5,20.0,109.28,31.87
2026-04-28 04:00,-21.8,27.3,0.0,25.0,128.48,0.0,21.74,20.0,106.74,31.22
2026-04-28 05:00,-24.3,27.7,0.0,35.4,137.23,0.0,23.28,20.0,113.95,33.06
2026-04-28 06:00,-24.6,31.0,0.0,44.8,149.98,0.0,38.88,20.0,111.1,32.33
2026-04-28 07:00,-23.4,39.4,42.66,44.9,147.66,8.0,106.69,20.0,32.97,12.41
2026-04-28 08:00,-17.7,27.6,219.29,78.2,153.88,41.12,22.89,20.0,89.87,26.92
2026-04-28 09:00,-17.8,37.5,269.58,72.6,150.61,50.55,87.31,20.0,12.75,7.25
2026-04-28 10:00,-29.2,42.5,350.96,77.5,189.76,65.8,144.12,24.6,0.0,0.0
2026-04-28 11:00,-31.3,39.5,347.84,82.5,204.56,65.22,107.78,20.0,13.01,7.32
2026-04-28 12:00,-18.5,46.5,230.6,69.6,144.94,43.24,180.0,38.0,0.0,0.0
2026-04-28 13:00,-20.0,31.9,284.08,83.7,168.93,53.26,44.1,20.0,0.0,0.0
2026-04-28 14:00,-20.3,29.3,314.12,94.9,177.6,58.9,30.18,20.0,88.52,26.57
2026-04-28 15:00,-21.5,26.8,174.25,68.6,158.48,32.67,19.91,20.0,105.9,31.0
2026-04-28 16:00,-20.3,26.1,95.68,71.1,155.99,17.94,17.52,20.0,120.53,34.74
2026-04-28 17:00,-20.6,32.2,31.95,93.9,174.62,5.99,45.93,20.0,122.7,35.29
2026-04-28 18:00,-20.2,27.7,0.0,67.3,154.64,0.0,23.28,20.0,131.36,37.5
2026-04-28 19:00,-19.2,27.3,0.0,72.3,151.68,0.0,21.74,20.0,129.94,37.13
2026-04-28 20:00,-17.2,31.7,0.0,42.4,127.81,0.0,42.9,20.0,84.91,25.65
2026-04-28 21:00,-19.8,32.0,0.0,38.8,132.03,0.0,44.7,20.0,87.33,26.27
2026-04-28 22:00,-28.4,29.7,0.0,42.1,160.89,0.0,32.1,20.0,128.79,36.84
2026-04-28 23:00,-20.0,24.6,0.0,40.6,131.07,0.0,13.07,20.0,118.0,34.09
2026-04-29 00:00,-15.8,24.7,0.0,28.2,110.18,0.0,13.34,20.0,96.84,28.69
2026-04-29 01:00,-23.8,74.6,0.0,41.5,141.62,0.0,180.0,28.8,0.0,0.0
2026-04-29 02:00,-22.6,26.8,0.0,29.7,135.62,0.0,19.91,20.0,80.4,24.5
2026-04-29 03:00,-26.5,27.7,0.0,35.1,153.14,0.0,23.28,20.0,129.86,37.11
2026-04-29 04:00,-24.2,42.9,0.0,33.8,145.27,0.0,149.51,21.0,0.0,0.0
2026-04-29 05:00,-33.0,31.8,0.0,43.9,173.97,0.0,43.49,20.0,126.58,36.28
2026-04-29 06:00,-28.9,41.4,0.0,44.3,163.85,0.0,129.97,20.0,33.88,12.64
2026-04-29 07:00,-23.8,32.8,67.9,32.1,138.23,12.73,49.76,20.0,75.74,23.31
2026-04-29 08:00,-24.3,29.8,204.73,73.9,173.82,38.39,32.59,20.0,102.84,30.22
2026-04-29 09:00,-30.7,23.5,212.43,72.6,189.5,39.83,10.33,20.0,139.34,39.53
2026-04-29 10:00,-16.2,30.3,139.63,76.6,152.05,26.18,35.12,20.0,90.75,27.14
2026-04-29 11:00,-24.1,57.9,233.41,78.2,179.82,43.76,180.0,30.1,0.0,0.0
2026-04-29 12:00,-22.7,37.8,323.85,93.3,179.9,60.72,90.2,22.2,0.0,0.0
2026-04-29 13:00,-20.6,27.2,433.73,81.9,159.69,81.32,21.36,20.0,48.09,16.26
2026-04-29 14:00,-28.1,23.4,127.03,85.5,191.45,23.82,10.1,20.0,157.53,44.17
2026-04-29 15:00,-20.4,30.4,143.12,81.8,168.18,26.84,35.64,20.0,105.7,30.95
2026-04-29 16:00,-20.1,62.9,53.24,81.1,166.62,9.98,180.0,25.4,0.0,0.0
2026-04-29 17:00,-19.7,33.4,89.46,88.4,166.21,16.77,53.79,20.0,74.16,22.91
2026-04-29 18:00,-20.4,31.0,0.0,75.1,161.88,0.0,38.88,20.0,123.0,35.36
2026-04-29 19:00,-19.6,26.0,0.0,74.8,154.01,0.0,17.2,20.0,136.81,38.89
2026-04-29 20:00,-18.1,52.9,0.0,41.1,125.02,0.0,180.0,32.6,0.0,0.0
2026-04-29 21:00,-24.5,27.0,0.0,25.9,132.35,0.0,20.63,20.0,61.14,19.59
2026-04-29 22:00,-23.3,31.1,0.0,36.1,144.54,0.0,39.44,20.0,105.1,30.8
2026-04-29 23:00,-20.5,31.5,0.0,35.0,133.82,0.0,41.72,20.0,92.1,27.49
2026-04-30 00:00,-24.1,27.0,0.0,33.8,138.94,0.0,20.63,20.0,118.31,34.17
2026-04-30 01:00,-17.1,21.0,0.0,31.8,121.95,0.0,5.59,20.0,116.36,33.67
2026-04-30 02:00,-22.7,20.9,0.0,44.9,144.03,0.0,5.44,20.0,138.59,39.34
2026-04-30 03:00,-24.3,32.7,0.0,43.5,156.22,0.0,49.11,20.0,107.11,31.31
2026-04-30 04:00,-21.3,45.2,0.0,36.6,132.15,0.0,180.0,31.0,0.0,0.0
2026-04-30 05:00,-27.7,30.7,0.0,43.6,154.17,0.0,37.24,20.0,72.91,22.59
2026-04-30 06:00,-26.1,21.8,0.0,35.6,151.15,0.0,6.9,20.0,144.25,40.78
2026-04-30 07:00,-29.3,32.3,39.74,41.2,167.3,7.45,46.56,20.0,113.29,32.89
2026-04-30 08:00,-22.8,59.1,128.48,83.7,170.42,24.09,180.0,27.7,0.0,0.0
2026-04-30 09:00,-22.6,34.4,72.75,72.8,163.87,13.64,60.99,20.0,58.26,18.86
2026-04-30 10:00,-23.2,24.9,179.47,84.7,176.04,33.65,13.89,20.0,128.5,36.77
2026-04-30 11:00,-28.5,22.5,231.41,84.0,199.4,43.39,8.2,20.0,147.81,41.69
2026-04-30 12:00,-26.0,22.8,302.78,77.5,178.48,56.77,8.8,20.0,112.91,32.79
2026-04-30 13:00,-25.2,24.5,305.55,77.9,175.63,57.29,12.8,20.0,105.54,30.91
2026-04-30 14:00,-20.1,36.0,305.23,92.3,166.73,57.23,73.79,20.0,35.71,13.11
2026-04-30 15:00,-20.5,20.8,307.71,70.9,158.43,57.7,5.29,20.0,95.44,28.34
2026-04-30 16:00,-19.6,20.2,46.17,84.1,165.41,8.66,4.46,20.0,152.29,42.83
2026-04-30 17:00,-19.5,46.5,92.84,75.3,160.28,17.41,180.0,28.5,0.0,0.0
2026-04-30 18:00,-27.6,18.3,0.0,87.0,195.84,0.0,2.4,20.0,159.28,44.62
2026-04-30 19:00,-22.3,24.0,0.0,75.8,172.19,0.0,11.52,20.0,160.67,44.97
2026-04-30 20:00,-23.1,18.7,0.0,40.1,143.68,0.0,2.76,20.0,140.92,39.93
2026-04-30 21:00,-19.5,50.5,0.0,26.2,123.38,0.0,180.0,33.0,0.0,0.0
2026-04-30 22:00,-16.4,21.3,0.0,30.2,112.41,0.0,6.06,20.0,54.26,17.84
2026-04-30 23:00,-20.5,21.6,0.0,38.1,133.09,0.0,6.55,20.0,126.54,36.27
2026-05-01 00:00,-32.5,17.9,0.0,36.8,164.27,0.0,2.07,20.0,162.2,45.36
2026-05-01 01:00,-33.4,21.7,0.0,26.8,171.92,0.0,6.72,20.0,165.2,46.13
2026-05-01 02:00,-33.8,22.5,0.0,35.6,172.28,0.0,8.2,20.0,164.08,45.84
2026-05-01 03:00,-30.1,22.9,0.0,42.5,176.9,0.0,9.01,20.0,167.89,46.81
2026-05-01 04:00,-37.9,17.1,0.0,30.0,188.0,0.0,1.5,20.0,186.5,51.56
2026-05-01 05:00,-30.0,18.3,0.0,33.3,153.86,0.0,2.4,20.0,151.46,42.62
2026-05-01 06:00,-45.6,45.9,0.0,25.9,199.43,0.0,180.0,20.0,19.43,8.95
2026-05-01 07:00,-34.0,29.3,0.0,33.6,175.32,0.0,30.18,20.0,145.14,41.01
2026-05-01 08:00,-30.4,34.6,0.0,72.2,189.93,0.0,62.5,20.0,127.43,36.49
2026-05-01 09:00,-34.5,34.8,0.0,74.7,199.72,0.0,64.04,20.0,135.68,38.6
2026-05-01 10:00,-28.9,28.3,0.0,81.9,196.75,0.0,25.73,20.0,171.02,47.61
2026-05-01 11:00,-32.1,23.7,0.0,86.9,206.54,0.0,10.8,20.0,195.74,53.91
2026-05-01 12:00,-28.0,18.4,0.0,72.4,178.15,0.0,2.49,20.0,175.66,48.79
2026-05-01 13:00,-31.9,25.1,0.0,73.1,203.2,0.0,14.45,20.0,188.75,52.13
2026-05-01 14:00,-36.8,23.0,0.0,73.7,220.51,0.0,9.22,20.0,211.29,57.88
2026-05-01 15:00,-27.8,18.0,0.0,74.0,185.94,0.0,2.15,20.0,183.79,50.87
2026-05-01 16:00,-25.7,25.2,0.0,85.5,189.56,0.0,14.74,20.0,174.82,48.58
2026-05-01 17:00,-36.4,17.7,0.0,69.7,201.49,0.0,1.92,20.0,199.57,54.89
2026-05-01 18:00,-32.2,37.5,0.0,89.8,210.5,0.0,87.31,20.0,123.19,35.41
2026-05-01 19:00,-25.1,16.5,0.0,65.6,167.34,0.0,1.15,20.0,166.19,46.38
2026-05-01 20:00,-32.8,24.0,0.0,25.9,166.64,0.0,11.52,20.0,155.12,43.56
2026-05-01 21:00,-30.9,24.5,0.0,29.5,161.36,0.0,12.8,20.0,148.56,41.88
2026-05-01 22:00,-30.0,16.3,0.0,39.6,161.64,0.0,1.05,20.0,160.59,44.95
2026-05-01 23:00,-33.1,21.4,0.0,30.7,163.14,0.0,6.22,20.0,156.92,44.01
2026-05-02 00:00,-26.1,16.2,0.0,26.6,140.67,0.0,1.0,20.0,139.67,39.62
2026-05-02 01:00,-34.5,20.8,0.0,32.4,166.45,0.0,5.29,20.0,161.16,45.1
2026-05-02 02:00,-39.9,22.7,0.0,44.3,195.33,0.0,8.6,20.0,186.73,51.62
2026-05-02 03:00,-31.3,17.2,0.0,25.6,158.39,0.0,1.57,20.0,156.82,43.99
2026-05-02 04:00,-34.7,17.2,0.0,26.9,165.66,0.0,1.57,20.0,164.09,45.84
2026-05-02 05:00,-41.3,15.1,0.0,30.9,191.19,0.0,0.56,20.0,190.63,52.61
2026-05-02 06:00,-35.5,24.0,0.0,37.2,183.17,0.0,11.52,20.0,171.65,47.77
2026-05-02 07:00,-40.4,17.6,0.0,36.8,194.2,0.0,1.84,20.0,192.36,53.05
2026-05-02 08:00,-39.2,14.8,0.0,91.4,230.53,0.0,0.46,20.0,230.07,62.67
2026-05-02 09:00,-26.2,19.1,0.0,91.2,187.34,0.0,3.16,20.0,184.18,50.97
2026-05-02 10:00,-38.8,34.3,0.0,86.6,239.31,0.0,60.24,20.0,179.07,49.66
2026-05-02 11:00,-31.6,19.8,0.0,81.6,203.15,0.0,3.95,20.0,199.2,54.8
2026-05-02 12:00,-37.0,22.5,0.0,68.3,216.7,0.0,8.2,20.0,208.5,57.17
2026-05-02 13:00,-38.5,14.7,0.0,77.3,224.32,0.0,0.44,20.0,223.88,61.09
2026-05-02 14:00,-27.2,17.1,0.0,83.4,194.33,0.0,1.5,20.0,192.83,53.17
2026-05-02 15:00,-25.1,19.4,0.0,84.5,181.49,0.0,3.49,20.0,178.0,49.39
2026-05-02 16:00,-29.7,13.5,0.0,79.7,193.85,0.0,0.18,20.0,193.67,53.39
2026-05-02 17:00,-34.5,39.4,0.0,93.4,218.0,0.0,106.69,20.0,111.31,32.38
2026-05-02 18:00,-25.1,18.9,0.0,89.5,180.86,0.0,2.96,20.0,177.9,49.36
2026-05-02 19:00,-26.5,18.5,0.0,92.1,196.21,0.0,2.58,20.0,193.63,53.38
2026-05-02 20:00,-29.3,20.2,0.0,44.9,170.01,0.0,4.46,20.0,165.55,46.22
2026-05-02 21:00,-33.8,14.2,0.0,42.9,174.56,0.0,0.31,20.0,174.25,48.43
2026-05-02 22:00,-31.7,44.5,0.0,39.6,171.29,0.0,172.4,20.3,0.0,0.0
2026-05-02 23:00,-22.5,18.7,0.0,38.3,139.92,0.0,2.76,20.0,136.14,38.72
2026-05-03 00:00,-32.6,27.4,0.0,28.3,169.13,0.0,22.12,20.0,147.01,41.49
2026-05-03 01:00,-36.7,25.3,0.0,38.1,178.98,0.0,15.04,20.0,163.94,45.8
2026-05-03 02:00,-24.2,12.6,0.0,28.6,134.65,0.0,0.07,20.0,134.58,38.32
2026-05-03 03:00,-26.8,24.0,0.0,33.1,154.84,0.0,11.52,20.0,143.32,40.55
2026-05-03 04:00,-29.5,38.5,0.0,29.3,159.94,0.0,97.19,20.0,62.75,20.0
2026-05-03 05:00,-25.1,64.8,0.0,29.0,145.47,0.0,180.0,27.9,0.0,0.0
2026-05-03 06:00,-42.7,17.8,0.0,29.6,199.13,0.0,1.99,20.0,165.37,46.17
2026-05-03 07:00,-34.0,15.1,0.0,28.6,166.92,0.0,0.56,20.0,166.36,46.42
2026-05-03 08:00,-35.8,35.8,0.0,82.4,214.83,0.0,72.1,20.0,142.73,40.4
2026-05-03 09:00,-35.7,30.4,0.0,79.5,217.98,0.0,35.64,20.0,182.34,50.5
2026-05-03 10:00,-35.4,22.2,0.0,82.0,224.75,0.0,7.62,20.0,217.13,59.37
2026-05-03 11:00,-36.5,19.0,0.0,79.7,213.79,0.0,3.06,20.0,210.73,57.74
2026-05-03 12:00,-34.1,17.2,0.0,89.8,212.18,0.0,1.57,20.0,210.61,57.71
2026-05-03 13:00,-33.5,25.2,0.0,84.5,207.13,0.0,14.74,20.0,192.39,53.06
2026-05-03 14:00,-28.8,16.8,0.0,80.0,189.24,0.0,1.32,20.0,187.92,51.92
2026-05-03 15:00,-35.1,14.4,0.0,65.9,199.26,0.0,0.36,20.0,198.9,54.72
2026-05-03 16:00,-31.0,33.9,0.0,91.1,205.44,0.0,57.31,20.0,148.13,41.77
2026-05-03 17:00,-19.0,11.2,0.0,71.5,155.39,0.0,0.01,20.0,155.38,43.62
2026-05-03 18:00,-34.8,12.5,0.0,83.8,215.83,0.0,0.07,20.0,215.76,59.02
2026-05-03 19:00,-28.4,14.5,0.0,82.6,193.95,0.0,0.38,20.0,193.57,53.36
2026-05-03 20:00,-26.9,15.4,0.0,37.4,158.77,0.0,0.66,20.0,158.11,44.32
2026-05-03 21:00,-30.2,15.0,0.0,43.6,168.14,0.0,0.52,20.0,167.62,46.74
2026-05-03 22:00,-32.7,28.2,0.0,30.4,167.31,0.0,25.31,20.0,142.0,40.21
2026-05-03 23:00,-33.5,17.7,0.0,35.9,169.04,0.0,1.92,20.0,167.12,46.62
2026-05-04 00:00,-23.5,13.8,0.0,40.6,144.36,0.0,0.23,20.0,144.13,40.75
2026-05-04 01:00,-29.3,19.5,0.0,38.7,159.45,0.0,3.6,20.0,155.85,43.74
2026-05-04 02:00,-23.7,11.4,0.0,42.0,145.42,0.0,0.01,20.0,145.41,41.08
2026-05-04 03:00,-26.3,11.3,0.0,43.4,157.74,0.0,0.01,20.0,157.73,44.22
2026-05-04 04:00,-32.9,15.9,0.0,39.8,175.48,0.0,0.86,20.0,174.62,48.53
2026-05-04 05:00,-34.1,30.4,0.0,44.1,172.93,0.0,35.64,20.0,137.29,39.01
2026-05-04 06:00,-34.8,12.6,0.0,31.0,174.67,0.0,0.07,20.0,174.6,48.52
2026-05-04 07:00,-41.8,14.2,0.0,37.4,198.47,0.0,0.31,20.0,198.16,54.53
2026-05-04 08:00,-31.3,23.9,0.0,66.0,192.18,0.0,11.27,20.0,180.91,50.13
2026-05-04 09:00,-24.6,10.8,0.0,72.7,176.4,0.0,0.0,20.0,176.4,48.98
2026-05-04 10:00,-30.3,30.3,0.0,80.0,197.43,0.0,35.12,20.0,162.31,45.39
2026-05-04 11:00,-28.8,16.5,0.0,80.5,192.22,0.0,1.15,20.0,191.07,52.72
2026-05-04 12:00,-33.0,29.5,0.0,71.5,198.62,0.0,31.13,20.0,167.49,46.71
2026-05-04 13:00,-27.8,11.2,0.0,88.8,194.91,0.0,0.01,20.0,194.9,53.7
2026-05-04 14:00,-30.0,17.8,0.0,70.8,186.09,0.0,1.99,20.0,184.1,50.95
2026-05-04 15:00,-23.4,18.3,0.0,77.8,171.07,0.0,2.4,20.0,168.67,47.01
2026-05-04 16:00,-30.6,15.8,0.0,66.9,190.87,0.0,0.82,20.0,190.05,52.46
2026-05-04 17:00,-24.6,12.1,0.0,80.8,178.84,0.0,0.04,20.0,178.8,49.59
2026-05-04 18:00,-26.7,16.8,0.0,90.7,189.32,0.0,1.32,20.0,188.0,51.94
2026-05-04 19:00,-28.4,20.5,0.0,81.5,194.1,0.0,4.86,20.0,189.24,52.26
2026-05-04 20:00,-23.3,29.2,0.0,33.3,133.67,0.0,29.71,20.0,103.96,30.51
2026-05-04 21:00,-33.4,14.7,0.0,26.5,159.48,0.0,0.44,20.0,159.04,44.56
2026-05-04 22:00,-46.1,17.2,0.0,32.3,206.29,0.0,1.57,20.0,204.72,56.2
2026-05-04 23:00,-26.5,35.0,0.0,36.7,152.44,0.0,65.6,20.0,86.84,26.14
2026-05-05 00:00,-34.7,11.3,0.0,27.9,175.98,0.0,0.01,20.0,175.97,48.87
2026-05-05 01:00,-31.0,19.7,0.0,41.6,173.07,0.0,3.83,20.0,169.24,47.16
2026-05-05 02:00,-30.7,37.4,0.0,33.8,163.54,0.0,86.36,20.0,77.18,23.68
2026-05-05 03:00,-31.8,19.3,0.0,43.1,171.14,0.0,3.38,20.0,167.76,46.78
2026-05-05 04:00,-28.4,10.1,0.0,31.6,146.34,0.0,0.0,20.0,146.34,41.32
2026-05-05 05:00,-33.6,23.6,0.0,29.1,165.45,0.0,10.56,20.0,154.89,43.5
2026-05-05 06:00,-39.9,11.0,0.0,35.2,193.61,0.0,0.0,20.0,193.61,53.37
2026-05-05 07:00,-33.8,10.3,0.0,27.1,164.44,0.0,0.0,20.0,164.44,45.93
2026-05-05 08:00,-25.7,10.2,0.0,82.2,187.7,0.0,0.0,20.0,187.7,51.86
2026-05-05 09:00,-32.4,11.1,0.0,82.8,207.85,0.0,0.01,20.0,207.84,57.0
2026-05-05 10:00,-35.0,25.5,0.0,92.2,220.46,0.0,15.63,20.0,204.83,56.23
2026-05-05 11:00,-32.6,20.9,0.0,84.0,207.57,0.0,5.44,20.0,202.13,55.54
2026-05-05 12:00,-29.2,18.7,0.0,74.8,190.9,0.0,2.76,20.0,188.14,51.98
2026-05-05 13:00,-29.4,10.2,0.0,86.0,196.56,0.0,0.0,20.0,196.56,54.12
2026-05-05 14:00,-31.9,50.8,0.0,85.6,205.54,0.0,180.0,20.0,25.54,10.51
2026-05-05 15:00,-33.1,13.0,0.0,73.1,192.75,0.0,0.11,20.0,192.64,53.12
2026-05-05 16:00,-38.6,18.1,0.0,89.4,225.12,0.0,2.23,20.0,222.89,60.84
2026-05-05 17:00,-34.1,18.8,0.0,85.1,209.19,0.0,2.86,20.0,206.33,56.61
2026-05-05 18:00,-29.6,17.8,0.0,67.7,189.19,0.0,1.99,20.0,187.2,51.74
2026-05-05 19:00,-35.5,12.4,0.0,80.1,211.22,0.0,0.06,20.0,211.16,57.85
2026-05-05 20:00,-27.1,17.3,0.0,35.8,155.61,0.0,1.63,20.0,153.98,43.26
2026-05-05 21:00,-27.9,16.7,0.0,30.1,150.6,0.0,1.26,20.0,149.34,42.08
2026-05-05 22:00,-27.6,16.1,0.0,25.2,140.8,0.0,0.95,20.0,139.85,39.66
2026-05-05 23:00,-28.1,18.8,0.0,26.4,152.14,0.0,2.86,20.0,149.28,42.07
2026-05-06 00:00,-28.5,26.1,0.0,30.7,152.5,0.0,17.52,20.0,134.98,38.42
2026-05-06 01:00,-32.1,13.7,0.0,38.6,165.88,0.0,0.21,20.0,165.67,46.25
2026-05-06 02:00,-32.4,10.7,0.0,43.0,176.22,0.0,0.0,20.0,176.22,48.94
2026-05-06 03:00,-30.8,12.0,0.0,25.8,157.59,0.0,0.03,20.0,157.56,44.18
2026-05-06 04:00,-45.0,13.5,0.0,44.2,213.34,0.0,0.18,20.0,213.16,58.36
2026-05-06 05:00,-31.7,11.7,0.0,39.7,174.3,0.0,0.02,20.0,174.28,48.44
2026-05-06 06:00,-36.3,31.0,0.0,28.3,182.91,0.0,38.88,20.0,144.03,40.73
2026-05-06 07:00,-35.1,23.1,0.0,37.4,178.99,0.0,9.44,20.0,169.55,47.24
2026-05-06 08:00,-38.1,10.7,0.0,70.0,211.44,0.0,0.0,20.0,211.44,57.92
2026-05-06 09:00,-40.8,12.8,0.0,91.3,236.85,0.0,0.09,20.0,236.76,64.37
2026-05-06 10:00,-27.1,10.8,0.0,76.0,183.18,0.0,0.0,20.0,183.18,50.71
2026-05-06 11:00,-39.2,11.5,0.0,91.1,232.4,0.0,0.01,20.0,232.39,63.26
2026-05-06 12:00,-31.8,11.3,0.0,84.3,203.51,0.0,0.01,20.0,203.5,55.89
2026-05-06 13:00,-37.6,12.4,0.0,91.7,227.67,0.0,0.06,20.0,227.61,62.04
2026-05-06 14:00,-31.2,22.3,0.0,87.2,207.35,0.0,7.81,20.0,199.54,54.88
2026-05-06 15:00,-27.3,19.9,0.0,81.0,189.1,0.0,4.07,20.0,185.03,51.18
2026-05-06 16:00,-27.6,15.9,0.0,73.8,179.29,0.0,0.86,20.0,178.43,49.5
2026-05-06 17:00,-27.7,32.9,0.0,70.0,183.98,0.0,50.42,20.0,133.56,38.06
2026-05-06 18:00,-34.8,29.5,0.0,68.0,204.28,0.0,31.13,20.0,173.15,48.15
2026-05-06 19:00,-25.0,14.4,0.0,93.6,191.63,0.0,0.36,20.0,191.27,52.77
2026-05-06 20:00,-31.3,11.0,0.0,30.9,165.48,0.0,0.0,20.0,165.48,46.2
2026-05-06 21:00,-27.3,38.3,0.0,26.4,144.85,0.0,95.15,20.0,49.7,16.67
2026-05-06 22:00,-19.7,11.8,0.0,32.5,120.38,0.0,0.02,20.0,120.36,34.69
2026-05-06 23:00,-28.7,19.8,0.0,39.1,152.37,0.0,3.95,20.0,148.42,41.85
2026-05-07 00:00,-29.7,20.2,0.0,42.8,164.9,0.0,4.46,20.0,160.44,44.91
2026-05-07 01:00,-27.5,27.3,0.0,33.8,151.86,0.0,21.74,20.0,130.12,37.18
2026-05-07 02:00,-29.5,21.3,0.0,43.6,165.4,0.0,6.06,20.0,159.34,44.63
2026-05-07 03:00,-30.8,12.3,0.0,30.8,165.74,0.0,0.05,20.0,165.69,46.25
2026-05-07 04:00,-32.2,22.0,0.0,30.7,162.92,0.0,7.25,20.0,155.67,43.7
2026-05-07 05:00,-34.9,11.6,0.0,40.8,173.81,0.0,0.02,20.0,173.79,48.32
2026-05-07 06:00,-30.8,24.5,0.0,38.2,164.46,0.0,12.8,20.0,151.66,42.67
2026-05-07 07:00,-33.7,16.3,0.0,31.8,162.55,0.0,1.05,20.0,161.5,45.18
2026-05-07 08:00,-34.7,26.0,0.0,68.2,205.99,0.0,17.2,20.0,188.79,52.14
2026-05-07 09:00,-33.2,17.7,0.0,71.5,209.33,0.0,1.92,20.0,207.41,56.89
2026-05-07 10:00,-35.9,18.6,0.0,82.1,216.39,0.0,2.67,20.0,213.72,58.5
2026-05-07 11:00,-33.5,13.1,0.0,82.2,211.3,0.0,0.13,20.0,211.17,57.85
2026-05-07 12:00,-33.2,12.7,0.0,79.1,202.54,0.0,0.08,20.0,202.46,55.63
2026-05-07 13:00,-32.0,12.7,0.0,71.7,196.4,0.0,0.08,20.0,196.32,54.06
2026-05-07 14:00,-29.2,12.4,0.0,89.4,200.73,0.0,0.06,20.0,200.67,55.17
2026-05-07 15:00,-24.8,37.5,0.0,87.4,192.68,0.0,87.31,20.0,105.37,30.87
2026-05-07 16:00,-32.4,18.7,0.0,83.5,209.19,0.0,2.76,20.0,206.43,56.64
2026-05-07 17:00,-27.4,14.5,0.0,69.3,171.37,0.0,0.38,20.0,170.99,47.6
2026-05-07 18:00,-24.3,32.2,0.0,78.7,172.86,0.0,45.93,20.0,126.93,36.37
2026-05-07 19:00,-32.7,31.3,0.0,82.1,206.33,0.0,40.57,20.0,165.76,46.27
2026-05-07 20:00,-26.9,14.9,0.0,35.6,154.29,0.0,0.49,20.0,153.8,43.22
2026-05-07 21:00,-29.0,15.5,0.0,42.2,163.67,0.0,0.7,20.0,162.97,45.56
2026-05-07 22:00,-29.7,14.9,0.0,31.7,158.11,0.0,0.49,20.0,157.62,44.19
2026-05-07 23:00,-28.7,16.3,0.0,26.5,154.75,0.0,1.05,20.0,153.7,43.19
2026-05-08 00:00,-27.4,32.4,0.0,39.6,160.09,0.0,47.19,20.0,112.9,32.79
2026-05-08 01:00,-29.2,21.0,0.0,33.5,160.41,0.0,5.59,20.0,154.82,43.48
2026-05-08 02:00,-30.9,17.2,0.0,26.7,160.82,0.0,1.57,20.0,159.25,44.61
2026-05-08 03:00,-31.1,15.8,0.0,29.4,153.35,0.0,0.82,20.0,152.53,42.9
2026-05-08 04:00,-38.4,26.2,0.0,34.7,188.33,0.0,17.85,20.0,170.48,47.47
2026-05-08 05:00,-38.3,16.5,0.0,33.2,187.4,0.0,1.15,20.0,186.25,51.49
2026-05-08 06:00,-31.8,15.5,0.0,37.3,171.42,0.0,0.7,20.0,170.72,47.53
2026-05-08 07:00,-34.1,23.2,0.0,41.0,181.26,0.0,9.66,20.0,171.6,47.76
2026-05-08 08:00,-30.6,39.1,0.0,82.9,203.36,0.0,103.45,20.0,99.91,29.48
2026-05-08 09:00,-30.4,22.6,0.0,87.0,203.09,0.0,8.4,20.0,194.69,53.65
2026-05-08 10:00,-36.7,15.1,0.0,80.2,211.37,0.0,0.56,20.0,210.81,57.76
2026-05-08 11:00,-33.4,21.5,0.0,88.6,212.3,0.0,6.39,20.0,205.91,56.51
2026-05-08 12:00,-29.3,21.7,0.0,85.9,195.23,0.0,6.72,20.0,188.51,52.07
2026-05-08 13:00,-30.9,22.2,0.0,82.7,192.68,0.0,7.62,20.0,185.06,51.19
2026-05-08 14:00,-32.0,42.9,0.0,90.0,209.03,0.0,149.51,20.0,59.52,19.18
2026-05-08 15:00,-33.4,16.6,0.0,65.1,188.18,0.0,1.21,20.0,186.97,51.68
2026-05-08 16:00,-33.0,17.5,0.0,87.9,217.16,0.0,1.77,20.0,215.39,58.92
2026-05-08 17:00,-32.5,17.5,0.0,71.7,205.32,0.0,1.77,20.0,203.55,55.91
2026-05-08 18:00,-31.6,53.1,0.0,65.0,183.44,0.0,180.0,20.0,3.44,4.88
2026-05-08 19:00,-31.7,24.9,0.0,75.6,195.05,0.0,13.89,20.0,181.16,50.2
2026-05-08 20:00,-34.2,19.1,0.0,27.1,168.2,0.0,3.16,20.0,165.04,46.09
2026-05-08 21:00,-33.3,27.5,0.0,36.3,173.09,0.0,22.5,20.0,150.59,42.4
2026-05-08 22:00,-32.2,19.0,0.0,27.0,168.76,0.0,3.06,20.0,165.7,46.25
2026-05-08 23:00,-23.2,20.3,0.0,39.8,154.7,0.0,4.59,20.0,150.11,42.28
2026-05-09 00:00,-28.7,16.6,0.0,37.4,161.62,0.0,1.21,20.0,160.41,44.9
2026-05-09 01:00,-30.4,19.3,0.0,27.6,154.96,0.0,3.38,20.0,151.58,42.65
2026-05-09 02:00,-30.7,19.1,0.0,25.6,160.45,0.0,3.16,20.0,157.29,44.11
2026-05-09 03:00,-29.4,23.0,0.0,44.4,166.66,0.0,9.22,20.0,157.44,44.15
2026-05-09 04:00,-32.4,28.7,0.0,35.5,164.99,0.0,27.45,20.0,137.54,39.07
2026-05-09 05:00,-33.1,23.5,0.0,39.6,171.28,0.0,10.33,20.0,160.95,45.04
2026-05-09 06:00,-31.1,24.8,0.0,29.3,163.46,0.0,13.61,20.0,149.85,42.21
2026-05-09 07:00,-28.9,40.7,0.0,26.6,149.51,0.0,121.47,20.0,28.04,11.15
2026-05-09 08:00,-42.2,18.4,0.0,80.2,235.65,0.0,2.49,20.0,233.16,63.46
2026-05-09 09:00,-32.0,43.4,0.0,70.4,196.32,0.0,156.43,20.0,39.89,14.17
2026-05-09 10:00,-40.0,19.8,0.0,82.0,236.06,0.0,3.95,20.0,232.11,63.19
2026-05-09 11:00,-30.5,20.6,0.0,87.5,205.38,0.0,5.0,20.0,200.38,55.1
2026-05-09 12:00,-29.9,18.4,0.0,73.8,189.08,0.0,2.49,20.0,186.59,51.58
2026-05-09 13:00,-40.3,21.4,0.0,79.8,229.97,0.0,6.22,20.0,223.75,61.06
2026-05-09 14:00,-31.7,20.7,0.0,72.4,199.37,0.0,5.14,20.0,194.23,53.53
2026-05-09 15:00,-29.6,28.2,0.0,68.6,174.93,0.0,25.31,20.0,149.62,42.15
2026-05-09 16:00,-33.0,20.9,0.0,76.8,197.01,0.0,5.44,20.0,191.57,52.85
2026-05-09 17:00,-32.8,23.0,0.0,83.7,210.96,0.0,9.22,20.0,201.74,55.44
2026-05-09 18:00,-26.8,23.9,0.0,78.4,179.8,0.0,11.27,20.0,168.53,46.98
2026-05-09 19:00,-32.0,34.9,0.0,81.8,205.62,0.0,64.81,20.0,140.81,39.91
2026-05-09 20:00,-25.7,31.5,0.0,37.0,150.1,0.0,41.72,20.0,108.38,31.64
2026-05-09 21:00,-31.2,24.3,0.0,26.2,164.71,0.0,12.28,20.0,152.43,42.87
2026-05-09 22:00,-27.3,25.4,0.0,40.5,150.22,0.0,15.33,20.0,134.89,38.4
2026-05-09 23:00,-17.0,28.6,0.0,35.0,127.97,0.0,27.02,20.0,100.95,29.74
2026-05-10 00:00,-27.4,22.5,0.0,32.7,152.13,0.0,8.2,20.0,143.93,40.7
2026-05-10 01:00,-31.3,31.6,0.0,36.0,164.18,0.0,42.31,20.0,121.87,35.08
2026-05-10 02:00,-28.5,21.2,0.0,39.7,157.19,0.0,5.9,20.0,151.29,42.58
2026-05-10 03:00,-37.2,37.6,0.0,29.0,181.32,0.0,88.27,20.0,93.05,27.73
2026-05-10 04:00,-36.5,19.1,0.0,39.6,182.93,0.0,3.16,20.0,179.77,49.84
2026-05-10 05:00,-29.8,21.5,0.0,33.9,162.42,0.0,6.39,20.0,156.03,43.79
2026-05-10 06:00,-37.1,28.8,0.0,37.7,193.76,0.0,27.9,20.0,165.86,46.29
2026-05-10 07:00,-33.4,29.6,0.0,38.1,173.05,0.0,31.61,20.0,141.44,40.07
2026-05-10 08:00,-36.4,23.5,0.0,73.4,207.68,0.0,10.33,20.0,197.35,54.32
2026-05-10 09:00,-31.7,27.8,0.0,82.0,199.55,0.0,23.68,20.0,175.87,48.85
2026-05-10 10:00,-34.1,21.5,0.0,88.8,214.65,0.0,6.39,20.0,208.26,57.11
2026-05-10 11:00,-36.4,23.1,0.0,65.2,201.91,0.0,9.44,20.0,192.47,53.08
2026-05-10 12:00,-37.8,33.6,0.0,75.8,220.41,0.0,55.18,20.0,165.23,46.13
2026-05-10 13:00,-30.5,22.4,0.0,86.6,201.46,0.0,8.0,20.0,193.46,53.33
2026-05-10 14:00,-35.1,25.9,0.0,75.5,210.8,0.0,16.88,20.0,193.92,53.45
2026-05-10 15:00,-29.0,25.7,0.0,88.4,203.34,0.0,16.25,20.0,187.09,51.71
2026-05-10 16:00,-27.7,36.7,0.0,91.4,192.97,0.0,79.91,20.0,113.06,32.83
2026-05-10 17:00,-32.0,52.8,0.0,76.4,204.17,0.0,180.0,20.0,24.17,10.16
2026-05-10 18:00,-34.0,52.4,0.0,86.1,214.07,0.0,180.0,20.0,34.07,12.69
2026-05-10 19:00,-26.6,30.0,0.0,73.8,182.36,0.0,33.59,20.0,148.77,41.94
2026-05-10 20:00,-33.5,26.3,0.0,29.9,168.52,0.0,18.18,20.0,150.34,42.34
2026-05-10 21:00,-33.6,23.4,0.0,26.5,164.6,0.0,10.1,20.0,154.5,43.4
2026-05-10 22:00,-29.6,25.5,0.0,35.7,163.8,0.0,15.63,20.0,148.17,41.78
2026-05-10 23:00,-27.5,23.2,0.0,30.9,151.0,0.0,9.66,20.0,141.34,40.04
2026-05-11 00:00,-31.0,22.0,0.0,28.0,160.12,0.0,7.25,20.0,152.87,42.98
2026-05-11 01:00,-29.8,65.9,0.0,37.0,161.32,0.0,180.0,24.3,0.0,0.0
2026-05-11 02:00,-42.1,29.5,0.0,33.8,197.09,0.0,31.13,20.0,148.77,41.94
2026-05-11 03:00,-32.4,31.7,0.0,42.9,177.82,0.0,42.9,20.0,134.92,38.4
2026-05-11 04:00,-34.9,23.3,0.0,27.8,169.35,0.0,9.88,20.0,159.47,44.66
2026-05-11 05:00,-41.9,26.9,0.0,44.6,207.1,0.0,20.26,20.0,186.84,51.64
2026-05-11 06:00,-33.6,23.5,0.0,31.4,165.24,0.0,10.33,20.0,154.91,43.5
2026-05-11 07:00,-31.8,26.8,0.0,26.3,160.65,0.0,19.91,20.0,140.74,39.89
2026-05-11 08:00,-38.7,25.1,0.0,83.5,224.15,0.0,14.45,20.0,209.7,57.47
2026-05-11 09:00,-34.7,30.6,0.0,77.7,205.32,0.0,36.7,20.0,168.62,47.0
2026-05-11 10:00,-29.1,26.4,0.0,79.3,189.2,0.0,18.52,20.0,170.68,47.52
2026-05-11 11:00,-40.1,23.6,0.0,75.8,219.66,0.0,10.56,20.0,209.1,57.32
2026-05-11 12:00,-31.9,24.8,0.0,82.7,205.82,0.0,13.61,20.0,192.21,53.01
2026-05-11 13:00,-31.4,25.0,0.0,91.0,210.27,0.0,14.17,20.0,196.1,54.01
2026-05-11 14:00,-33.7,29.8,0.0,90.5,207.33,0.0,32.59,20.0,174.74,48.56
2026-05-11 15:00,-42.4,31.4,0.0,79.4,242.51,0.0,41.14,20.0,201.37,55.35
2026-05-11 16:00,-29.2,24.8,0.0,83.3,194.1,0.0,13.61,20.0,180.49,50.02
2026-05-11 17:00,-30.0,33.8,0.0,70.2,195.69,0.0,56.6,20.0,139.09,39.47
2026-05-11 18:00,-32.7,30.8,0.0,85.1,206.79,0.0,37.78,20.0,169.01,47.1
2026-05-11 19:00,-26.6,29.8,0.0,81.8,185.75,0.0,32.59,20.0,153.16,43.06
2026-05-11 20:00,-35.8,39.3,0.0,28.7,181.83,0.0,105.6,20.0,76.23,23.44
2026-05-11 21:00,-22.7,43.7,0.0,42.7,145.36,0.0,160.68,23.5,0.0,0.0
2026-05-11 22:00,-20.9,29.1,0.0,34.4,132.22,0.0,29.25,20.0,88.88,26.66
2026-05-11 23:00,-29.0,37.3,0.0,36.2,150.0,0.0,85.42,20.0,64.58,20.47
2026-05-12 00:00,-30.8,35.4,0.0,40.9,169.0,0.0,68.8,20.0,100.2,29.55
2026-05-12 01:00,-26.7,31.8,0.0,33.2,149.26,0.0,43.49,20.0,105.77,30.97
2026-05-12 02:00,-33.0,36.3,0.0,43.4,173.64,0.0,76.37,20.0,97.27,28.8
2026-05-12 03:00,-35.6,27.1,0.0,38.8,176.88,0.0,20.99,20.0,155.89,43.75
2026-05-12 04:00,-32.8,33.6,0.0,36.1,172.53,0.0,55.18,20.0,117.35,33.92
2026-05-12 05:00,-32.8,33.5,0.0,38.2,170.91,0.0,54.48,20.0,116.43,33.69
2026-05-12 06:00,-33.5,38.4,0.0,43.5,179.77,0.0,96.17,20.0,83.6,25.32
2026-05-12 07:00,-34.3,27.3,0.0,34.2,175.06,0.0,21.74,20.0,153.32,43.1
2026-05-12 08:00,-34.5,30.2,0.0,68.2,207.58,0.0,34.6,20.0,172.98,48.11
2026-05-12 09:00,-38.0,29.2,0.0,84.6,228.68,0.0,29.71,20.0,198.97,54.74
2026-05-12 10:00,-42.2,35.1,0.0,73.1,232.33,0.0,66.39,20.0,165.94,46.31
2026-05-12 11:00,-36.3,28.4,0.0,88.5,224.31,0.0,26.15,20.0,198.16,54.53
2026-05-12 12:00,-36.8,28.1,0.0,90.2,226.71,0.0,24.89,20.0,201.82,55.46
2026-05-12 13:00,-35.4,35.9,0.0,68.7,208.24,0.0,72.94,20.0,135.3,38.5
2026-05-12 14:00,-33.6,31.4,0.0,67.2,196.94,0.0,41.14,20.0,155.8,43.73
2026-05-12 15:00,-41.6,32.3,0.0,66.4,218.67,0.0,46.56,20.0,172.11,47.89
2026-05-12 16:00,-25.6,31.4,0.0,86.5,183.0,0.0,41.14,20.0,141.86,40.17
2026-05-12 17:00,-34.7,34.5,0.0,93.5,212.63,0.0,61.74,20.0,150.89,42.48
2026-05-12 18:00,-27.6,64.7,0.0,79.5,187.47,0.0,180.0,20.0,7.47,5.9
2026-05-12 19:00,-21.0,34.7,0.0,84.0,167.3,0.0,63.26,20.0,104.04,30.53
2026-05-12 20:00,-28.0,33.8,0.0,34.2,156.47,0.0,56.6,20.0,99.87,29.47
2026-05-12 21:00,-32.3,33.4,0.0,25.3,169.78,0.0,53.79,20.0,115.99,33.58
2026-05-12 22:00,-30.0,42.5,0.0,30.6,152.72,0.0,144.12,20.0,8.6,6.19
2026-05-12 23:00,-38.8,29.7,0.0,44.2,197.56,0.0,32.1,20.0,165.46,46.19
2026-05-13 00:00,-34.4,71.1,0.0,31.0,177.53,0.0,180.0,20.6,0.0,0.0
2026-05-13 01:00,-29.8,43.5,0.0,28.9,149.96,0.0,157.83,22.4,0.0,0.0
2026-05-13 02:00,-33.2,49.3,0.0,26.6,165.77,0.0,180.0,25.7,0.0,0.0
2026-05-13 03:00,-32.7,34.1,0.0,44.5,180.48,0.0,58.77,20.0,99.11,29.27
2026-05-13 04:00,-33.2,35.5,0.0,35.3,167.38,0.0,69.61,20.0,97.77,28.93
2026-05-13 05:00,-35.1,39.6,0.0,39.2,180.91,0.0,108.88,20.0,72.03,22.37
2026-05-13 06:00,-33.5,36.5,0.0,38.6,171.25,0.0,78.13,20.0,93.12,27.75
2026-05-13 07:00,-33.5,32.6,0.0,35.1,169.63,0.0,48.46,20.0,121.17,34.9
2026-05-13 08:00,-31.5,31.1,0.0,82.7,205.76,0.0,39.44,20.0,166.32,46.41
2026-05-13 09:00,-32.6,42.1,0.0,73.5,201.59,0.0,138.86,20.0,62.73,20.0
2026-05-13 10:00,-32.1,33.9,0.0,66.9,190.8,0.0,57.31,20.0,133.49,38.04
2026-05-13 11:00,-37.7,43.2,0.0,84.3,223.91,0.0,153.63,20.0,70.28,21.92
2026-05-13 12:00,-32.1,31.6,0.0,76.4,200.59,0.0,42.31,20.0,158.28,44.36
2026-05-13 13:00,-34.4,59.5,0.0,87.1,220.12,0.0,180.0,20.0,40.12,14.23
2026-05-13 14:00,-29.5,37.0,0.0,73.7,190.3,0.0,82.63,20.0,107.67,31.46
2026-05-13 15:00,-36.7,34.2,0.0,72.3,205.63,0.0,59.5,20.0,146.13,41.26
2026-05-13 16:00,-27.4,34.1,0.0,70.6,180.54,0.0,58.77,20.0,121.77,35.05
2026-05-13 17:00,-28.2,52.7,0.0,70.0,184.53,0.0,180.0,20.0,4.53,5.16
2026-05-13 18:00,-29.3,39.1,0.0,79.4,187.72,0.0,103.45,20.0,84.27,25.49
2026-05-13 19:00,-34.4,36.8,0.0,84.7,214.1,0.0,80.81,20.0,133.29,37.99
2026-05-13 20:00,-22.2,36.5,0.0,31.7,131.06,0.0,78.13,20.0,52.93,17.5
2026-05-13 21:00,-32.6,32.0,0.0,38.4,165.44,0.0,44.7,20.0,120.74,34.79
2026-05-13 22:00,-31.5,32.4,0.0,44.7,177.29,0.0,47.19,20.0,130.1,37.18
2026-05-13 23:00,-32.6,35.8,0.0,39.8,171.67,0.0,72.1,20.0,99.57,29.39
2026-05-14 00:00,-28.3,36.5,0.0,27.4,143.28,0.0,78.13,20.0,65.15,20.61
2026-05-14 01:00,-26.5,40.0,0.0,27.4,140.7,0.0,113.35,20.0,27.35,10.97
2026-05-14 02:00,-30.3,45.9,0.0,32.0,155.82,0.0,180.0,25.6,0.0,0.0
2026-05-14 03:00,-37.4,35.6,0.0,25.4,179.1,0.0,70.43,20.0,86.42,26.04
2026-05-14 04:00,-35.3,46.3,0.0,39.2,186.97,0.0,180.0,20.0,6.97,5.78
2026-05-14 05:00,-35.9,34.5,0.0,44.4,190.48,0.0,61.74,20.0,128.74,36.83
2026-05-14 06:00,-31.0,33.1,0.0,32.1,164.35,0.0,51.75,20.0,112.6,32.71
2026-05-14 07:00,-35.5,39.8,0.0,33.6,178.45,0.0,111.1,20.0,67.35,21.17
2026-05-14 08:00,-36.9,41.3,0.0,72.3,209.97,0.0,128.74,20.0,81.23,24.71
2026-05-14 09:00,-32.3,38.4,0.0,76.8,198.78,0.0,96.17,20.0,102.61,30.17
2026-05-14 10:00,-32.3,33.7,0.0,78.4,202.17,0.0,55.89,20.0,146.28,41.3
2026-05-14 11:00,-40.1,45.5,0.0,94.1,241.75,0.0,180.0,20.0,61.75,19.75
2026-05-14 12:00,-39.0,43.6,0.0,73.5,218.11,0.0,159.25,20.0,58.86,19.01
2026-05-14 13:00,-30.3,35.3,0.0,66.9,184.71,0.0,67.99,20.0,116.72,33.76
2026-05-14 14:00,-29.2,35.1,0.0,79.1,185.8,0.0,66.39,20.0,119.41,34.45
2026-05-14 15:00,-27.3,36.2,0.0,89.5,194.98,0.0,75.5,20.0,119.48,34.47
2026-05-14 16:00,-27.8,38.8,0.0,68.4,174.79,0.0,100.29,20.0,74.5,23.0
2026-05-14 17:00,-34.0,35.9,0.0,75.7,207.41,0.0,72.94,20.0,134.47,38.29
2026-05-14 18:00,-34.7,36.1,0.0,65.3,201.8,0.0,74.64,20.0,127.16,36.43
2026-05-14 19:00,-39.8,36.7,0.0,66.6,212.27,0.0,79.91,20.0,132.36,37.75
2026-05-14 20:00,-23.9,44.8,0.0,42.2,145.75,0.0,176.93,27.2,0.0,0.0
2026-05-14 21:00,-30.3,38.3,0.0,32.1,153.4,0.0,95.15,20.0,29.56,11.54
2026-05-14 22:00,-27.9,73.7,0.0,37.3,158.93,0.0,180.0,24.8,0.0,0.0
2026-05-14 23:00,-33.7,80.4,0.0,36.0,173.52,0.0,180.0,26.3,0.0,0.0
2026-05-15 00:00,-33.8,41.5,0.0,43.9,186.64,0.0,131.22,20.0,30.07,11.67
2026-05-15 01:00,-33.4,36.6,0.0,40.8,173.15,0.0,79.02,20.0,94.13,28.0
2026-05-15 02:00,-31.5,39.5,0.0,25.9,151.63,0.0,107.78,20.0,43.85,15.18
2026-05-15 03:00,-28.8,42.4,0.0,29.7,149.75,0.0,142.79,20.0,6.96,5.77
2026-05-15 04:00,-33.5,39.9,0.0,30.8,162.41,0.0,112.22,20.0,50.19,16.8
2026-05-15 05:00,-34.1,44.2,0.0,28.8,175.28,0.0,167.94,20.0,7.34,5.87
2026-05-15 06:00,-42.0,41.8,0.0,40.6,205.29,0.0,135.0,20.0,70.29,21.92
2026-05-15 07:00,-37.1,45.4,0.0,43.8,195.5,0.0,180.0,20.0,15.5,7.95
2026-05-15 08:00,-38.6,45.1,0.0,68.1,215.05,0.0,180.0,20.0,35.05,12.94
2026-05-15 09:00,-34.2,40.0,0.0,66.7,202.8,0.0,113.35,20.0,89.45,26.81
2026-05-15 10:00,-31.0,36.4,0.0,79.2,196.66,0.0,77.25,20.0,119.41,34.45
2026-05-15 11:00,-34.4,40.8,0.0,82.4,213.56,0.0,122.66,20.0,90.9,27.18
2026-05-15 12:00,-38.3,36.6,0.0,83.3,223.47,0.0,79.02,20.0,144.45,40.83
2026-05-15 13:00,-34.9,49.7,0.0,73.1,200.58,0.0,180.0,20.0,20.58,9.25
2026-05-15 14:00,-31.6,45.2,0.0,76.0,199.82,0.0,180.0,20.0,19.82,9.05
2026-05-15 15:00,-33.6,37.1,0.0,76.9,206.1,0.0,83.56,20.0,122.54,35.25
2026-05-15 16:00,-29.0,42.6,0.0,82.2,195.85,0.0,145.45,20.0,50.4,16.85
2026-05-15 17:00,-27.7,41.9,0.0,93.9,202.64,0.0,136.28,20.0,66.36,20.92
2026-05-15 18:00,-28.5,40.7,0.0,83.5,196.24,0.0,121.47,20.0,74.77,23.07
2026-05-15 19:00,-37.1,40.0,0.0,77.2,221.01,0.0,113.35,20.0,107.66,31.45
2026-05-15 20:00,-36.5,39.6,0.0,40.2,193.16,0.0,108.88,20.0,84.28,25.49
2026-05-15 21:00,-32.6,40.9,0.0,42.7,175.56,0.0,123.86,20.0,51.7,17.18
2026-05-15 22:00,-33.0,59.6,0.0,26.5,169.02,0.0,180.0,22.5,0.0,0.0
2026-05-15 23:00,-30.3,41.0,0.0,35.8,162.04,0.0,125.07,20.0,26.87,10.85
2026-05-16 00:00,-28.9,41.6,0.0,33.6,158.32,0.0,132.47,20.0,25.85,10.59
2026-05-16 01:00,-33.6,48.2,0.0,35.8,174.1,0.0,180.0,21.4,0.0,0.0
2026-05-16 02:00,-31.3,39.3,0.0,33.8,158.91,0.0,105.6,20.0,47.88,16.21
2026-05-16 03:00,-33.4,39.0,0.0,39.5,181.14,0.0,102.39,20.0,78.75,24.08
2026-05-16 04:00,-30.9,43.0,0.0,34.1,160.34,0.0,150.87,20.0,9.47,6.41
2026-05-16 05:00,-31.9,38.2,0.0,30.9,167.34,0.0,94.15,20.0,73.19,22.66
2026-05-16 06:00,-27.3,45.7,0.0,40.2,157.87,0.0,180.0,25.1,0.0,0.0
2026-05-16 07:00,-30.7,51.8,0.0,37.9,170.07,0.0,180.0,27.4,0.0,0.0
2026-05-16 08:00,-37.3,48.2,0.0,91.3,217.13,0.0,180.0,20.0,7.63,5.95
2026-05-16 09:00,-37.9,59.5,0.0,82.4,217.03,0.0,180.0,20.0,37.03,13.44
2026-05-16 10:00,-32.1,75.7,0.0,89.7,204.92,0.0,180.0,20.0,24.92,10.35
2026-05-16 11:00,-36.9,55.0,0.0,80.8,220.36,0.0,180.0,20.0,40.36,14.29
2026-05-16 12:00,-34.5,38.9,0.0,79.3,211.83,0.0,101.34,20.0,110.49,32.17
2026-05-16 13:00,-28.9,63.7,0.0,85.7,191.78,0.0,180.0,20.0,11.78,7.0
2026-05-16 14:00,-32.5,50.3,0.0,90.3,214.69,0.0,180.0,20.0,34.69,12.85
2026-05-16 15:00,-31.1,46.5,0.0,86.0,210.45,0.0,180.0,20.0,30.45,11.76
2026-05-16 16:00,-27.7,62.7,0.0,79.0,184.48,0.0,180.0,20.0,4.48,5.14
2026-05-16 17:00,-26.0,47.4,0.0,81.4,186.82,0.0,180.0,20.0,6.82,5.74
2026-05-16 18:00,-30.4,39.3,0.0,90.3,208.06,0.0,105.6,20.0,102.46,30.13
2026-05-16 19:00,-26.0,40.0,0.0,65.9,173.4,0.0,113.35,20.0,60.05,19.31
2026-05-16 20:00,-27.6,48.8,0.0,27.6,149.86,0.0,180.0,26.9,0.0,0.0
2026-05-16 21:00,-26.6,43.4,0.0,33.3,150.38,0.0,156.43,28.3,0.0,0.0
2026-05-16 22:00,-33.1,56.8,0.0,42.4,176.27,0.0,180.0,29.2,0.0,0.0
2026-05-16 23:00,-33.3,47.9,0.0,38.0,176.64,0.0,180.0,30.0,0.0,0.0
2026-05-17 00:00,-29.4,42.9,0.0,26.1,156.99,0.0,149.51,27.9,0.0,0.0
2026-05-17 01:00,-36.0,44.2,0.0,38.6,187.98,0.0,167.94,22.5,0.0,0.0
2026-05-17 02:00,-40.7,41.4,0.0,32.4,189.72,0.0,129.97,20.0,49.85,16.71
2026-05-17 03:00,-36.8,42.7,0.0,35.9,184.5,0.0,146.8,20.0,37.7,13.61
2026-05-17 04:00,-35.4,63.4,0.0,30.5,175.31,0.0,180.0,21.1,0.0,0.0
2026-05-17 05:00,-38.0,39.7,0.0,32.6,185.99,0.0,109.99,20.0,71.69,22.28
2026-05-17 06:00,-37.6,42.4,0.0,33.4,185.46,0.0,142.79,20.0,42.67,14.88
2026-05-17 07:00,-34.3,40.1,0.0,25.9,163.23,0.0,114.49,20.0,48.74,16.43
2026-05-17 08:00,-41.1,40.3,0.0,77.7,229.31,0.0,116.79,20.0,112.52,32.69
2026-05-17 09:00,-33.5,53.0,0.0,91.2,216.3,0.0,180.0,20.0,36.3,13.26
2026-05-17 10:00,-40.6,41.1,0.0,85.6,238.29,0.0,126.28,20.0,112.01,32.56
2026-05-17 11:00,-33.8,49.9,0.0,79.9,207.8,0.0,180.0,20.0,27.8,11.09
2026-05-17 12:00,-41.0,45.2,0.0,76.0,221.3,0.0,180.0,20.0,41.3,14.53
2026-05-17 13:00,-30.5,56.8,0.0,71.8,191.9,0.0,180.0,20.0,11.9,7.03
2026-05-17 14:00,-33.2,42.6,0.0,86.8,213.3,0.0,145.45,20.0,67.85,21.3
2026-05-17 15:00,-32.5,43.5,0.0,86.6,207.45,0.0,157.83,20.0,49.62,16.65
2026-05-17 16:00,-26.4,48.4,0.0,87.0,182.87,0.0,180.0,20.0,2.87,4.73
2026-05-17 17:00,-30.9,41.2,0.0,74.6,197.5,0.0,127.51,20.0,69.99,21.85
2026-05-17 18:00,-23.0,39.9,0.0,74.5,166.31,0.0,112.22,20.0,54.09,17.79
2026-05-17 19:00,-26.9,50.3,0.0,89.4,196.57,0.0,180.0,20.0,16.57,8.23
2026-05-17 20:00,-26.8,44.5,0.0,44.7,162.51,0.0,172.4,22.3,0.0,0.0
2026-05-17 21:00,-35.1,42.6,0.0,38.9,181.77,0.0,145.45,20.0,27.22,10.94
2026-05-17 22:00,-30.8,43.7,0.0,38.2,167.91,0.0,160.68,20.0,7.23,5.84
2026-05-17 23:00,-27.1,40.8,0.0,25.8,143.64,0.0,122.66,20.0,20.98,9.35
2026-05-18 00:00,-33.4,40.9,0.0,26.3,161.93,0.0,123.86,20.0,38.07,13.71
2026-05-18 01:00,-34.0,59.5,0.0,32.4,174.1,0.0,180.0,21.4,0.0,0.0
2026-05-18 02:00,-36.5,42.1,0.0,36.5,185.96,0.0,138.86,20.0,41.67,14.63
2026-05-18 03:00,-26.6,51.3,0.0,38.4,154.28,0.0,180.0,25.9,0.0,0.0
2026-05-18 04:00,-29.4,47.8,0.0,44.8,166.18,0.0,180.0,29.1,0.0,0.0
2026-05-18 05:00,-30.9,50.2,0.0,36.0,157.64,0.0,180.0,34.2,0.0,0.0
2026-05-18 06:00,-36.9,41.6,0.0,26.1,180.32,0.0,132.47,21.2,0.0,0.0
2026-05-18 07:00,-27.3,43.1,0.0,37.3,157.09,0.0,152.25,20.0,0.0,0.0
2026-05-18 08:00,-38.2,48.9,0.0,90.0,234.46,0.0,180.0,20.0,54.46,17.89
2026-05-18 09:00,-35.5,45.3,0.0,87.0,218.99,0.0,180.0,20.0,38.99,13.94
2026-05-18 10:00,-31.4,42.1,0.0,70.8,195.27,0.0,138.86,20.0,56.41,18.38
2026-05-18 11:00,-27.7,43.1,0.0,68.1,181.0,0.0,152.25,20.0,28.75,11.33
2026-05-18 12:00,-37.2,41.5,0.0,69.4,214.36,0.0,131.22,20.0,83.14,25.2
2026-05-18 13:00,-29.3,43.5,0.0,65.6,175.24,0.0,157.83,20.0,17.41,8.44
2026-05-18 14:00,-33.1,48.6,0.0,68.0,193.72,0.0,180.0,20.0,13.72,7.5
2026-05-18 15:00,-35.4,41.9,0.0,70.2,205.57,0.0,136.28,20.0,69.29,21.67
2026-05-18 16:00,-30.0,45.0,0.0,89.9,200.43,0.0,180.0,20.0,20.43,9.21
2026-05-18 17:00,-26.0,42.9,0.0,77.3,177.13,0.0,149.51,20.0,27.62,11.04
2026-05-18 18:00,-31.8,62.4,0.0,81.5,200.95,0.0,180.0,20.0,20.95,9.34
2026-05-18 19:00,-27.1,45.7,0.0,67.7,181.04,0.0,180.0,20.0,1.04,4.27
2026-05-18 20:00,-33.5,44.2,0.0,37.6,176.06,0.0,167.94,20.0,8.12,6.07
2026-05-18 21:00,-26.8,48.8,0.0,28.0,149.95,0.0,180.0,26.9,0.0,0.0
2026-05-18 22:00,-31.3,50.1,0.0,44.1,171.75,0.0,180.0,28.8,0.0,0.0
2026-05-18 23:00,-31.8,45.0,0.0,42.1,171.44,0.0,180.0,30.8,0.0,0.0
2026-05-19 00:00,-33.2,69.1,0.0,41.6,176.72,0.0,180.0,31.5,0.0,0.0
2026-05-19 01:00,-39.8,44.8,0.0,41.7,194.37,0.0,176.93,26.8,0.0,0.0
2026-05-19 02:00,-33.9,65.1,0.0,28.0,169.17,0.0,180.0,29.3,0.0,0.0
2026-05-19 03:00,-29.7,41.5,0.0,28.4,160.65,0.0,131.22,21.3,0.0,0.0
2026-05-19 04:00,-34.1,48.3,0.0,35.1,178.56,0.0,180.0,21.6,0.0,0.0
2026-05-19 05:00,-34.4,42.5,0.0,32.3,180.36,0.0,144.12,20.0,29.77,11.59
2026-05-19 06:00,-34.6,41.6,0.0,43.7,187.05,0.0,132.47,20.0,54.58,17.92
2026-05-19 07:00,-36.3,49.1,0.0,40.6,183.14,0.0,180.0,20.0,3.14,4.8
2026-05-19 08:00,-37.7,42.6,0.0,82.9,218.41,0.0,145.45,20.0,72.96,22.6
2026-05-19 09:00,-30.1,45.2,0.0,75.9,195.01,0.0,180.0,20.0,15.01,7.83
2026-05-19 10:00,-42.1,65.3,0.0,88.0,234.9,0.0,180.0,20.0,54.9,18.0
2026-05-19 11:00,-35.8,45.8,0.0,83.4,211.04,0.0,180.0,20.0,31.04,11.92
2026-05-19 12:00,-27.8,51.2,0.0,80.2,187.55,0.0,180.0,20.0,7.55,5.93
2026-05-19 13:00,-30.9,51.5,0.0,93.7,210.6,0.0,180.0,20.0,30.6,11.8
2026-05-19 14:00,-35.6,57.0,0.0,88.2,215.41,0.0,180.0,20.0,35.41,13.03
2026-05-19 15:00,-35.3,45.0,0.0,69.7,205.67,0.0,180.0,20.0,25.67,10.55
2026-05-19 16:00,-36.5,40.2,0.0,74.7,217.14,0.0,115.63,20.0,101.51,29.89
2026-05-19 17:00,-34.8,54.0,0.0,84.4,208.69,0.0,180.0,20.0,28.69,11.32
2026-05-19 18:00,-26.2,62.6,0.0,71.2,181.83,0.0,180.0,20.0,1.83,4.47
2026-05-19 19:00,-22.6,47.6,0.0,66.8,165.25,0.0,180.0,23.4,0.0,0.0
2026-05-19 20:00,-38.5,50.7,0.0,35.5,191.38,0.0,180.0,20.3,0.0,0.0
2026-05-19 21:00,-32.6,64.2,0.0,29.5,167.51,0.0,180.0,23.2,0.0,0.0
2026-05-19 22:00,-33.8,46.5,0.0,32.5,171.09,0.0,180.0,25.2,0.0,0.0
2026-05-19 23:00,-26.0,39.1,0.0,41.0,151.06,0.0,103.45,20.0,26.72,10.81
2026-05-20 00:00,-29.7,46.1,0.0,26.1,153.77,0.0,180.0,26.0,0.0,0.0
2026-05-20 01:00,-33.1,46.6,0.0,34.8,174.94,0.0,180.0,27.2,0.0,0.0
2026-05-20 02:00,-32.3,53.1,0.0,39.2,172.21,0.0,180.0,29.0,0.0,0.0
2026-05-20 03:00,-32.3,39.5,0.0,36.9,172.06,0.0,107.78,20.0,28.33,11.22
2026-05-20 04:00,-37.4,42.7,0.0,37.0,189.23,0.0,146.8,20.0,42.43,14.82
2026-05-20 05:00,-39.5,39.8,0.0,43.8,192.47,0.0,111.1,20.0,81.37,24.75
2026-05-20 06:00,-31.1,38.7,0.0,32.4,166.25,0.0,99.25,20.0,67.0,21.08
2026-05-20 07:00,-38.3,50.6,0.0,33.5,195.51,0.0,180.0,20.0,15.51,7.96
2026-05-20 08:00,-31.3,39.7,0.0,74.9,191.5,0.0,109.99,20.0,81.51,24.79
2026-05-20 09:00,-39.8,43.2,0.0,69.7,217.62,0.0,153.63,20.0,63.99,20.32
2026-05-20 10:00,-26.4,38.9,0.0,91.1,194.59,0.0,101.34,20.0,93.25,27.78
2026-05-20 11:00,-36.0,46.9,0.0,79.1,210.97,0.0,180.0,20.0,30.97,11.9
2026-05-20 12:00,-37.6,51.3,0.0,83.5,221.94,0.0,180.0,20.0,41.94,14.69
2026-05-20 13:00,-34.0,51.4,0.0,82.1,205.52,0.0,180.0,20.0,25.52,10.51
2026-05-20 14:00,-33.1,40.3,0.0,80.5,201.94,0.0,116.79,20.0,85.15,25.71
2026-05-20 15:00,-32.2,42.5,0.0,92.2,215.9,0.0,144.12,20.0,71.78,22.3
2026-05-20 16:00,-24.1,40.3,0.0,83.2,186.16,0.0,116.79,20.0,69.37,21.69
2026-05-20 17:00,-37.8,75.3,0.0,91.5,234.12,0.0,180.0,20.0,54.12,17.8
2026-05-20 18:00,-28.9,42.7,0.0,70.5,190.9,0.0,146.8,20.0,44.1,15.25
2026-05-20 19:00,-25.5,42.5,0.0,91.5,186.31,0.0,144.12,20.0,42.19,14.76
2026-05-20 20:00,-29.4,45.9,0.0,35.3,154.82,0.0,180.0,25.8,0.0,0.0
2026-05-20 21:00,-28.0,41.3,0.0,39.7,155.21,0.0,128.74,20.0,3.3,4.84
2026-05-20 22:00,-23.0,49.2,0.0,36.0,134.5,0.0,180.0,30.5,0.0,0.0
2026-05-20 23:00,-33.7,41.6,0.0,35.9,174.1,0.0,132.47,20.0,0.0,0.0
2026-05-21 00:00,-27.0,56.2,0.0,41.4,156.1,0.0,180.0,25.5,0.0,0.0
2026-05-21 01:00,-25.6,41.2,0.0,29.7,139.89,0.0,127.51,22.1,0.0,0.0
2026-05-21 02:00,-34.3,40.3,0.0,34.2,173.58,0.0,116.79,20.0,48.26,16.31
2026-05-21 03:00,-33.0,55.6,0.0,29.6,167.73,0.0,180.0,22.8,0.0,0.0
2026-05-21 04:00,-32.9,45.8,0.0,25.9,158.18,0.0,180.0,27.8,0.0,0.0
2026-05-21 05:00,-34.7,40.0,0.0,39.3,173.54,0.0,113.35,20.0,28.83,11.35
2026-05-21 06:00,-39.1,54.7,0.0,30.9,187.46,0.0,180.0,20.0,7.46,5.9
2026-05-21 07:00,-30.9,63.0,0.0,35.0,167.01,0.0,180.0,23.0,0.0,0.0
2026-05-21 08:00,-40.7,45.6,0.0,78.9,232.79,0.0,180.0,20.0,40.84,14.41
2026-05-21 09:00,-29.9,36.9,0.0,91.5,202.52,0.0,81.72,20.0,120.8,34.8
2026-05-21 10:00,-34.1,41.7,0.0,75.9,209.78,0.0,133.74,20.0,76.04,23.39
2026-05-21 11:00,-27.0,58.0,0.0,88.4,195.08,0.0,180.0,20.0,15.08,7.85
2026-05-21 12:00,-36.6,39.9,0.0,69.2,209.28,0.0,112.22,20.0,97.06,28.75
2026-05-21 13:00,-31.3,47.4,0.0,84.6,204.65,0.0,180.0,20.0,24.65,10.29
2026-05-21 14:00,-36.8,39.1,0.0,69.1,208.68,0.0,103.45,20.0,105.23,30.83
2026-05-21 15:00,-34.4,45.5,0.0,85.8,215.43,0.0,180.0,20.0,35.43,13.03
2026-05-21 16:00,-35.2,38.8,0.0,74.6,207.1,0.0,100.29,20.0,106.81,31.24
2026-05-21 17:00,-32.9,49.8,0.0,87.8,211.5,0.0,180.0,20.0,31.5,12.03
2026-05-21 18:00,-27.5,44.4,0.0,87.4,189.16,0.0,170.9,20.0,18.26,8.66
2026-05-21 19:00,-31.2,37.6,0.0,76.0,194.34,0.0,88.27,20.0,106.07,31.05
2026-05-21 20:00,-26.8,56.1,0.0,26.2,147.7,0.0,180.0,27.4,0.0,0.0
2026-05-21 21:00,-33.3,41.5,0.0,27.0,160.88,0.0,131.22,20.0,0.0,0.0
2026-05-21 22:00,-35.4,43.1,0.0,41.7,188.07,0.0,152.25,20.0,35.82,13.13
2026-05-21 23:00,-27.0,36.8,0.0,37.1,153.46,0.0,80.81,20.0,72.65,22.53
2026-05-22 00:00,-25.2,42.3,0.0,34.9,143.87,0.0,141.47,20.0,2.4,4.61
2026-05-22 01:00,-32.2,36.7,0.0,37.2,172.9,0.0,79.91,20.0,92.99,27.71
2026-05-22 02:00,-36.0,40.0,0.0,44.2,195.49,0.0,113.35,20.0,82.14,24.95
2026-05-22 03:00,-34.8,36.4,0.0,44.5,185.02,0.0,77.25,20.0,107.77,31.48
2026-05-22 04:00,-31.6,37.3,0.0,39.8,170.88,0.0,85.42,20.0,85.46,25.79
2026-05-22 05:00,-37.8,40.7,0.0,37.5,192.26,0.0,121.47,20.0,70.79,22.05
2026-05-22 06:00,-29.0,48.5,0.0,42.0,163.0,0.0,180.0,23.9,0.0,0.0
2026-05-22 07:00,-34.6,37.9,0.0,41.6,186.57,0.0,91.18,20.0,79.75,24.34
2026-05-22 08:00,-41.1,39.6,0.0,69.3,222.24,0.0,108.88,20.0,113.36,32.91
2026-05-22 09:00,-38.7,36.2,0.0,93.7,238.14,0.0,75.5,20.0,162.64,45.47
2026-05-22 10:00,-31.4,41.5,0.0,90.2,209.77,0.0,131.22,20.0,78.55,24.03
2026-05-22 11:00,-31.6,59.5,0.0,70.7,198.88,0.0,180.0,20.0,18.88,8.81
2026-05-22 12:00,-33.8,39.5,0.0,68.7,201.11,0.0,107.78,20.0,93.33,27.8
2026-05-22 13:00,-23.6,81.9,0.0,94.3,188.5,0.0,180.0,20.0,8.5,6.17
2026-05-22 14:00,-32.3,71.1,0.0,78.7,202.44,0.0,180.0,20.0,22.44,9.72
2026-05-22 15:00,-32.9,38.7,0.0,94.0,216.76,0.0,99.25,20.0,117.51,33.97
2026-05-22 16:00,-30.2,45.7,0.0,70.3,189.73,0.0,180.0,20.0,9.73,6.48
2026-05-22 17:00,-27.1,33.6,0.0,68.4,182.88,0.0,55.18,20.0,127.7,36.56
2026-05-22 18:00,-28.6,33.9,0.0,79.0,187.55,0.0,57.31,20.0,130.24,37.21
2026-05-22 19:00,-26.7,42.4,0.0,85.5,180.33,0.0,142.79,20.0,37.54,13.57
2026-05-22 20:00,-41.2,36.5,0.0,42.2,207.59,0.0,78.13,20.0,129.46,37.01
2026-05-22 21:00,-34.4,43.2,0.0,32.2,169.88,0.0,153.63,20.0,16.25,8.14
2026-05-22 22:00,-31.6,41.8,0.0,25.9,163.17,0.0,135.0,20.0,28.17,11.18
2026-05-22 23:00,-36.5,45.6,0.0,44.3,184.44,0.0,180.0,20.0,4.44,5.13
2026-05-23 00:00,-25.6,41.5,0.0,44.3,153.52,0.0,131.22,20.0,22.3,9.69
2026-05-23 01:00,-30.2,31.9,0.0,30.0,165.37,0.0,44.1,20.0,121.27,34.92
2026-05-23 02:00,-32.5,37.2,0.0,42.0,173.76,0.0,84.48,20.0,89.28,26.77
2026-05-23 03:00,-31.4,52.6,0.0,35.0,169.72,0.0,180.0,22.4,0.0,0.0
2026-05-23 04:00,-33.7,34.0,0.0,43.3,183.24,0.0,58.04,20.0,115.74,33.51
2026-05-23 05:00,-33.5,34.4,0.0,38.3,165.15,0.0,60.99,20.0,104.16,30.56
2026-05-23 06:00,-38.4,42.4,0.0,26.0,179.63,0.0,142.79,20.0,36.84,13.39
2026-05-23 07:00,-41.6,32.1,0.0,40.4,204.29,0.0,45.32,20.0,158.97,44.54
2026-05-23 08:00,-37.2,33.4,0.0,82.6,217.22,0.0,53.79,20.0,163.43,45.67
2026-05-23 09:00,-36.1,33.9,0.0,91.5,217.03,0.0,57.31,20.0,159.72,44.73
2026-05-23 10:00,-32.0,33.8,0.0,86.0,210.9,0.0,56.6,20.0,154.3,43.35
2026-05-23 11:00,-32.5,42.7,0.0,87.5,213.11,0.0,146.8,20.0,66.31,20.91
2026-05-23 12:00,-40.4,41.2,0.0,71.2,224.4,0.0,127.51,20.0,96.89,28.71
2026-05-23 13:00,-30.1,43.9,0.0,79.2,197.08,0.0,163.56,20.0,33.52,12.55
2026-05-23 14:00,-30.0,38.4,0.0,69.3,188.26,0.0,96.17,20.0,92.09,27.48
2026-05-23 15:00,-23.4,41.8,0.0,87.1,173.64,0.0,135.0,20.0,38.64,13.85
2026-05-23 16:00,-23.8,47.3,0.0,91.2,186.46,0.0,180.0,20.0,6.46,5.65
2026-05-23 17:00,-30.2,43.8,0.0,77.8,195.68,0.0,162.11,20.0,33.57,12.56
2026-05-23 18:00,-36.0,43.0,0.0,94.6,223.2,0.0,150.87,20.0,72.33,22.44
2026-05-23 19:00,-27.8,54.9,0.0,72.6,187.09,0.0,180.0,20.0,7.09,5.81
2026-05-23 20:00,-29.6,29.8,0.0,30.2,153.24,0.0,32.59,20.0,120.65,34.77
2026-05-23 21:00,-30.9,29.9,0.0,44.1,169.21,0.0,33.08,20.0,136.13,38.71
2026-05-23 22:00,-31.6,47.1,0.0,38.5,162.13,0.0,180.0,24.1,0.0,0.0
2026-05-23 23:00,-24.2,42.8,0.0,42.6,151.83,0.0,148.15,23.1,0.0,0.0
2026-05-24 00:00,-27.5,34.7,0.0,30.5,151.06,0.0,63.26,20.0,75.36,23.22
2026-05-24 01:00,-30.9,47.3,0.0,25.8,161.35,0.0,180.0,24.3,0.0,0.0
2026-05-24 02:00,-29.7,30.5,0.0,43.8,166.37,0.0,36.17,20.0,113.04,32.83
2026-05-24 03:00,-24.8,44.4,0.0,40.5,152.13,0.0,170.9,24.3,0.0,0.0
2026-05-24 04:00,-33.0,37.2,0.0,44.5,178.04,0.0,84.48,20.0,76.29,23.45
2026-05-24 05:00,-42.4,40.0,0.0,28.2,192.17,0.0,113.35,20.0,78.82,24.1
2026-05-24 06:00,-40.8,34.6,0.0,26.2,187.13,0.0,62.5,20.0,124.63,35.78
2026-05-24 07:00,-32.6,29.2,0.0,29.7,163.01,0.0,29.71,20.0,133.3,37.99
2026-05-24 08:00,-36.1,30.8,0.0,86.0,218.82,0.0,37.78,20.0,181.04,50.17
2026-05-24 09:00,-27.4,30.4,0.0,90.1,189.32,0.0,35.64,20.0,153.68,43.19
2026-05-24 10:00,-37.8,37.7,0.0,93.2,235.13,0.0,89.23,20.0,145.9,41.2
2026-05-24 11:00,-34.9,31.9,0.0,79.9,208.28,0.0,44.1,20.0,164.18,45.87
2026-05-24 12:00,-40.7,35.6,0.0,84.4,234.11,0.0,70.43,20.0,163.68,45.74
2026-05-24 13:00,-36.5,31.8,0.0,75.7,213.35,0.0,43.49,20.0,169.86,47.31
2026-05-24 14:00,-28.7,31.7,0.0,65.4,179.82,0.0,42.9,20.0,136.92,38.91
2026-05-24 15:00,-26.2,38.4,0.0,80.4,182.16,0.0,96.17,20.0,85.99,25.93
2026-05-24 16:00,-31.7,32.8,0.0,95.0,205.14,0.0,49.76,20.0,155.38,43.62
2026-05-24 17:00,-24.8,31.4,0.0,75.6,179.12,0.0,41.14,20.0,137.98,39.18
2026-05-24 18:00,-29.9,67.8,0.0,78.7,199.18,0.0,180.0,20.0,19.18,8.89
2026-05-24 19:00,-28.8,26.1,0.0,72.5,183.67,0.0,17.52,20.0,166.15,46.37
2026-05-24 20:00,-24.3,31.0,0.0,25.6,132.79,0.0,38.88,20.0,93.91,27.95
2026-05-24 21:00,-34.9,45.8,0.0,35.0,183.99,0.0,180.0,20.0,3.99,5.02
2026-05-24 22:00,-33.7,36.7,0.0,39.4,179.24,0.0,79.91,20.0,99.33,29.33
2026-05-24 23:00,-22.6,25.9,0.0,33.2,133.99,0.0,16.88,20.0,117.11,33.86
2026-05-25 00:00,-31.1,58.8,0.0,26.1,160.75,0.0,180.0,24.4,0.0,0.0
2026-05-25 01:00,-28.9,30.4,0.0,44.4,171.34,0.0,35.64,20.0,117.99,34.09
2026-05-25 02:00,-36.4,43.2,0.0,33.6,184.15,0.0,153.63,20.0,30.52,11.78
2026-05-25 03:00,-34.3,39.7,0.0,37.7,181.84,0.0,109.99,20.0,71.85,22.32
2026-05-25 04:00,-31.7,26.1,0.0,33.2,161.64,0.0,17.52,20.0,144.12,40.75
2026-05-25 05:00,-33.0,29.5,0.0,35.0,165.0,0.0,31.13,20.0,133.87,38.14
2026-05-25 06:00,-30.9,33.8,0.0,32.2,157.62,0.0,56.6,20.0,101.02,29.76
2026-05-25 07:00,-33.1,33.9,0.0,30.5,171.18,0.0,57.31,20.0,113.87,33.04
2026-05-25 08:00,-35.0,27.5,0.0,84.8,215.07,0.0,22.5,20.0,192.57,53.11
2026-05-25 09:00,-30.8,24.8,0.0,77.9,197.53,0.0,13.61,20.0,183.92,50.9
2026-05-25 10:00,-35.1,23.6,0.0,91.9,216.97,0.0,10.56,20.0,206.41,56.63
2026-05-25 11:00,-29.0,23.8,0.0,71.8,186.02,0.0,11.03,20.0,174.99,48.62
2026-05-25 12:00,-36.0,36.2,0.0,76.6,205.9,0.0,75.5,20.0,130.4,37.25
2026-05-25 13:00,-32.2,27.7,0.0,86.8,206.42,0.0,23.28,20.0,183.14,50.7
2026-05-25 14:00,-35.2,24.1,0.0,87.7,219.03,0.0,11.77,20.0,207.26,56.85
2026-05-25 15:00,-34.5,23.4,0.0,65.4,204.24,0.0,10.1,20.0,194.14,53.51
2026-05-25 16:00,-32.5,23.6,0.0,68.1,188.27,0.0,10.56,20.0,177.71,49.32
2026-05-25 17:00,-29.5,44.2,0.0,75.4,193.53,0.0,167.94,20.0,25.59,10.53
2026-05-25 18:00,-34.0,30.0,0.0,68.9,201.99,0.0,33.59,20.0,168.4,46.94
2026-05-25 19:00,-26.5,25.4,0.0,74.8,180.29,0.0,15.33,20.0,164.96,46.06
2026-05-25 20:00,-23.1,28.7,0.0,43.5,142.47,0.0,27.45,20.0,115.02,33.33
2026-05-25 21:00,-33.6,27.5,0.0,35.1,170.71,0.0,22.5,20.0,148.21,41.79
2026-05-25 22:00,-31.1,25.9,0.0,33.2,161.87,0.0,16.88,20.0,144.99,40.97
2026-05-25 23:00,-33.7,21.6,0.0,44.4,178.36,0.0,6.55,20.0,171.81,47.81
2026-05-26 00:00,-30.9,63.9,0.0,38.5,169.52,0.0,180.0,22.4,0.0,0.0
2026-05-26 01:00,-30.5,36.1,0.0,43.0,171.68,0.0,74.64,20.0,87.4,26.29
2026-05-26 02:00,-34.5,22.8,0.0,26.3,168.84,0.0,8.8,20.0,160.04,44.81
2026-05-26 03:00,-34.1,22.0,0.0,28.3,164.28,0.0,7.25,20.0,157.03,44.04
2026-05-26 04:00,-41.1,25.9,0.0,33.6,193.04,0.0,16.88,20.0,176.16,48.92
2026-05-26 05:00,-31.6,21.6,0.0,27.0,161.09,0.0,6.55,20.0,154.54,43.41
2026-05-26 06:00,-34.1,32.2,0.0,29.3,174.82,0.0,45.93,20.0,128.89,36.87
2026-05-26 07:00,-37.6,38.4,0.0,40.8,191.03,0.0,96.17,20.0,94.86,28.19
2026-05-26 08:00,-36.0,22.3,0.0,82.3,217.2,0.0,7.81,20.0,209.39,57.39
2026-05-26 09:00,-31.0,27.6,0.0,68.2,184.41,0.0,22.89,20.0,161.52,45.19
2026-05-26 10:00,-31.8,21.4,0.0,82.9,203.82,0.0,6.22,20.0,197.6,54.39
2026-05-26 11:00,-35.9,22.5,0.0,75.6,202.38,0.0,8.2,20.0,194.18,53.52
2026-05-26 12:00,-33.2,23.6,0.0,81.2,215.56,0.0,10.56,20.0,205.0,56.28
2026-05-26 13:00,-38.7,24.5,0.0,73.3,212.62,0.0,12.8,20.0,199.82,54.95
2026-05-26 14:00,-31.1,34.2,0.0,69.6,185.55,0.0,59.5,20.0,126.05,36.14
2026-05-26 15:00,-28.6,24.0,0.0,94.5,202.02,0.0,11.52,20.0,190.5,52.58
2026-05-26 16:00,-34.8,27.3,0.0,76.3,204.4,0.0,21.74,20.0,182.66,50.58
2026-05-26 17:00,-36.1,26.7,0.0,73.3,213.3,0.0,19.55,20.0,193.75,53.41
2026-05-26 18:00,-25.9,25.4,0.0,68.8,178.09,0.0,15.33,20.0,162.76,45.5
2026-05-26 19:00,-32.0,36.4,0.0,70.2,190.5,0.0,77.25,20.0,113.25,32.88
2026-05-26 20:00,-29.3,28.6,0.0,27.2,156.42,0.0,27.02,20.0,129.4,37.0
2026-05-26 21:00,-33.2,20.2,0.0,27.6,161.77,0.0,4.46,20.0,157.31,44.11
2026-05-26 22:00,-27.2,23.2,0.0,36.1,148.11,0.0,9.66,20.0,138.45,39.3
2026-05-26 23:00,-29.3,30.4,0.0,25.4,150.67,0.0,35.64,20.0,115.03,33.33
2026-05-27 00:00,-33.3,30.6,0.0,39.7,174.63,0.0,36.7,20.0,137.93,39.17
2026-05-27 01:00,-32.2,22.8,0.0,28.7,164.89,0.0,8.8,20.0,156.09,43.8
2026-05-27 02:00,-30.4,18.2,0.0,39.3,156.62,0.0,2.31,20.0,154.31,43.35
2026-05-27 03:00,-27.6,20.2,0.0,43.1,160.31,0.0,4.46,20.0,155.85,43.74
2026-05-27 04:00,-30.7,24.3,0.0,28.8,161.09,0.0,12.28,20.0,148.81,41.95
2026-05-27 05:00,-29.0,51.2,0.0,35.8,162.59,0.0,180.0,24.0,0.0,0.0
2026-05-27 06:00,-30.5,48.3,0.0,28.5,153.42,0.0,180.0,30.1,0.0,0.0
2026-05-27 07:00,-32.5,18.6,0.0,25.4,154.17,0.0,2.67,20.0,111.03,32.31
2026-05-27 08:00,-31.1,17.4,0.0,77.9,195.41,0.0,1.7,20.0,193.71,53.4
2026-05-27 09:00,-34.6,40.9,0.0,66.1,200.32,0.0,123.86,20.0,76.46,23.5
2026-05-27 10:00,-31.1,19.0,0.0,80.2,203.87,0.0,3.06,20.0,200.81,55.21
2026-05-27 11:00,-28.5,18.0,0.0,71.2,177.71,0.0,2.15,20.0,175.56,48.77
2026-05-27 12:00,-33.2,22.0,0.0,70.2,192.84,0.0,7.25,20.0,185.59,51.33
2026-05-27 13:00,-35.8,18.0,0.0,75.0,215.19,0.0,2.15,20.0,213.04,58.33
2026-05-27 14:00,-25.3,21.5,0.0,80.8,182.44,0.0,6.39,20.0,176.05,48.89
2026-05-27 15:00,-30.5,16.3,0.0,81.1,199.37,0.0,1.05,20.0,198.32,54.57
2026-05-27 16:00,-25.8,20.2,0.0,74.6,179.38,0.0,4.46,20.0,174.92,48.6
2026-05-27 17:00,-34.9,19.4,0.0,90.7,218.22,0.0,3.49,20.0,214.73,58.76
2026-05-27 18:00,-30.8,62.2,0.0,70.2,186.29,0.0,180.0,20.0,6.29,5.6
2026-05-27 19:00,-26.5,27.3,0.0,79.8,188.58,0.0,21.74,20.0,166.84,46.54
2026-05-27 20:00,-31.7,20.3,0.0,43.4,167.4,0.0,4.59,20.0,162.81,45.52
2026-05-27 21:00,-31.9,19.6,0.0,33.3,166.36,0.0,3.71,20.0,162.65,45.48
2026-05-27 22:00,-29.5,23.4,0.0,39.3,164.61,0.0,10.1,20.0,154.51,43.4
2026-05-27 23:00,-27.7,17.4,0.0,42.5,164.6,0.0,1.7,20.0,162.9,45.54
2026-05-28 00:00,-27.1,60.5,0.0,41.1,160.05,0.0,180.0,24.6,0.0,0.0
2026-05-28 01:00,-31.4,21.9,0.0,31.6,158.38,0.0,7.07,20.0,132.96,37.9
2026-05-28 02:00,-30.1,25.1,0.0,44.9,171.47,0.0,14.45,20.0,157.02,44.04
2026-05-28 03:00,-29.1,21.2,0.0,31.3,152.0,0.0,5.9,20.0,146.1,41.26
2026-05-28 04:00,-28.5,20.9,0.0,29.4,153.66,0.0,5.44,20.0,148.22,41.8
2026-05-28 05:00,-38.3,43.4,0.0,25.1,174.22,0.0,156.43,20.0,17.79,8.54
2026-05-28 06:00,-34.2,41.0,0.0,32.9,173.76,0.0,125.07,20.0,48.69,16.42
2026-05-28 07:00,-37.6,17.0,0.0,26.8,179.76,0.0,1.44,20.0,178.32,49.47
2026-05-28 08:00,-33.4,32.8,0.0,85.7,214.39,0.0,49.76,20.0,164.63,45.98
2026-05-28 09:00,-34.4,22.3,0.0,82.3,212.76,0.0,7.81,20.0,204.95,56.26
2026-05-28 10:00,-29.3,22.3,0.0,89.0,199.29,0.0,7.81,20.0,191.48,52.83
2026-05-28 11:00,-36.2,22.3,0.0,71.0,210.34,0.0,7.81,20.0,202.53,55.65
2026-05-28 12:00,-26.2,60.9,0.0,65.9,175.56,0.0,180.0,21.0,0.0,0.0
2026-05-28 13:00,-27.9,28.6,0.0,87.1,192.09,0.0,27.02,20.0,160.99,45.05
2026-05-28 14:00,-33.2,14.3,0.0,66.7,198.0,0.0,0.33,20.0,197.67,54.41
2026-05-28 15:00,-29.5,23.1,0.0,75.2,192.58,0.0,9.44,20.0,183.14,50.7
2026-05-28 16:00,-28.9,13.9,0.0,88.2,197.16,0.0,0.25,20.0,196.91,54.21
2026-05-28 17:00,-30.6,24.2,0.0,74.9,192.94,0.0,12.02,20.0,180.92,50.13
2026-05-28 18:00,-26.0,19.3,0.0,88.3,192.55,0.0,3.38,20.0,189.17,52.24
2026-05-28 19:00,-36.2,23.7,0.0,82.7,219.38,0.0,10.8,20.0,208.58,57.19
2026-05-28 20:00,-25.2,30.2,0.0,33.9,145.6,0.0,34.6,20.0,111.0,32.3
2026-05-28 21:00,-40.2,17.7,0.0,42.9,200.78,0.0,1.92,20.0,198.86,54.71
2026-05-28 22:00,-31.4,20.4,0.0,44.9,174.33,0.0,4.72,20.0,169.61,47.25
2026-05-28 23:00,-24.8,24.5,0.0,32.0,144.16,0.0,12.8,20.0,131.36,37.5
2026-05-29 00:00,-25.1,18.2,0.0,36.4,143.39,0.0,2.31,20.0,141.08,39.98
2026-05-29 01:00,-27.6,15.1,0.0,27.9,151.15,0.0,0.56,20.0,150.59,42.4
2026-05-29 02:00,-31.7,15.9,0.0,36.4,160.26,0.0,0.86,20.0,159.4,44.65
2026-05-29 03:00,-32.6,16.1,0.0,35.7,167.41,0.0,0.95,20.0,166.46,46.45
2026-05-29 04:00,-39.9,31.1,0.0,28.7,185.82,0.0,39.44,20.0,146.38,41.33
2026-05-29 05:00,-31.7,18.5,0.0,42.5,173.2,0.0,2.58,20.0,170.62,47.51
2026-05-29 06:00,-34.2,17.1,0.0,25.2,163.05,0.0,1.5,20.0,161.55,45.2
2026-05-29 07:00,-42.6,21.0,0.0,43.8,204.61,0.0,5.59,20.0,199.02,54.75
2026-05-29 08:00,-35.5,16.7,0.0,78.7,209.2,0.0,1.26,20.0,207.94,57.02
2026-05-29 09:00,-35.6,12.2,0.0,86.3,223.6,0.0,0.04,20.0,223.56,61.01
2026-05-29 10:00,-34.0,18.9,0.0,69.9,204.31,0.0,2.96,20.0,201.35,55.34
2026-05-29 11:00,-36.6,16.3,0.0,92.8,222.75,0.0,1.05,20.0,221.7,60.53
2026-05-29 12:00,-38.8,14.2,0.0,76.5,220.93,0.0,0.31,20.0,220.62,60.26
2026-05-29 13:00,-36.6,15.7,0.0,81.9,225.73,0.0,0.78,20.0,224.95,61.36
2026-05-29 14:00,-32.8,11.8,0.0,72.5,197.87,0.0,0.02,20.0,197.85,54.45
2026-05-29 15:00,-32.4,23.4,0.0,86.5,204.9,0.0,10.1,20.0,194.8,53.67
2026-05-29 16:00,-26.6,14.1,0.0,91.6,194.14,0.0,0.29,20.0,193.85,53.43
2026-05-29 17:00,-36.5,15.6,0.0,67.9,200.31,0.0,0.74,20.0,199.57,54.89
2026-05-29 18:00,-35.0,12.0,0.0,69.6,198.68,0.0,0.03,20.0,198.65,54.66
2026-05-29 19:00,-31.1,12.3,0.0,84.4,205.28,0.0,0.05,20.0,205.23,56.33
2026-05-29 20:00,-29.3,13.4,0.0,43.6,160.15,0.0,0.17,20.0,159.98,44.79
2026-05-29 21:00,-33.0,13.4,0.0,42.8,170.07,0.0,0.17,20.0,169.9,47.32
2026-05-29 22:00,-30.5,19.7,0.0,28.3,161.05,0.0,3.83,20.0,157.22,44.09
2026-05-29 23:00,-22.3,15.0,0.0,32.2,130.58,0.0,0.52,20.0,130.06,37.17
2026-05-30 00:00,-29.2,13.5,0.0,45.0,173.18,0.0,0.18,20.0,173.0,48.12
2026-05-30 01:00,-24.5,20.1,0.0,41.9,152.2,0.0,4.33,20.0,147.87,41.71
2026-05-30 02:00,-29.1,20.2,0.0,33.3,158.31,0.0,4.46,20.0,153.85,43.23
2026-05-30 03:00,-27.3,21.7,0.0,37.1,151.08,0.0,6.72,20.0,144.36,40.81
2026-05-30 04:00,-31.6,17.2,0.0,40.8,169.9,0.0,1.57,20.0,168.33,46.92
2026-05-30 05:00,-36.3,27.4,0.0,26.0,170.06,0.0,22.12,20.0,147.94,41.72
2026-05-30 06:00,-45.9,21.8,0.0,30.6,216.72,0.0,6.9,20.0,209.82,57.5
2026-05-30 07:00,-38.1,12.4,0.0,45.0,195.34,0.0,0.06,20.0,195.28,53.8
2026-05-30 08:00,-32.7,15.0,0.0,91.6,207.38,0.0,0.52,20.0,206.86,56.75
2026-05-30 09:00,-32.2,10.7,0.0,91.4,216.41,0.0,0.0,20.0,216.41,59.18
2026-05-30 10:00,-31.2,16.0,0.0,85.8,202.81,0.0,0.91,20.0,201.9,55.48
2026-05-30 11:00,-33.4,13.8,0.0,75.5,201.85,0.0,0.23,20.0,201.62,55.41
2026-05-30 12:00,-35.5,28.3,0.0,76.0,205.55,0.0,25.73,20.0,179.82,49.85
2026-05-30 13:00,-34.3,17.6,0.0,79.5,209.26,0.0,1.84,20.0,207.42,56.89
2026-05-30 14:00,-26.0,12.1,0.0,81.9,182.63,0.0,0.04,20.0,182.59,50.56
2026-05-30 15:00,-32.2,12.4,0.0,86.6,204.59,0.0,0.06,20.0,204.53,56.16
2026-05-30 16:00,-24.1,16.1,0.0,67.6,166.56,0.0,0.95,20.0,165.61,46.23
2026-05-30 17:00,-27.3,29.0,0.0,82.2,190.09,0.0,28.8,20.0,161.29,45.13
2026-05-30 18:00,-26.6,11.6,0.0,69.9,179.83,0.0,0.02,20.0,179.81,49.85
2026-05-30 19:00,-30.4,15.4,0.0,94.9,205.48,0.0,0.66,20.0,204.82,56.23
2026-05-30 20:00,-22.9,19.7,0.0,29.1,132.09,0.0,3.83,20.0,128.26,36.71
2026-05-30 21:00,-29.3,19.8,0.0,45.0,163.76,0.0,3.95,20.0,159.81,44.75
2026-05-30 22:00,-26.7,14.0,0.0,38.8,152.42,0.0,0.27,20.0,152.15,42.8
2026-05-30 23:00,-32.6,10.8,0.0,25.4,162.88,0.0,0.0,20.0,162.88,45.53
2026-05-31 00:00,-25.3,11.6,0.0,37.1,144.93,0.0,0.02,20.0,144.91,40.95
2026-05-31 01:00,-27.7,22.9,0.0,40.5,155.41,0.0,9.01,20.0,146.4,41.33
2026-05-31 02:00,-39.3,23.4,0.0,28.7,187.12,0.0,10.1,20.0,177.02,49.14
2026-05-31 03:00,-36.1,19.0,0.0,38.7,181.22,0.0,3.06,20.0,178.16,49.43
2026-05-31 04:00,-37.2,10.9,0.0,43.2,197.63,0.0,0.0,20.0,197.63,54.4
2026-05-31 05:00,-44.1,17.2,0.0,28.9,202.65,0.0,1.57,20.0,201.08,55.28
2026-05-31 06:00,-35.2,12.1,0.0,29.9,169.99,0.0,0.04,20.0,169.95,47.34
2026-05-31 07:00,-34.1,15.3,0.0,38.8,181.12,0.0,0.63,20.0,180.49,50.02
2026-05-31 08:00,-33.3,11.3,0.0,73.9,205.73,0.0,0.01,20.0,205.72,56.46
2026-05-31 09:00,-26.6,12.2,0.0,81.0,184.15,0.0,0.04,20.0,184.11,50.95
2026-05-31 10:00,-36.3,25.9,0.0,91.1,231.03,0.0,16.88,20.0,214.15,58.61
2026-05-31 11:00,-31.9,10.6,0.0,65.1,189.79,0.0,0.0,20.0,189.79,52.4
2026-05-31 12:00,-27.7,17.9,0.0,79.3,180.53,0.0,2.07,20.0,178.46,49.51
2026-05-31 13:00,-32.8,25.3,0.0,91.0,211.98,0.0,15.04,20.0,196.94,54.22
2026-05-31 14:00,-27.3,17.3,0.0,71.1,184.68,0.0,1.63,20.0,183.05,50.68
2026-05-31 15:00,-24.3,16.2,0.0,65.6,163.39,0.0,1.0,20.0,162.39,45.41
2026-05-31 16:00,-28.0,30.5,0.0,67.9,173.81,0.0,36.17,20.0,137.64,39.1
2026-05-31 17:00,-42.7,14.2,0.0,90.1,244.08,0.0,0.31,20.0,243.77,66.16
2026-05-31 18:00,-32.3,10.6,0.0,66.3,191.42,0.0,0.0,20.0,191.42,52.81
2026-05-31 19:00,-23.2,11.9,0.0,84.4,173.88,0.0,0.03,20.0,173.85,48.33
2026-05-31 20:00,-33.9,17.4,0.0,38.7,179.89,0.0,1.7,20.0,178.19,49.44
2026-05-31 21:00,-37.8,17.8,0.0,44.6,191.73,0.0,1.99,20.0,189.74,52.38
2026-05-31 22:00,-37.5,15.1,0.0,26.5,173.69,0.0,0.56,20.0,173.13,48.15
2026-05-31 23:00,-38.0,11.1,0.0,34.3,188.73,0.0,0.01,20.0,188.72,52.12
2026-06-01 00:00,-30.0,12.7,0.0,34.9,155.41,0.0,0.08,20.0,155.33,43.61
2026-06-01 01:00,-38.0,19.8,0.0,27.5,179.41,0.0,3.95,20.0,175.46,48.74
2026-06-01 02:00,-32.1,15.2,0.0,34.9,176.3,0.0,0.59,20.0,175.71,48.81
2026-06-01 03:00,-40.8,15.7,0.0,35.6,191.48,0.0,0.78,20.0,190.7,52.63
2026-06-01 04:00,-28.8,14.0,0.0,33.3,160.16,0.0,0.27,20.0,159.89,44.77
2026-06-01 05:00,-31.2,15.0,0.0,42.8,162.06,0.0,0.52,20.0,161.54,45.19
2026-06-01 06:00,-31.7,20.1,0.0,44.4,174.95,0.0,4.33,20.0,170.62,47.51
2026-06-01 07:00,-33.0,11.6,0.0,26.0,164.52,0.0,0.02,20.0,164.5,45.95
2026-06-01 08:00,-33.4,14.6,0.0,71.4,199.61,0.0,0.41,20.0,199.2,54.8
2026-06-01 09:00,-25.7,13.3,0.0,86.4,187.3,0.0,0.15,20.0,187.15,51.72
2026-06-01 10:00,-38.2,14.1,0.0,76.8,214.03,0.0,0.29,20.0,213.74,58.5
2026-06-01 11:00,-32.8,14.0,0.0,91.4,211.09,0.0,0.27,20.0,210.82,57.76
2026-06-01 12:00,-42.9,16.2,0.0,74.7,234.08,0.0,1.0,20.0,233.08,63.44
2026-06-01 13:00,-35.7,18.2,0.0,73.3,209.15,0.0,2.31,20.0,206.84,56.74
2026-06-01 14:00,-31.8,17.4,0.0,77.8,197.73,0.0,1.7,20.0,196.03,53.99
2026-06-01 15:00,-35.0,16.2,0.0,79.9,211.98,0.0,1.0,20.0,210.98,57.8
2026-06-01 16:00,-30.2,23.8,0.0,87.5,198.81,0.0,11.03,20.0,187.78,51.88
2026-06-01 17:00,-28.7,13.9,0.0,93.4,199.6,0.0,0.25,20.0,199.35,54.83
2026-06-01 18:00,-29.9,17.9,0.0,72.4,185.84,0.0,2.07,20.0,183.77,50.86
2026-06-01 19:00,-27.2,10.8,0.0,83.3,193.7,0.0,0.0,20.0,193.7,53.39
2026-06-01 20:00,-35.1,54.4,0.0,42.9,183.34,0.0,180.0,20.0,3.34,4.85
2026-06-01 21:00,-28.1,13.8,0.0,40.5,152.02,0.0,0.23,20.0,151.79,42.71
2026-06-01 22:00,-30.6,23.9,0.0,35.0,165.56,0.0,11.27,20.0,154.29,43.34
2026-06-01 23:00,-27.7,16.6,0.0,34.3,152.77,0.0,1.21,20.0,151.56,42.65
2026-06-02 00:00,-35.5,14.1,0.0,43.6,188.71,0.0,0.29,20.0,188.42,52.05
2026-06-02 01:00,-27.5,13.5,0.0,35.9,156.01,0.0,0.18,20.0,155.83,43.74
2026-06-02 02:00,-31.8,15.0,0.0,28.2,156.94,0.0,0.52,20.0,156.42,43.89
2026-06-02 03:00,-26.8,26.8,0.0,39.0,155.47,0.0,19.91,20.0,135.56,38.57
2026-06-02 04:00,-36.7,13.3,0.0,26.3,169.86,0.0,0.15,20.0,169.71,47.28
2026-06-02 05:00,-40.8,23.9,0.0,25.2,189.38,0.0,11.27,20.0,178.11,49.42
2026-06-02 06:00,-30.2,32.9,0.0,29.2,161.19,0.0,50.42,20.0,110.77,32.25
2026-06-02 07:00,-37.7,17.6,0.0,38.1,193.64,0.0,1.84,20.0,191.8,52.91
2026-06-02 08:00,-28.6,12.1,0.0,75.7,190.79,0.0,0.04,20.0,190.75,52.64
2026-06-02 09:00,-40.9,13.0,0.0,69.2,220.0,0.0,0.11,20.0,219.89,60.07
2026-06-02 10:00,-34.6,12.0,0.0,93.4,210.6,0.0,0.03,20.0,210.57,57.7
2026-06-02 11:00,-30.7,13.1,0.0,83.1,203.15,0.0,0.13,20.0,203.02,55.77
2026-06-02 12:00,-31.8,22.7,0.0,82.3,202.58,0.0,8.6,20.0,193.98,53.46
2026-06-02 13:00,-33.4,11.8,0.0,85.7,210.88,0.0,0.02,20.0,210.86,57.77
2026-06-02 14:00,-35.5,19.7,0.0,92.5,225.66,0.0,3.83,20.0,221.83,60.57
2026-06-02 15:00,-35.6,12.7,0.0,68.9,201.86,0.0,0.08,20.0,201.78,55.45
2026-06-02 16:00,-38.1,21.7,0.0,91.1,226.46,0.0,6.72,20.0,219.74,60.03
2026-06-02 17:00,-29.6,12.9,0.0,86.3,204.38,0.0,0.1,20.0,204.28,56.09
2026-06-02 18:00,-32.6,26.9,0.0,75.1,198.72,0.0,20.26,20.0,178.46,49.51
2026-06-02 19:00,-27.9,30.7,0.0,75.2,183.4,0.0,37.24,20.0,146.16,41.27
2026-06-02 20:00,-25.5,22.8,0.0,26.3,132.95,0.0,8.8,20.0,124.15,35.66
2026-06-02 21:00,-27.4,14.7,0.0,43.2,159.53,0.0,0.44,20.0,159.09,44.57
2026-06-02 22:00,-33.1,23.1,0.0,40.9,178.73,0.0,9.44,20.0,169.29,47.17
2026-06-02 23:00,-26.9,25.8,0.0,32.2,145.34,0.0,16.56,20.0,128.78,36.84
2026-06-03 00:00,-29.3,26.4,0.0,33.7,158.26,0.0,18.52,20.0,139.74,39.63
2026-06-03 01:00,-38.4,14.1,0.0,34.6,189.01,0.0,0.29,20.0,188.72,52.12
2026-06-03 02:00,-25.5,37.1,0.0,37.1,137.66,0.0,83.56,20.0,54.1,17.8
2026-06-03 03:00,-36.5,58.0,0.0,40.5,187.28,0.0,180.0,20.0,7.28,5.86
2026-06-03 04:00,-34.1,18.5,0.0,35.4,178.62,0.0,2.58,20.0,176.04,48.89
2026-06-03 05:00,-31.4,31.6,0.0,28.3,156.8,0.0,42.31,20.0,114.49,33.19
2026-06-03 06:00,-33.3,15.6,0.0,37.5,172.19,0.0,0.74,20.0,171.45,47.72
2026-06-03 07:00,-38.7,26.7,0.0,36.0,194.56,0.0,19.55,20.0,175.01,48.63
2026-06-03 08:00,-33.0,29.5,0.0,65.6,195.84,0.0,31.13,20.0,164.71,46.0
2026-06-03 09:00,-35.7,18.0,0.0,91.7,221.24,0.0,2.15,20.0,219.09,59.87
2026-06-03 10:00,-29.4,16.6,0.0,75.2,189.04,0.0,1.21,20.0,187.83,51.9
2026-06-03 11:00,-34.5,26.0,0.0,72.1,207.14,0.0,17.2,20.0,189.94,52.43
2026-06-03 12:00,-32.8,25.0,0.0,67.7,197.16,0.0,14.17,20.0,182.99,50.66
2026-06-03 13:00,-28.9,30.5,0.0,66.4,181.21,0.0,36.17,20.0,145.04,40.99
2026-06-03 14:00,-34.1,15.4,0.0,86.9,206.02,0.0,0.66,20.0,205.36,56.37
2026-06-03 15:00,-33.4,22.6,0.0,79.5,201.22,0.0,8.4,20.0,192.82,53.17
2026-06-03 16:00,-29.3,16.1,0.0,77.4,188.23,0.0,0.95,20.0,187.28,51.76
2026-06-03 17:00,-34.8,32.5,0.0,87.3,210.68,0.0,47.82,20.0,162.86,45.53
2026-06-03 18:00,-29.5,16.5,0.0,74.8,190.98,0.0,1.15,20.0,189.83,52.41
2026-06-03 19:00,-34.2,23.3,0.0,80.9,204.32,0.0,9.88,20.0,194.44,53.58
2026-06-03 20:00,-33.7,14.6,0.0,29.4,167.52,0.0,0.41,20.0,167.11,46.61
2026-06-03 21:00,-28.8,15.5,0.0,39.5,159.67,0.0,0.7,20.0,158.97,44.54
2026-06-03 22:00,-32.6,28.1,0.0,36.6,170.04,0.0,24.89,20.0,145.15,41.01
2026-06-03 23:00,-28.7,15.2,0.0,29.0,151.58,0.0,0.59,20.0,150.99,42.5
2026-06-04 00:00,-27.4,17.6,0.0,26.2,150.33,0.0,1.84,20.0,148.49,41.86
2026-06-04 01:00,-33.1,16.7,0.0,35.3,174.68,0.0,1.26,20.0,173.42,48.22
2026-06-04 02:00,-30.4,19.6,0.0,39.9,172.16,0.0,3.71,20.0,168.45,46.95
2026-06-04 03:00,-35.4,22.0,0.0,39.9,189.8,0.0,7.25,20.0,182.55,50.55
2026-06-04 04:00,-40.1,23.5,0.0,33.3,189.87,0.0,10.33,20.0,179.54,49.78
2026-06-04 05:00,-39.9,16.8,0.0,34.4,199.69,0.0,1.32,20.0,198.37,54.58
2026-06-04 06:00,-30.2,21.0,0.0,28.3,159.38,0.0,5.59,20.0,153.79,43.22
2026-06-04 07:00,-28.9,20.0,0.0,38.9,159.02,0.0,4.2,20.0,154.82,43.48
2026-06-04 08:00,-41.0,28.5,0.0,67.5,221.01,0.0,26.58,20.0,194.43,53.58
2026-06-04 09:00,-40.3,16.5,0.0,80.1,228.53,0.0,1.15,20.0,227.38,61.98
2026-06-04 10:00,-26.7,27.0,0.0,86.8,189.52,0.0,20.63,20.0,168.89,47.07
2026-06-04 11:00,-26.7,23.1,0.0,77.6,177.8,0.0,9.44,20.0,168.36,46.93
2026-06-04 12:00,-30.9,18.0,0.0,92.2,207.54,0.0,2.15,20.0,205.39,56.37
2026-06-04 13:00,-33.2,19.1,0.0,83.8,206.85,0.0,3.16,20.0,203.69,55.94
2026-06-04 14:00,-30.1,21.4,0.0,93.0,209.2,0.0,6.22,20.0,202.98,55.76
2026-06-04 15:00,-31.4,26.3,0.0,82.0,206.12,0.0,18.18,20.0,187.94,51.92
2026-06-04 16:00,-37.7,21.8,0.0,67.3,213.74,0.0,6.9,20.0,206.84,56.74
2026-06-04 17:00,-24.7,41.4,0.0,93.9,184.46,0.0,129.97,20.0,54.49,17.89
2026-06-04 18:00,-21.4,18.7,0.0,85.9,176.33,0.0,2.76,20.0,173.57,48.26
2026-06-04 19:00,-30.3,26.0,0.0,74.3,190.25,0.0,17.2,20.0,173.05,48.13
2026-06-04 20:00,-31.1,17.9,0.0,30.0,160.32,0.0,2.07,20.0,158.25,44.35
2026-06-04 21:00,-27.5,20.5,0.0,41.1,155.33,0.0,4.86,20.0,150.47,42.37
2026-06-04 22:00,-29.9,26.9,0.0,38.0,157.95,0.0,20.26,20.0,137.69,39.11
2026-06-04 23:00,-27.4,19.8,0.0,34.9,153.54,0.0,3.95,20.0,149.59,42.15
2026-06-05 00:00,-36.2,19.5,0.0,34.2,183.49,0.0,3.6,20.0,179.89,49.87
2026-06-05 01:00,-37.0,20.8,0.0,37.3,187.91,0.0,5.29,20.0,182.62,50.57
2026-06-05 02:00,-31.4,30.3,0.0,32.3,165.26,0.0,35.12,20.0,130.14,37.19
2026-06-05 03:00,-34.0,31.4,0.0,34.1,166.51,0.0,41.14,20.0,125.37,35.97
2026-06-05 04:00,-34.6,19.5,0.0,42.4,177.33,0.0,3.6,20.0,173.73,48.3
2026-06-05 05:00,-31.3,47.2,0.0,34.9,166.37,0.0,180.0,23.1,0.0,0.0
2026-06-05 06:00,-36.9,20.6,0.0,39.2,184.08,0.0,5.0,20.0,166.54,46.47
2026-06-05 07:00,-28.0,27.5,0.0,32.4,157.82,0.0,22.5,20.0,135.32,38.51
2026-06-05 08:00,-33.9,19.8,0.0,88.9,219.69,0.0,3.95,20.0,215.74,59.01
2026-06-05 09:00,-35.5,20.3,0.0,91.0,211.05,0.0,4.59,20.0,206.46,56.65
2026-06-05 10:00,-30.5,28.1,0.0,82.9,195.95,0.0,24.89,20.0,171.06,47.62
2026-06-05 11:00,-36.1,19.7,0.0,72.2,206.12,0.0,3.83,20.0,202.29,55.58
2026-06-05 12:00,-29.2,23.1,0.0,87.6,196.27,0.0,9.44,20.0,186.83,51.64
2026-06-05 13:00,-26.9,49.5,0.0,72.2,178.01,0.0,180.0,20.5,0.0,0.0
2026-06-05 14:00,-30.7,33.3,0.0,84.5,204.54,0.0,53.11,20.0,149.6,42.15
2026-06-05 15:00,-37.2,20.4,0.0,81.1,217.24,0.0,4.72,20.0,212.52,58.19
2026-06-05 16:00,-26.9,31.7,0.0,73.4,178.08,0.0,42.9,20.0,135.18,38.47
2026-06-05 17:00,-34.4,32.7,0.0,93.1,214.92,0.0,49.11,20.0,165.81,46.28
2026-06-05 18:00,-27.8,22.5,0.0,80.8,193.94,0.0,8.2,20.0,185.74,51.36
2026-06-05 19:00,-26.8,24.4,0.0,90.0,189.89,0.0,12.54,20.0,177.35,49.22
2026-06-05 20:00,-24.9,23.8,0.0,33.8,142.36,0.0,11.03,20.0,131.33,37.49
2026-06-05 21:00,-32.2,44.4,0.0,36.5,170.12,0.0,170.9,20.2,0.0,0.0
2026-06-05 22:00,-24.9,36.9,0.0,35.4,145.34,0.0,81.72,20.0,62.9,20.04
2026-06-05 23:00,-29.3,24.5,0.0,34.3,154.79,0.0,12.8,20.0,141.99,40.21
2026-06-06 00:00,-34.5,35.0,0.0,36.9,170.31,0.0,65.6,20.0,104.71,30.7
2026-06-06 01:00,-35.1,24.6,0.0,41.9,179.13,0.0,13.07,20.0,166.06,46.35
2026-06-06 02:00,-31.0,23.5,0.0,29.4,163.22,0.0,10.33,20.0,152.89,42.99
2026-06-06 03:00,-34.7,36.0,0.0,40.4,174.13,0.0,73.79,20.0,100.34,29.59
2026-06-06 04:00,-32.9,41.1,0.0,31.5,173.34,0.0,126.28,20.0,47.06,16.0
2026-06-06 05:00,-31.8,28.1,0.0,42.1,169.14,0.0,24.89,20.0,144.25,40.78
2026-06-06 06:00,-30.3,22.4,0.0,37.2,158.66,0.0,8.0,20.0,150.66,42.42
2026-06-06 07:00,-37.8,24.1,0.0,35.8,192.45,0.0,11.77,20.0,180.68,50.07
2026-06-06 08:00,-36.5,24.7,0.0,73.4,214.61,0.0,13.34,20.0,201.27,55.32
2026-06-06 09:00,-35.0,22.5,0.0,88.5,219.25,0.0,8.2,20.0,211.05,57.82
2026-06-06 10:00,-37.1,56.2,0.0,83.2,221.68,0.0,180.0,20.0,41.68,14.63
2026-06-06 11:00,-43.4,41.1,0.0,72.3,232.17,0.0,126.28,20.0,105.89,31.0
2026-06-06 12:00,-35.9,34.3,0.0,82.9,214.57,0.0,60.24,20.0,154.33,43.35
2026-06-06 13:00,-37.9,31.5,0.0,88.0,228.33,0.0,41.72,20.0,186.61,51.59
2026-06-06 14:00,-27.4,26.6,0.0,87.7,190.28,0.0,19.2,20.0,171.08,47.63
2026-06-06 15:00,-31.1,51.3,0.0,94.4,207.31,0.0,180.0,20.0,27.31,10.96
2026-06-06 16:00,-32.6,24.0,0.0,91.2,204.83,0.0,11.52,20.0,193.31,53.29
2026-06-06 17:00,-38.1,24.6,0.0,93.4,235.68,0.0,13.07,20.0,222.61,60.77
2026-06-06 18:00,-37.0,27.3,0.0,73.1,213.23,0.0,21.74,20.0,191.49,52.83
2026-06-06 19:00,-26.8,39.5,0.0,78.8,184.51,0.0,107.78,20.0,76.73,23.57
2026-06-06 20:00,-30.7,26.4,0.0,44.7,175.68,0.0,18.52,20.0,157.16,44.08
2026-06-06 21:00,-33.9,60.9,0.0,27.7,163.5,0.0,180.0,23.8,0.0,0.0
2026-06-06 22:00,-30.4,28.2,0.0,27.2,156.69,0.0,25.31,20.0,116.2,33.63
2026-06-06 23:00,-24.8,29.2,0.0,33.6,141.98,0.0,29.71,20.0,112.27,32.63
2026-06-07 00:00,-22.4,40.2,0.0,31.2,139.88,0.0,115.63,20.0,24.25,10.18
2026-06-07 01:00,-30.3,27.7,0.0,30.9,164.22,0.0,23.28,20.0,140.94,39.94
2026-06-07 02:00,-26.7,27.1,0.0,43.4,151.02,0.0,20.99,20.0,130.03,37.16
2026-06-07 03:00,-29.5,25.5,0.0,31.9,157.88,0.0,15.63,20.0,142.25,40.27
2026-06-07 04:00,-37.2,29.6,0.0,41.8,188.73,0.0,31.61,20.0,157.12,44.07
2026-06-07 05:00,-28.1,28.9,0.0,43.9,164.77,0.0,28.34,20.0,136.43,38.79
2026-06-07 06:00,-36.7,30.1,0.0,43.4,195.72,0.0,34.09,20.0,161.63,45.22
2026-06-07 07:00,-27.6,30.1,0.0,29.5,151.96,0.0,34.09,20.0,117.87,34.06
2026-06-07 08:00,-31.6,31.5,0.0,83.7,208.93,0.0,41.72,20.0,167.21,46.64
2026-06-07 09:00,-31.9,49.7,0.0,91.7,207.41,0.0,180.0,20.0,27.41,10.99
2026-06-07 10:00,-37.7,39.4,0.0,82.9,215.07,0.0,106.69,20.0,108.38,31.64
2026-06-07 11:00,-30.7,32.5,0.0,80.4,197.89,0.0,47.82,20.0,150.07,42.27
2026-06-07 12:00,-36.6,41.4,0.0,83.3,208.9,0.0,129.97,20.0,78.93,24.13
2026-06-07 13:00,-38.8,41.0,0.0,70.0,218.99,0.0,125.07,20.0,93.92,27.95
2026-06-07 14:00,-35.7,35.7,0.0,71.5,202.94,0.0,71.26,20.0,131.68,37.58
2026-06-07 15:00,-33.9,28.2,0.0,80.3,208.78,0.0,25.31,20.0,183.47,50.78
2026-06-07 16:00,-30.4,36.1,0.0,83.8,200.08,0.0,74.64,20.0,125.44,35.99
2026-06-07 17:00,-34.3,33.5,0.0,76.6,207.63,0.0,54.48,20.0,153.15,43.05
2026-06-07 18:00,-25.4,28.5,0.0,75.8,166.44,0.0,26.58,20.0,139.86,39.66
2026-06-07 19:00,-31.0,45.3,0.0,79.5,195.67,0.0,180.0,20.0,15.67,8.0
2026-06-07 20:00,-30.8,28.7,0.0,29.0,155.36,0.0,27.45,20.0,127.91,36.62
2026-06-07 21:00,-29.9,41.0,0.0,36.7,159.69,0.0,125.07,20.0,34.62,12.83
2026-06-07 22:00,-34.9,31.4,0.0,41.9,183.91,0.0,41.14,20.0,142.77,40.41
2026-06-07 23:00,-25.2,31.2,0.0,31.8,143.25,0.0,40.0,20.0,103.25,30.33
2026-06-08 00:00,-27.6,30.4,0.0,44.5,163.47,0.0,35.64,20.0,127.83,36.6
2026-06-08 01:00,-25.1,54.4,0.0,33.1,146.83,0.0,180.0,27.6,0.0,0.0
2026-06-08 02:00,-31.7,31.3,0.0,33.7,164.38,0.0,40.57,20.0,93.29,27.79
2026-06-08 03:00,-35.6,34.0,0.0,33.5,177.97,0.0,58.04,20.0,119.93,34.58
2026-06-08 04:00,-29.6,30.5,0.0,29.1,160.92,0.0,36.17,20.0,124.75,35.81
2026-06-08 05:00,-36.6,37.6,0.0,44.9,187.56,0.0,88.27,20.0,99.29,29.32
2026-06-08 06:00,-29.6,33.4,0.0,31.3,163.71,0.0,53.79,20.0,109.92,32.03
2026-06-08 07:00,-41.9,41.1,0.0,27.6,193.67,0.0,126.28,20.0,67.39,21.18
2026-06-08 08:00,-31.8,30.5,0.0,94.3,213.69,0.0,36.17,20.0,177.52,49.27
2026-06-08 09:00,-41.0,36.6,0.0,77.6,228.3,0.0,79.02,20.0,149.28,42.07
2026-06-08 10:00,-35.6,38.5,0.0,67.1,197.78,0.0,97.19,20.0,100.59,29.65
2026-06-08 11:00,-30.8,30.4,0.0,93.9,213.19,0.0,35.64,20.0,177.55,49.28
2026-06-08 12:00,-33.0,42.0,0.0,88.6,209.71,0.0,137.57,20.0,72.14,22.4
2026-06-08 13:00,-32.2,35.4,0.0,66.3,195.0,0.0,68.8,20.0,126.2,36.18
2026-06-08 14:00,-40.1,42.2,0.0,77.1,230.7,0.0,140.16,20.0,90.54,27.09
2026-06-08 15:00,-34.0,31.6,0.0,69.2,200.91,0.0,42.31,20.0,158.6,44.44
2026-06-08 16:00,-30.5,43.2,0.0,83.3,196.67,0.0,153.63,20.0,43.04,14.98
2026-06-08 17:00,-23.1,34.0,0.0,75.9,172.82,0.0,58.04,20.0,114.78,33.27
2026-06-08 18:00,-25.3,32.3,0.0,65.4,165.02,0.0,46.56,20.0,118.46,34.21
2026-06-08 19:00,-27.1,38.5,0.0,88.5,192.63,0.0,97.19,20.0,95.44,28.34
2026-06-08 20:00,-29.6,41.3,0.0,41.5,173.09,0.0,128.74,20.0,44.35,15.31
2026-06-08 21:00,-32.3,33.3,0.0,34.0,163.27,0.0,53.11,20.0,110.16,32.09
2026-06-08 22:00,-31.1,35.2,0.0,42.2,173.37,0.0,67.18,20.0,106.19,31.08
2026-06-08 23:00,-18.5,47.3,0.0,34.8,129.39,0.0,180.0,31.6,0.0,0.0
2026-06-09 00:00,-33.1,33.2,0.0,33.1,170.76,0.0,52.42,20.0,71.78,22.3
2026-06-09 01:00,-29.2,60.0,0.0,42.0,163.92,0.0,180.0,23.7,0.0,0.0
2026-06-09 02:00,-31.7,41.3,0.0,32.9,165.01,0.0,128.74,20.0,21.48,9.48
2026-06-09 03:00,-31.7,40.4,0.0,32.3,163.6,0.0,117.95,20.0,45.65,15.64
2026-06-09 04:00,-29.6,40.2,0.0,33.0,158.48,0.0,115.63,20.0,42.85,14.93
2026-06-09 05:00,-35.2,63.0,0.0,33.7,174.23,0.0,180.0,21.3,0.0,0.0
2026-06-09 06:00,-34.8,49.7,0.0,37.1,164.64,0.0,180.0,24.9,0.0,0.0
2026-06-09 07:00,-38.0,32.8,0.0,43.6,199.54,0.0,49.76,20.0,130.34,37.24
2026-06-09 08:00,-31.0,40.1,0.0,69.0,191.83,0.0,114.49,20.0,77.34,23.72
2026-06-09 09:00,-33.0,36.3,0.0,91.0,212.52,0.0,76.37,20.0,136.15,38.72
2026-06-09 10:00,-35.3,36.4,0.0,66.5,199.17,0.0,77.25,20.0,121.92,35.09
2026-06-09 11:00,-34.5,47.7,0.0,66.9,198.65,0.0,180.0,20.0,18.65,8.76
2026-06-09 12:00,-29.6,41.5,0.0,76.2,196.88,0.0,131.22,20.0,65.66,20.74
2026-06-09 13:00,-29.9,46.7,0.0,69.2,183.01,0.0,180.0,20.0,3.01,4.77
2026-06-09 14:00,-38.6,35.0,0.0,87.0,227.42,0.0,65.6,20.0,161.82,45.26
2026-06-09 15:00,-37.3,36.6,0.0,94.0,229.65,0.0,79.02,20.0,150.63,42.41
2026-06-09 16:00,-21.9,37.5,0.0,67.3,156.7,0.0,87.31,20.0,69.39,21.69
2026-06-09 17:00,-24.0,36.6,0.0,90.4,176.99,0.0,79.02,20.0,97.97,28.98
2026-06-09 18:00,-31.4,35.0,0.0,77.1,193.26,0.0,65.6,20.0,127.66,36.55
2026-06-09 19:00,-31.8,40.4,0.0,73.2,185.8,0.0,117.95,20.0,67.85,21.3
2026-06-09 20:00,-24.5,37.2,0.0,41.6,161.52,0.0,84.48,20.0,77.04,23.65
2026-06-09 21:00,-37.5,57.9,0.0,41.9,192.58,0.0,180.0,20.0,12.58,7.21
2026-06-09 22:00,-35.6,43.2,0.0,44.6,183.14,0.0,153.63,20.0,29.51,11.53
2026-06-09 23:00,-26.7,37.8,0.0,33.1,150.44,0.0,90.2,20.0,60.24,19.36
2026-06-10 00:00,-29.9,66.6,0.0,40.5,166.4,0.0,180.0,23.1,0.0,0.0
2026-06-10 01:00,-25.3,53.2,0.0,36.0,136.99,0.0,180.0,33.0,0.0,0.0
2026-06-10 02:00,-33.7,40.7,0.0,26.9,160.63,0.0,121.47,22.4,0.0,0.0
2026-06-10 03:00,-34.6,39.2,0.0,41.1,181.76,0.0,104.52,20.0,67.72,21.27
2026-06-10 04:00,-28.4,38.5,0.0,44.2,162.57,0.0,97.19,20.0,65.38,20.67
2026-06-10 05:00,-32.3,37.3,0.0,44.7,178.04,0.0,85.42,20.0,92.62,27.62
2026-06-10 06:00,-31.6,41.0,0.0,34.4,165.93,0.0,125.07,20.0,40.86,14.42
2026-06-10 07:00,-42.3,41.6,0.0,34.1,197.51,0.0,132.47,20.0,65.04,20.59
2026-06-10 08:00,-32.8,42.9,0.0,87.9,208.58,0.0,149.51,20.0,59.07,19.06
2026-06-10 09:00,-33.9,68.1,0.0,74.4,204.86,0.0,180.0,20.0,24.86,10.34
2026-06-10 10:00,-35.7,40.9,0.0,91.9,217.21,0.0,123.86,20.0,93.35,27.8
2026-06-10 11:00,-40.8,46.7,0.0,80.2,231.74,0.0,180.0,20.0,51.74,17.19
2026-06-10 12:00,-32.2,55.4,0.0,90.3,205.04,0.0,180.0,20.0,25.04,10.39
2026-06-10 13:00,-39.8,36.8,0.0,79.1,230.74,0.0,80.81,20.0,149.93,42.23
2026-06-10 14:00,-34.9,38.3,0.0,92.9,225.55,0.0,95.15,20.0,130.4,37.25
2026-06-10 15:00,-29.5,37.5,0.0,69.3,189.76,0.0,87.31,20.0,102.45,30.12
2026-06-10 16:00,-29.8,37.4,0.0,90.3,198.74,0.0,86.36,20.0,112.38,32.66
2026-06-10 17:00,-23.1,58.6,0.0,91.8,180.21,0.0,180.0,20.0,0.21,4.05
2026-06-10 18:00,-26.6,37.7,0.0,80.1,188.53,0.0,89.23,20.0,99.3,29.32
2026-06-10 19:00,-32.3,53.1,0.0,66.6,195.02,0.0,180.0,20.0,15.02,7.83
2026-06-10 20:00,-27.4,39.8,0.0,39.4,161.43,0.0,111.1,20.0,50.33,16.83
2026-06-10 21:00,-23.8,44.2,0.0,35.5,137.68,0.0,167.94,27.0,0.0,0.0
2026-06-10 22:00,-28.6,38.5,0.0,43.2,155.8,0.0,97.19,20.0,30.77,11.85
2026-06-10 23:00,-31.5,50.5,0.0,34.0,174.0,0.0,180.0,21.4,0.0,0.0
2026-06-11 00:00,-34.6,46.5,0.0,34.6,174.25,0.0,180.0,22.7,0.0,0.0
2026-06-11 01:00,-32.6,39.1,0.0,43.5,168.4,0.0,103.45,20.0,54.14,17.81
2026-06-11 02:00,-22.5,40.2,0.0,44.3,145.13,0.0,115.63,20.0,29.5,11.52
2026-06-11 03:00,-30.0,77.6,0.0,42.6,160.52,0.0,180.0,24.5,0.0,0.0
2026-06-11 04:00,-32.2,47.1,0.0,29.2,164.02,0.0,180.0,28.2,0.0,0.0
2026-06-11 05:00,-40.6,40.9,0.0,40.2,195.18,0.0,123.86,20.0,38.7,13.87
2026-06-11 06:00,-36.1,54.4,0.0,30.9,178.06,0.0,180.0,20.4,0.0,0.0
2026-06-11 07:00,-33.7,39.7,0.0,30.2,163.46,0.0,109.99,20.0,51.69,17.18
2026-06-11 08:00,-36.4,65.7,0.0,92.6,225.38,0.0,180.0,20.0,45.38,15.57
2026-06-11 09:00,-33.2,42.9,0.0,91.5,204.39,0.0,149.51,20.0,54.88,17.99
2026-06-11 10:00,-38.6,42.7,0.0,77.9,224.75,0.0,146.8,20.0,77.95,23.88
2026-06-11 11:00,-25.3,44.6,0.0,67.1,170.87,0.0,173.9,20.7,0.0,0.0
2026-06-11 12:00,-34.0,41.2,0.0,93.0,217.69,0.0,127.51,20.0,87.39,26.28
2026-06-11 13:00,-31.2,40.5,0.0,74.4,194.01,0.0,119.12,20.0,74.89,23.1
2026-06-11 14:00,-26.7,43.8,0.0,91.5,195.65,0.0,162.11,20.0,33.54,12.55
2026-06-11 15:00,-30.5,42.4,0.0,90.0,203.39,0.0,142.79,20.0,60.6,19.45
2026-06-11 16:00,-34.7,58.4,0.0,72.4,206.43,0.0,180.0,20.0,26.43,10.74
2026-06-11 17:00,-27.4,39.3,0.0,71.7,178.14,0.0,105.6,20.0,72.54,22.5
2026-06-11 18:00,-24.7,39.8,0.0,81.4,179.15,0.0,111.1,20.0,68.05,21.35
2026-06-11 19:00,-26.7,60.5,0.0,88.5,192.53,0.0,180.0,20.0,12.53,7.2
2026-06-11 20:00,-32.8,39.6,0.0,39.2,181.05,0.0,108.88,20.0,72.17,22.4
2026-06-11 21:00,-29.6,46.3,0.0,38.8,161.35,0.0,180.0,24.3,0.0,0.0
2026-06-11 22:00,-28.0,40.8,0.0,43.8,168.32,0.0,122.66,20.0,28.5,11.27
2026-06-11 23:00,-34.4,41.9,0.0,43.4,184.73,0.0,136.28,20.0,48.45,16.35
2026-06-12 00:00,-31.7,39.2,0.0,26.0,163.63,0.0,104.52,20.0,59.11,19.07
2026-06-12 01:00,-28.0,46.0,0.0,37.7,151.19,0.0,180.0,26.6,0.0,0.0
2026-06-12 02:00,-33.1,40.3,0.0,26.5,161.63,0.0,116.79,20.0,18.33,8.67
2026-06-12 03:00,-28.2,50.2,0.0,41.3,162.2,0.0,180.0,24.1,0.0,0.0
2026-06-12 04:00,-28.4,41.6,0.0,44.9,166.98,0.0,132.47,20.0,18.13,8.62
2026-06-12 05:00,-35.9,41.9,0.0,44.5,184.89,0.0,136.28,20.0,48.61,16.4
2026-06-12 06:00,-32.7,67.4,0.0,38.9,181.97,0.0,180.0,20.0,1.97,4.5
2026-06-12 07:00,-35.0,42.5,0.0,42.1,184.03,0.0,144.12,20.0,39.91,14.18
2026-06-12 08:00,-31.3,42.6,0.0,86.5,204.09,0.0,145.45,20.0,58.64,18.95
2026-06-12 09:00,-25.2,44.9,0.0,94.0,188.89,0.0,178.46,20.0,10.43,6.66
2026-06-12 10:00,-38.5,58.6,0.0,73.8,220.88,0.0,180.0,20.0,40.88,14.42
2026-06-12 11:00,-37.0,57.8,0.0,73.6,211.56,0.0,180.0,20.0,31.56,12.05
2026-06-12 12:00,-32.0,52.6,0.0,69.2,192.59,0.0,180.0,20.0,12.59,7.21
2026-06-12 13:00,-31.9,40.2,0.0,89.8,208.95,0.0,115.63,20.0,93.32,27.8
2026-06-12 14:00,-24.1,45.0,0.0,85.9,182.75,0.0,180.0,20.0,2.75,4.7
2026-06-12 15:00,-31.5,40.9,0.0,89.7,205.05,0.0,123.86,20.0,81.19,24.7
2026-06-12 16:00,-32.6,44.1,0.0,88.2,201.87,0.0,166.47,20.0,35.4,13.03
2026-06-12 17:00,-24.3,40.2,0.0,70.7,169.4,0.0,115.63,20.0,53.77,17.71
2026-06-12 18:00,-27.3,40.3,0.0,66.3,176.38,0.0,116.79,20.0,59.59,19.2
2026-06-12 19:00,-27.9,43.8,0.0,89.8,191.59,0.0,162.11,20.0,29.48,11.52
2026-06-12 20:00,-25.8,49.0,0.0,27.5,136.34,0.0,180.0,30.0,0.0,0.0
2026-06-12 21:00,-30.2,49.7,0.0,35.5,164.09,0.0,180.0,33.7,0.0,0.0
2026-06-12 22:00,-27.7,53.4,0.0,32.9,150.58,0.0,180.0,40.5,0.0,0.0
2026-06-12 23:00,-36.3,49.2,0.0,31.2,180.8,0.0,180.0,40.3,0.0,0.0
2026-06-13 00:00,-32.5,40.0,0.0,30.4,167.9,0.0,113.35,25.4,0.0,0.0
2026-06-13 01:00,-31.2,41.7,0.0,40.3,163.52,0.0,133.74,20.0,8.07,6.06
2026-06-13 02:00,-28.8,46.8,0.0,44.7,160.68,0.0,180.0,24.4,0.0,0.0
2026-06-13 03:00,-35.1,51.1,0.0,44.1,189.91,0.0,180.0,21.8,0.0,0.0
2026-06-13 04:00,-33.1,41.9,0.0,36.2,170.38,0.0,136.28,20.0,27.1,10.91
2026-06-13 05:00,-24.0,46.3,0.0,44.2,144.61,0.0,180.0,28.1,0.0,0.0
2026-06-13 06:00,-29.4,43.0,0.0,33.8,159.14,0.0,150.87,25.9,0.0,0.0
2026-06-13 07:00,-41.5,43.8,0.0,37.0,198.6,0.0,162.11,20.0,12.92,7.29
2026-06-13 08:00,-27.1,43.4,0.0,74.5,185.94,0.0,156.43,20.0,29.51,11.53
2026-06-13 09:00,-38.4,42.3,0.0,66.3,212.8,0.0,141.47,20.0,71.33,22.19
2026-06-13 10:00,-34.4,40.1,0.0,72.4,203.01,0.0,114.49,20.0,88.52,26.57
2026-06-13 11:00,-35.8,44.6,0.0,92.4,223.57,0.0,173.9,20.0,49.67,16.67
2026-06-13 12:00,-35.9,60.7,0.0,74.9,214.02,0.0,180.0,20.0,34.02,12.68
2026-06-13 13:00,-33.0,48.8,0.0,85.1,212.77,0.0,180.0,20.0,32.77,12.36
2026-06-13 14:00,-34.2,45.1,0.0,92.3,215.42,0.0,180.0,20.0,35.42,13.03
2026-06-13 15:00,-31.5,48.1,0.0,85.6,201.22,0.0,180.0,20.0,21.22,9.41
2026-06-13 16:00,-31.2,47.0,0.0,67.0,186.51,0.0,180.0,20.0,6.51,5.66
2026-06-13 17:00,-28.7,45.9,0.0,69.9,179.82,0.0,180.0,20.0,0.0,0.0
2026-06-13 18:00,-26.4,40.1,0.0,84.3,187.0,0.0,114.49,20.0,72.34,22.45
2026-06-13 19:00,-30.6,53.0,0.0,73.5,187.52,0.0,180.0,20.0,7.52,5.92
2026-06-13 20:00,-34.5,42.1,0.0,35.3,182.97,0.0,138.86,20.0,44.11,15.25
2026-06-13 21:00,-27.6,55.0,0.0,31.8,152.97,0.0,180.0,26.2,0.0,0.0
2026-06-13 22:00,-32.3,50.7,0.0,44.0,177.89,0.0,180.0,26.7,0.0,0.0
2026-06-13 23:00,-30.4,48.3,0.0,39.0,164.4,0.0,180.0,30.3,0.0,0.0
2026-06-14 00:00,-35.2,40.1,0.0,40.7,183.69,0.0,114.49,20.0,28.04,11.15
2026-06-14 01:00,-23.8,49.2,0.0,32.9,145.31,0.0,180.0,28.0,0.0,0.0
2026-06-14 02:00,-28.3,61.0,0.0,38.7,154.39,0.0,180.0,33.9,0.0,0.0
2026-06-14 03:00,-37.0,46.0,0.0,36.3,187.45,0.0,180.0,31.8,0.0,0.0
2026-06-14 04:00,-32.6,41.0,0.0,37.4,170.24,0.0,125.07,20.0,0.0,0.0
2026-06-14 05:00,-35.7,41.8,0.0,42.3,177.12,0.0,135.0,20.0,42.12,14.74
2026-06-14 06:00,-31.7,46.7,0.0,27.5,161.54,0.0,180.0,24.2,0.0,0.0
2026-06-14 07:00,-37.3,42.7,0.0,28.1,186.06,0.0,146.8,20.0,22.28,9.68
2026-06-14 08:00,-38.6,41.2,0.0,80.2,218.27,0.0,127.51,20.0,90.76,27.14
2026-06-14 09:00,-35.2,43.3,0.0,79.2,212.76,0.0,155.02,20.0,57.74,18.72
2026-06-14 10:00,-28.8,41.4,0.0,91.2,200.63,0.0,129.97,20.0,70.66,22.02
2026-06-14 11:00,-30.5,40.4,0.0,65.6,189.55,0.0,117.95,20.0,71.6,22.26
2026-06-14 12:00,-29.1,46.7,0.0,71.4,186.74,0.0,180.0,20.0,6.74,5.72
2026-06-14 13:00,-31.6,49.9,0.0,70.2,190.58,0.0,180.0,20.0,10.58,6.7
2026-06-14 14:00,-32.3,46.6,0.0,86.2,205.45,0.0,180.0,20.0,25.45,10.49
2026-06-14 15:00,-29.6,40.5,0.0,85.5,202.72,0.0,119.12,20.0,83.6,25.32
2026-06-14 16:00,-32.3,50.6,0.0,90.5,213.16,0.0,180.0,20.0,33.16,12.46
2026-06-14 17:00,-34.8,64.1,0.0,78.5,212.49,0.0,180.0,20.0,32.49,12.28
2026-06-14 18:00,-33.2,40.3,0.0,87.2,218.5,0.0,116.79,20.0,101.71,29.94
2026-06-14 19:00,-27.0,41.2,0.0,85.7,193.11,0.0,127.51,20.0,65.6,20.73
2026-06-14 20:00,-24.9,43.3,0.0,25.2,136.2,0.0,155.02,24.3,0.0,0.0
2026-06-14 21:00,-29.6,63.1,0.0,43.8,157.73,0.0,180.0,29.5,0.0,0.0
2026-06-14 22:00,-31.7,40.7,0.0,40.8,169.16,0.0,121.47,20.0,9.89,6.52
2026-06-14 23:00,-36.7,40.0,0.0,32.2,181.57,0.0,113.35,20.0,68.22,21.4
2026-06-15 00:00,-30.4,70.2,0.0,27.5,149.79,0.0,180.0,26.9,0.0,0.0
2026-06-15 01:00,-28.9,55.9,0.0,32.9,155.42,0.0,180.0,32.6,0.0,0.0
2026-06-15 02:00,-34.1,49.1,0.0,44.5,182.53,0.0,180.0,31.9,0.0,0.0
2026-06-15 03:00,-33.2,40.7,0.0,37.7,186.38,0.0,121.47,20.0,17.25,8.4
2026-06-15 04:00,-26.2,39.2,0.0,36.0,154.01,0.0,104.52,20.0,49.49,16.62
2026-06-15 05:00,-39.1,40.8,0.0,30.5,188.72,0.0,122.66,20.0,66.06,20.85
2026-06-15 06:00,-31.1,53.8,0.0,30.9,167.87,0.0,180.0,22.8,0.0,0.0
2026-06-15 07:00,-33.6,42.8,0.0,26.9,168.13,0.0,148.15,20.0,8.82,6.25
2026-06-15 08:00,-38.9,40.4,0.0,89.2,225.49,0.0,117.95,20.0,107.54,31.42
2026-06-15 09:00,-38.1,43.0,0.0,78.0,214.58,0.0,150.87,20.0,63.71,20.25
2026-06-15 10:00,-33.7,52.1,0.0,89.6,203.53,0.0,180.0,20.0,23.53,10.0
2026-06-15 11:00,-34.2,51.4,0.0,68.6,200.19,0.0,180.0,20.0,20.19,9.15
2026-06-15 12:00,-32.4,55.1,0.0,94.7,218.91,0.0,180.0,20.0,38.91,13.92
2026-06-15 13:00,-26.5,49.7,0.0,72.0,183.81,0.0,180.0,20.0,3.81,4.97
2026-06-15 14:00,-30.0,41.8,0.0,69.1,184.23,0.0,135.0,20.0,49.23,16.55
2026-06-15 15:00,-35.6,65.2,0.0,85.9,211.79,0.0,180.0,20.0,31.79,12.11
2026-06-15 16:00,-28.8,56.9,0.0,80.4,191.59,0.0,180.0,20.0,11.59,6.96
2026-06-15 17:00,-31.0,40.3,0.0,72.0,195.52,0.0,116.79,20.0,78.73,24.08
2026-06-15 18:00,-29.8,46.7,0.0,85.6,207.05,0.0,180.0,20.0,27.05,10.9
2026-06-15 19:00,-35.1,46.0,0.0,81.6,213.1,0.0,180.0,20.0,33.1,12.44
2026-06-15 20:00,-36.2,46.1,0.0,41.6,188.96,0.0,180.0,20.0,8.96,6.28
2026-06-15 21:00,-35.0,47.0,0.0,43.8,184.86,0.0,180.0,20.0,4.86,5.24
2026-06-15 22:00,-32.6,39.1,0.0,39.7,169.86,0.0,103.45,20.0,66.41,20.93
2026-06-15 23:00,-32.8,54.3,0.0,36.2,170.55,0.0,180.0,22.2,0.0,0.0
2026-06-16 00:00,-35.5,40.4,0.0,34.1,173.0,0.0,117.95,20.0,46.36,15.82
2026-06-16 01:00,-29.0,49.4,0.0,38.5,152.7,0.0,180.0,26.3,0.0,0.0
2026-06-16 02:00,-31.0,52.1,0.0,26.4,150.57,0.0,180.0,33.0,0.0,0.0
2026-06-16 03:00,-32.2,45.5,0.0,29.2,160.75,0.0,180.0,37.5,0.0,0.0
2026-06-16 04:00,-30.2,57.8,0.0,28.4,162.08,0.0,180.0,41.6,0.0,0.0
2026-06-16 05:00,-34.9,43.9,0.0,36.0,178.37,0.0,163.56,37.6,0.0,0.0
2026-06-16 06:00,-29.8,37.2,0.0,35.4,159.51,0.0,84.48,20.0,4.74,5.21
2026-06-16 07:00,-31.6,37.4,0.0,41.6,168.04,0.0,86.36,20.0,81.68,24.83
2026-06-16 08:00,-33.2,38.3,0.0,83.9,209.47,0.0,95.15,20.0,114.32,33.15
2026-06-16 09:00,-33.4,47.3,0.0,67.8,203.81,0.0,180.0,20.0,23.81,10.07
2026-06-16 10:00,-41.5,65.5,0.0,90.7,240.84,0.0,180.0,20.0,60.84,19.51
2026-06-16 11:00,-32.9,40.1,0.0,92.0,213.75,0.0,114.49,20.0,99.26,29.31
2026-06-16 12:00,-28.5,47.2,0.0,65.6,175.87,0.0,180.0,20.9,0.0,0.0
2026-06-16 13:00,-26.9,38.3,0.0,79.6,185.63,0.0,95.15,20.0,86.68,26.1
2026-06-16 14:00,-36.4,48.4,0.0,74.0,212.38,0.0,180.0,20.0,32.38,12.26
2026-06-16 15:00,-30.2,40.5,0.0,92.6,199.39,0.0,119.12,20.0,80.27,24.47
2026-06-16 16:00,-30.9,39.7,0.0,74.8,198.16,0.0,109.99,20.0,88.17,26.48
2026-06-16 17:00,-28.9,49.2,0.0,74.3,180.41,0.0,180.0,20.0,0.41,4.1
2026-06-16 18:00,-30.3,36.5,0.0,86.0,194.96,0.0,78.13,20.0,116.83,33.79
2026-06-16 19:00,-32.4,38.7,0.0,92.1,225.98,0.0,99.25,20.0,126.73,36.32
2026-06-16 20:00,-25.9,46.2,0.0,27.1,141.04,0.0,180.0,29.0,0.0,0.0
2026-06-16 21:00,-27.6,35.9,0.0,27.7,151.8,0.0,72.94,20.0,43.02,14.97
2026-06-16 22:00,-24.1,46.5,0.0,39.4,150.42,0.0,180.0,26.8,0.0,0.0
2026-06-16 23:00,-25.5,42.3,0.0,30.2,146.09,0.0,141.47,25.5,0.0,0.0
2026-06-17 00:00,-25.2,39.8,0.0,25.5,135.55,0.0,111.1,20.0,2.26,4.58
2026-06-17 01:00,-30.6,62.0,0.0,36.0,161.7,0.0,180.0,24.2,0.0,0.0
2026-06-17 02:00,-40.0,37.5,0.0,25.4,186.35,0.0,87.31,20.0,82.2,24.96
2026-06-17 03:00,-34.2,36.8,0.0,26.7,161.64,0.0,80.81,20.0,80.83,24.61
2026-06-17 04:00,-31.0,57.0,0.0,37.4,167.5,0.0,180.0,22.9,0.0,0.0
2026-06-17 05:00,-32.5,46.9,0.0,39.5,169.67,0.0,180.0,25.3,0.0,0.0
2026-06-17 06:00,-38.5,55.4,0.0,28.6,187.17,0.0,180.0,23.3,0.0,0.0
2026-06-17 07:00,-35.5,35.7,0.0,41.5,186.18,0.0,71.26,20.0,101.71,29.94
2026-06-17 08:00,-32.3,43.8,0.0,85.0,204.78,0.0,162.11,20.0,42.67,14.88
2026-06-17 09:00,-36.6,48.5,0.0,70.1,208.03,0.0,180.0,20.0,28.03,11.15
2026-06-17 10:00,-28.9,39.5,0.0,71.0,178.06,0.0,107.78,20.0,70.28,21.92
2026-06-17 11:00,-33.0,34.8,0.0,83.1,203.16,0.0,64.04,20.0,139.12,39.48
2026-06-17 12:00,-35.0,35.4,0.0,70.3,208.8,0.0,68.8,20.0,140.0,39.7
2026-06-17 13:00,-32.1,34.2,0.0,78.9,205.26,0.0,59.5,20.0,145.76,41.17
2026-06-17 14:00,-29.7,39.1,0.0,90.8,205.39,0.0,103.45,20.0,101.94,29.99
2026-06-17 15:00,-29.5,47.2,0.0,81.3,197.54,0.0,180.0,20.0,17.54,8.47
2026-06-17 16:00,-28.1,37.0,0.0,82.1,198.03,0.0,82.63,20.0,115.4,33.43
2026-06-17 17:00,-31.8,36.0,0.0,68.7,185.81,0.0,73.79,20.0,112.02,32.57
2026-06-17 18:00,-26.4,37.1,0.0,87.4,187.27,0.0,83.56,20.0,103.71,30.45
2026-06-17 19:00,-30.7,34.1,0.0,69.2,184.18,0.0,58.77,20.0,125.41,35.98
2026-06-17 20:00,-23.7,34.9,0.0,34.5,147.03,0.0,64.81,20.0,82.22,24.97
2026-06-17 21:00,-30.4,33.0,0.0,38.0,165.71,0.0,51.08,20.0,114.63,33.23
2026-06-17 22:00,-32.4,37.2,0.0,36.5,179.46,0.0,84.48,20.0,94.98,28.22
2026-06-17 23:00,-34.8,39.2,0.0,27.7,172.97,0.0,104.52,20.0,68.45,21.45
2026-06-18 00:00,-30.7,40.8,0.0,36.7,164.61,0.0,122.66,20.0,41.95,14.7
2026-06-18 01:00,-29.8,32.8,0.0,37.2,157.41,0.0,49.76,20.0,107.65,31.45
2026-06-18 02:00,-24.0,50.3,0.0,42.0,150.07,0.0,180.0,26.9,0.0,0.0
2026-06-18 03:00,-31.0,32.7,0.0,26.0,160.3,0.0,49.11,20.0,83.65,25.33
2026-06-18 04:00,-33.4,45.4,0.0,31.3,174.36,0.0,180.0,21.3,0.0,0.0
2026-06-18 05:00,-27.4,51.6,0.0,26.8,143.52,0.0,180.0,29.7,0.0,0.0
2026-06-18 06:00,-32.8,34.7,0.0,32.1,169.7,0.0,63.26,20.0,67.69,21.26
2026-06-18 07:00,-38.1,33.3,0.0,41.9,192.14,0.0,53.11,20.0,139.03,39.45
2026-06-18 08:00,-26.8,33.1,0.0,89.9,196.29,0.0,51.75,20.0,144.54,40.86
2026-06-18 09:00,-34.1,50.8,0.0,90.3,220.25,0.0,180.0,20.0,40.25,14.26
2026-06-18 10:00,-30.5,32.0,0.0,73.1,195.06,0.0,44.7,20.0,150.36,42.34
2026-06-18 11:00,-39.5,36.5,0.0,71.6,221.21,0.0,78.13,20.0,143.08,40.49
2026-06-18 12:00,-34.9,39.7,0.0,84.4,214.87,0.0,109.99,20.0,104.88,30.74
2026-06-18 13:00,-29.8,31.4,0.0,79.7,191.08,0.0,41.14,20.0,149.94,42.23
2026-06-18 14:00,-34.6,33.9,0.0,69.8,204.0,0.0,57.31,20.0,146.69,41.41
2026-06-18 15:00,-35.6,34.0,0.0,79.3,215.03,0.0,58.04,20.0,156.99,44.03
2026-06-18 16:00,-24.2,36.8,0.0,75.5,177.12,0.0,80.81,20.0,96.31,28.56
2026-06-18 17:00,-24.1,30.7,0.0,86.2,180.02,0.0,37.24,20.0,142.78,40.41
2026-06-18 18:00,-27.8,30.1,0.0,70.4,184.89,0.0,34.09,20.0,150.8,42.45
2026-06-18 19:00,-34.3,56.2,0.0,84.5,209.31,0.0,180.0,20.0,29.31,11.47
2026-06-18 20:00,-27.9,40.5,0.0,30.7,150.53,0.0,119.12,20.0,31.41,12.01
2026-06-18 21:00,-34.5,57.9,0.0,35.3,173.91,0.0,180.0,21.4,0.0,0.0
2026-06-18 22:00,-31.0,45.2,0.0,26.1,160.79,0.0,180.0,25.8,0.0,0.0
2026-06-18 23:00,-25.2,40.5,0.0,43.0,149.4,0.0,119.12,20.0,7.0,5.78
2026-06-19 00:00,-32.1,45.2,0.0,40.6,164.55,0.0,180.0,23.6,0.0,0.0
2026-06-19 01:00,-27.0,29.4,0.0,40.6,154.51,0.0,30.65,20.0,109.65,31.96
2026-06-19 02:00,-34.7,34.3,0.0,34.0,171.88,0.0,60.24,20.0,111.64,32.47
2026-06-19 03:00,-21.6,31.9,0.0,28.5,134.58,0.0,44.1,20.0,90.48,27.07
2026-06-19 04:00,-35.3,34.2,0.0,37.9,185.98,0.0,59.5,20.0,126.48,36.25
2026-06-19 05:00,-32.7,28.8,0.0,41.8,177.07,0.0,27.9,20.0,149.17,42.04
2026-06-19 06:00,-34.2,56.2,0.0,35.9,176.49,0.0,180.0,20.8,0.0,0.0
2026-06-19 07:00,-42.4,36.7,0.0,29.6,194.96,0.0,79.91,20.0,111.82,32.51
2026-06-19 08:00,-37.6,34.4,0.0,73.8,208.41,0.0,60.99,20.0,147.42,41.59
2026-06-19 09:00,-38.1,30.3,0.0,66.4,210.17,0.0,35.12,20.0,175.05,48.64
2026-06-19 10:00,-27.8,29.4,0.0,76.0,186.46,0.0,30.65,20.0,155.81,43.73
2026-06-19 11:00,-32.0,31.5,0.0,80.8,201.48,0.0,41.72,20.0,159.76,44.74
2026-06-19 12:00,-28.7,58.0,0.0,94.9,195.16,0.0,180.0,20.0,15.16,7.87
2026-06-19 13:00,-34.6,32.7,0.0,75.7,212.05,0.0,49.11,20.0,162.94,45.55
2026-06-19 14:00,-33.1,33.0,0.0,94.5,215.68,0.0,51.08,20.0,164.6,45.97
2026-06-19 15:00,-36.7,27.1,0.0,75.6,213.53,0.0,20.99,20.0,192.54,53.1
2026-06-19 16:00,-22.4,33.0,0.0,86.2,180.68,0.0,51.08,20.0,129.6,37.05
2026-06-19 17:00,-23.1,27.7,0.0,73.0,164.25,0.0,23.28,20.0,140.97,39.95
2026-06-19 18:00,-31.8,47.4,0.0,86.1,205.5,0.0,180.0,20.0,25.5,10.5
2026-06-19 19:00,-22.6,30.9,0.0,79.0,164.47,0.0,38.33,20.0,126.14,36.17
2026-06-19 20:00,-32.9,28.2,0.0,25.2,161.4,0.0,25.31,20.0,136.09,38.7
2026-06-19 21:00,-32.4,26.3,0.0,37.2,166.02,0.0,18.18,20.0,147.84,41.7
2026-06-19 22:00,-33.4,33.1,0.0,45.0,180.23,0.0,51.75,20.0,128.48,36.76
2026-06-19 23:00,-32.5,26.3,0.0,30.9,170.8,0.0,18.18,20.0,152.62,42.92
2026-06-20 00:00,-29.7,34.3,0.0,40.0,156.02,0.0,60.24,20.0,95.78,28.42
2026-06-20 01:00,-34.5,28.4,0.0,32.3,169.1,0.0,26.15,20.0,142.95,40.45
2026-06-20 02:00,-38.8,30.7,0.0,33.3,182.37,0.0,37.24,20.0,145.13,41.01
2026-06-20 03:00,-33.2,28.0,0.0,40.5,180.74,0.0,24.48,20.0,156.26,43.85
2026-06-20 04:00,-34.2,33.8,0.0,26.2,172.5,0.0,56.6,20.0,115.9,33.55
2026-06-20 05:00,-36.2,25.1,0.0,37.3,182.97,0.0,14.45,20.0,168.52,46.97
2026-06-20 06:00,-29.9,42.8,0.0,27.8,152.07,0.0,148.15,20.0,3.92,5.0
2026-06-20 07:00,-34.0,25.5,0.0,38.0,183.43,0.0,15.63,20.0,167.8,46.79
2026-06-20 08:00,-33.1,45.3,0.0,80.6,215.1,0.0,180.0,20.0,35.1,12.95
2026-06-20 09:00,-34.4,25.2,0.0,79.1,209.51,0.0,14.74,20.0,194.77,53.67
2026-06-20 10:00,-32.7,33.6,0.0,79.1,198.07,0.0,55.18,20.0,142.89,40.44
2026-06-20 11:00,-34.1,24.6,0.0,85.5,208.55,0.0,13.07,20.0,195.48,53.85
2026-06-20 12:00,-32.8,30.5,0.0,92.7,208.78,0.0,36.17,20.0,172.61,48.02
2026-06-20 13:00,-36.7,28.2,0.0,84.6,221.33,0.0,25.31,20.0,196.02,53.99
2026-06-20 14:00,-29.0,25.1,0.0,93.5,203.6,0.0,14.45,20.0,189.15,52.23
2026-06-20 15:00,-29.7,34.0,0.0,67.2,188.04,0.0,58.04,20.0,130.0,37.15
2026-06-20 16:00,-30.4,25.2,0.0,90.8,200.96,0.0,14.74,20.0,186.22,51.49
2026-06-20 17:00,-22.9,31.5,0.0,74.6,166.2,0.0,41.72,20.0,124.48,35.74
2026-06-20 18:00,-32.8,35.7,0.0,82.6,201.06,0.0,71.26,20.0,129.8,37.1
2026-06-20 19:00,-26.6,23.2,0.0,86.0,186.33,0.0,9.66,20.0,176.67,49.05
2026-06-20 20:00,-22.9,43.6,0.0,40.0,140.53,0.0,159.25,24.3,0.0,0.0
2026-06-20 21:00,-34.2,35.6,0.0,34.2,173.32,0.0,70.43,20.0,85.67,25.85
2026-06-20 22:00,-29.1,25.1,0.0,26.0,150.11,0.0,14.45,20.0,135.66,38.59
2026-06-20 23:00,-30.4,24.8,0.0,39.3,169.46,0.0,13.61,20.0,155.85,43.74
2026-06-21 00:00,-26.5,23.9,0.0,34.8,152.91,0.0,11.27,20.0,141.64,40.12
2026-06-21 01:00,-30.5,36.9,0.0,27.2,155.58,0.0,81.72,20.0,73.86,22.83
2026-06-21 02:00,-29.8,25.1,0.0,38.8,166.05,0.0,14.45,20.0,151.6,42.66
2026-06-21 03:00,-24.1,30.3,0.0,36.2,146.85,0.0,35.12,20.0,111.73,32.49
2026-06-21 04:00,-32.0,40.5,0.0,36.6,172.98,0.0,119.12,20.0,53.86,17.73
2026-06-21 05:00,-29.1,55.2,0.0,26.5,156.23,0.0,180.0,25.5,0.0,0.0
2026-06-21 06:00,-40.2,29.1,0.0,41.1,196.81,0.0,29.25,20.0,145.69,41.15
2026-06-21 07:00,-34.6,33.4,0.0,43.3,184.23,0.0,53.79,20.0,130.44,37.26
2026-06-21 08:00,-38.9,28.4,0.0,94.1,237.2,0.0,26.15,20.0,211.05,57.82
2026-06-21 09:00,-35.1,23.0,0.0,93.6,222.44,0.0,9.22,20.0,213.22,58.37
2026-06-21 10:00,-35.3,24.9,0.0,82.7,212.69,0.0,13.89,20.0,198.8,54.69
2026-06-21 11:00,-40.0,40.7,0.0,92.5,239.5,0.0,121.47,20.0,118.03,34.1
2026-06-21 12:00,-38.1,30.0,0.0,84.9,216.58,0.0,33.59,20.0,182.99,50.66
2026-06-21 13:00,-37.9,23.6,0.0,72.1,207.17,0.0,10.56,20.0,196.61,54.14
2026-06-21 14:00,-24.3,30.8,0.0,88.4,181.34,0.0,37.78,20.0,143.56,40.61
2026-06-21 15:00,-26.1,19.9,0.0,79.3,179.49,0.0,4.07,20.0,175.42,48.73
2026-06-21 16:00,-28.6,24.9,0.0,84.3,198.61,0.0,13.89,20.0,184.72,51.1
2026-06-21 17:00,-29.7,32.5,0.0,94.4,208.31,0.0,47.82,20.0,160.49,44.92
2026-06-21 18:00,-27.4,19.8,0.0,76.2,190.69,0.0,3.95,20.0,186.74,51.62
2026-06-21 19:00,-24.1,23.9,0.0,93.8,187.68,0.0,11.27,20.0,176.41,48.98
2026-06-21 20:00,-25.8,23.5,0.0,34.7,144.12,0.0,10.33,20.0,133.79,38.12
2026-06-21 21:00,-32.1,19.8,0.0,35.4,172.0,0.0,3.95,20.0,168.05,46.85
2026-06-21 22:00,-24.1,46.5,0.0,26.1,136.25,0.0,180.0,30.1,0.0,0.0
2026-06-21 23:00,-23.5,52.8,0.0,43.9,150.55,0.0,180.0,36.8,0.0,0.0
2026-06-22 00:00,-30.0,20.0,0.0,32.7,166.87,0.0,4.2,20.0,95.33,28.31
2026-06-22 01:00,-25.0,26.6,0.0,39.3,150.89,0.0,19.2,20.0,131.69,37.58
2026-06-22 02:00,-25.4,19.6,0.0,28.3,139.46,0.0,3.71,20.0,135.75,38.62
2026-06-22 03:00,-33.4,38.0,0.0,36.7,167.14,0.0,92.16,20.0,74.98,23.12
2026-06-22 04:00,-36.0,38.3,0.0,33.5,175.67,0.0,95.15,20.0,80.52,24.53
2026-06-22 05:00,-38.1,21.8,0.0,29.5,192.39,0.0,6.9,20.0,185.49,51.3
2026-06-22 06:00,-29.6,20.4,0.0,40.8,168.19,0.0,4.72,20.0,163.47,45.68
2026-06-22 07:00,-36.4,33.4,0.0,29.0,173.8,0.0,53.79,20.0,120.01,34.6
2026-06-22 08:00,-37.9,22.3,0.0,90.4,221.09,0.0,7.81,20.0,213.28,58.39
2026-06-22 09:00,-31.4,25.1,0.0,80.8,198.84,0.0,14.45,20.0,184.39,51.02
2026-06-22 10:00,-38.7,25.1,0.0,78.4,218.53,0.0,14.45,20.0,204.08,56.04
2026-06-22 11:00,-33.8,22.9,0.0,77.5,208.83,0.0,9.01,20.0,199.82,54.95
2026-06-22 12:00,-34.7,19.6,0.0,90.9,223.77,0.0,3.71,20.0,220.06,60.12
2026-06-22 13:00,-26.3,24.5,0.0,86.6,194.8,0.0,12.8,20.0,182.0,50.41
2026-06-22 14:00,-33.1,27.0,0.0,67.5,196.47,0.0,20.63,20.0,175.84,48.84
2026-06-22 15:00,-33.7,22.6,0.0,84.6,209.61,0.0,8.4,20.0,201.21,55.31
2026-06-22 16:00,-32.5,37.8,0.0,78.3,197.32,0.0,90.2,20.0,107.12,31.32
2026-06-22 17:00,-29.7,29.8,0.0,90.1,201.4,0.0,32.59,20.0,168.81,47.05
2026-06-22 18:00,-27.0,17.0,0.0,72.0,182.33,0.0,1.44,20.0,180.89,50.13
2026-06-22 19:00,-29.6,20.2,0.0,90.2,203.61,0.0,4.46,20.0,199.15,54.78
2026-06-22 20:00,-30.2,19.8,0.0,32.0,156.39,0.0,3.95,20.0,152.44,42.87
2026-06-22 21:00,-33.6,17.4,0.0,37.8,172.21,0.0,1.7,20.0,170.51,47.48
2026-06-22 22:00,-29.8,18.6,0.0,28.2,158.86,0.0,2.67,20.0,156.19,43.83
2026-06-22 23:00,-35.5,23.1,0.0,40.5,179.16,0.0,9.44,20.0,169.72,47.28
2026-06-23 00:00,-22.2,25.7,0.0,44.2,140.24,0.0,16.25,20.0,123.99,35.62
2026-06-23 01:00,-25.3,22.3,0.0,34.7,143.07,0.0,7.81,20.0,135.26,38.49
2026-06-23 02:00,-35.3,16.4,0.0,34.8,184.41,0.0,1.1,20.0,183.31,50.74
2026-06-23 03:00,-38.4,37.2,0.0,29.5,184.43,0.0,84.48,20.0,99.95,29.49
2026-06-23 04:00,-37.7,21.3,0.0,31.2,181.86,0.0,6.06,20.0,175.8,48.83
2026-06-23 05:00,-39.9,15.4,0.0,40.6,196.89,0.0,0.66,20.0,196.23,54.04
2026-06-23 06:00,-39.7,15.3,0.0,42.3,202.67,0.0,0.63,20.0,202.04,55.52
2026-06-23 07:00,-42.9,25.6,0.0,42.5,207.02,0.0,15.94,20.0,191.08,52.73
2026-06-23 08:00,-39.5,19.2,0.0,92.7,227.97,0.0,3.27,20.0,224.7,61.3
2026-06-23 09:00,-38.7,16.2,0.0,71.9,220.04,0.0,1.0,20.0,219.04,59.86
2026-06-23 10:00,-37.6,23.1,0.0,68.5,207.66,0.0,9.44,20.0,198.22,54.55
2026-06-23 11:00,-27.6,17.1,0.0,67.0,171.98,0.0,1.5,20.0,170.48,47.47
2026-06-23 12:00,-31.4,14.8,0.0,76.7,200.96,0.0,0.46,20.0,200.5,55.13
2026-06-23 13:00,-30.3,20.1,0.0,79.4,188.95,0.0,4.33,20.0,184.62,51.08
2026-06-23 14:00,-35.2,24.9,0.0,91.4,218.54,0.0,13.89,20.0,204.65,56.19
2026-06-23 15:00,-27.8,37.5,0.0,72.6,186.16,0.0,87.31,20.0,98.85,29.21
2026-06-23 16:00,-36.5,25.6,0.0,90.9,229.05,0.0,15.94,20.0,213.11,58.34
2026-06-23 17:00,-28.5,14.7,0.0,77.5,179.4,0.0,0.44,20.0,178.96,49.63
2026-06-23 18:00,-34.3,31.6,0.0,69.4,198.86,0.0,42.31,20.0,156.55,43.92
2026-06-23 19:00,-26.3,33.0,0.0,88.8,190.91,0.0,51.08,20.0,139.83,39.66
2026-06-23 20:00,-27.8,16.0,0.0,43.4,158.72,0.0,0.91,20.0,157.81,44.24
2026-06-23 21:00,-25.8,14.1,0.0,36.7,151.87,0.0,0.29,20.0,151.58,42.65
2026-06-23 22:00,-28.7,13.5,0.0,43.8,164.66,0.0,0.18,20.0,164.48,45.94
2026-06-23 23:00,-29.8,22.6,0.0,27.1,152.78,0.0,8.4,20.0,144.38,40.82
2026-06-24 00:00,-34.2,24.6,0.0,42.0,178.93,0.0,13.07,20.0,165.86,46.29
2026-06-24 01:00,-36.0,13.1,0.0,39.0,184.64,0.0,0.13,20.0,184.51,51.05
2026-06-24 02:00,-23.9,26.3,0.0,33.7,143.46,0.0,18.18,20.0,125.28,35.95
2026-06-24 03:00,-23.9,34.5,0.0,43.6,151.63,0.0,61.74,20.0,89.89,26.92
2026-06-24 04:00,-40.2,59.5,0.0,38.6,199.06,0.0,180.0,20.0,19.06,8.86
2026-06-24 05:00,-28.4,16.9,0.0,42.8,153.72,0.0,1.38,20.0,152.34,42.85
2026-06-24 06:00,-28.9,27.2,0.0,41.5,162.32,0.0,21.36,20.0,140.96,39.94
2026-06-24 07:00,-31.6,16.4,0.0,27.3,162.38,0.0,1.1,20.0,161.28,45.13
2026-06-24 08:00,-34.5,13.5,0.0,68.5,205.7,0.0,0.18,20.0,205.52,56.41
2026-06-24 09:00,-32.5,22.2,0.0,71.1,193.69,0.0,7.62,20.0,186.07,51.45
2026-06-24 10:00,-36.1,24.8,0.0,79.7,217.31,0.0,13.61,20.0,203.7,55.94
2026-06-24 11:00,-36.7,15.6,0.0,90.2,229.85,0.0,0.74,20.0,229.11,62.42
2026-06-24 12:00,-36.8,20.0,0.0,68.7,216.0,0.0,4.2,20.0,211.8,58.01
2026-06-24 13:00,-31.3,14.1,0.0,86.7,204.23,0.0,0.29,20.0,203.94,56.0
2026-06-24 14:00,-24.3,13.8,0.0,79.1,172.79,0.0,0.23,20.0,172.56,48.0
2026-06-24 15:00,-27.2,18.5,0.0,83.5,196.22,0.0,2.58,20.0,193.64,53.38
2026-06-24 16:00,-32.2,30.2,0.0,89.8,209.4,0.0,34.6,20.0,174.8,48.57
2026-06-24 17:00,-31.5,23.5,0.0,94.4,205.75,0.0,10.33,20.0,195.42,53.83
2026-06-24 18:00,-31.0,15.7,0.0,78.8,200.94,0.0,0.78,20.0,200.16,55.04
2026-06-24 19:00,-34.6,11.8,0.0,69.2,204.89,0.0,0.02,20.0,204.87,56.24
2026-06-24 20:00,-36.4,23.1,0.0,27.1,173.92,0.0,9.44,20.0,164.48,45.94
2026-06-24 21:00,-28.6,12.3,0.0,33.8,157.47,0.0,0.05,20.0,157.42,44.14
2026-06-24 22:00,-26.2,23.5,0.0,43.4,148.34,0.0,10.33,20.0,138.01,39.19
2026-06-24 23:00,-27.1,16.3,0.0,37.1,158.12,0.0,1.05,20.0,157.07,44.05
2026-06-25 00:00,-33.0,31.4,0.0,34.8,170.91,0.0,41.14,20.0,129.77,37.09
2026-06-25 01:00,-29.3,29.5,0.0,34.2,157.0,0.0,31.13,20.0,125.87,36.1
2026-06-25 02:00,-37.1,38.8,0.0,29.3,178.76,0.0,100.29,20.0,78.47,24.01
2026-06-25 03:00,-30.4,13.3,0.0,43.8,164.86,0.0,0.15,20.0,164.71,46.0
2026-06-25 04:00,-47.4,12.5,0.0,34.9,222.64,0.0,0.07,20.0,222.57,60.76
2026-06-25 05:00,-30.1,11.0,0.0,44.5,167.86,0.0,0.0,20.0,167.86,46.8
2026-06-25 06:00,-38.3,11.3,0.0,35.8,189.89,0.0,0.01,20.0,189.88,52.42
2026-06-25 07:00,-37.5,13.1,0.0,38.0,183.4,0.0,0.13,20.0,183.27,50.73
2026-06-25 08:00,-37.7,16.8,0.0,88.7,226.57,0.0,1.32,20.0,225.25,61.44
2026-06-25 09:00,-32.1,12.1,0.0,94.8,213.23,0.0,0.04,20.0,213.19,58.36
2026-06-25 10:00,-30.5,16.5,0.0,65.7,193.63,0.0,1.15,20.0,192.48,53.08
2026-06-25 11:00,-33.1,11.4,0.0,65.6,196.24,0.0,0.01,20.0,196.23,54.04
2026-06-25 12:00,-32.7,18.2,0.0,80.0,201.47,0.0,2.31,20.0,199.16,54.79
2026-06-25 13:00,-31.4,16.4,0.0,65.6,181.04,0.0,1.1,20.0,179.94,49.88
2026-06-25 14:00,-32.6,29.0,0.0,86.8,208.15,0.0,28.8,20.0,179.35,49.73
2026-06-25 15:00,-30.3,15.3,0.0,71.7,193.54,0.0,0.63,20.0,192.91,53.19
2026-06-25 16:00,-29.0,12.6,0.0,70.3,185.55,0.0,0.07,20.0,185.48,51.3
2026-06-25 17:00,-33.6,14.8,0.0,76.5,207.8,0.0,0.46,20.0,207.34,56.87
2026-06-25 18:00,-28.2,17.5,0.0,73.2,186.31,0.0,1.77,20.0,184.54,51.06
2026-06-25 19:00,-28.9,38.5,0.0,82.4,195.34,0.0,97.19,20.0,98.15,29.03
2026-06-25 20:00,-27.7,13.6,0.0,44.3,162.75,0.0,0.2,20.0,162.55,45.45
2026-06-25 21:00,-29.9,18.7,0.0,36.2,162.75,0.0,2.76,20.0,159.99,44.8
2026-06-25 22:00,-27.7,17.7,0.0,41.3,160.12,0.0,1.92,20.0,158.2,44.34
2026-06-25 23:00,-34.5,14.8,0.0,38.6,175.42,0.0,0.46,20.0,174.96,48.61
2026-06-26 00:00,-28.5,14.2,0.0,40.9,156.92,0.0,0.31,20.0,156.61,43.94
2026-06-26 01:00,-31.0,18.6,0.0,43.8,170.14,0.0,2.67,20.0,167.47,46.7
2026-06-26 02:00,-28.4,29.0,0.0,38.5,161.38,0.0,28.8,20.0,132.58,37.81
2026-06-26 03:00,-29.8,21.2,0.0,33.5,157.9,0.0,5.9,20.0,152.0,42.76
2026-06-26 04:00,-30.4,39.9,0.0,44.0,170.9,0.0,112.22,20.0,58.68,18.96
2026-06-26 05:00,-37.0,11.0,0.0,30.0,172.75,0.0,0.0,20.0,172.75,48.05
2026-06-26 06:00,-35.4,17.8,0.0,38.3,184.42,0.0,1.99,20.0,182.43,50.52
2026-06-26 07:00,-36.8,13.0,0.0,34.0,184.41,0.0,0.11,20.0,184.3,51.0
2026-06-26 08:00,-34.8,27.0,0.0,75.4,211.95,0.0,20.63,20.0,191.32,52.79
2026-06-26 09:00,-37.1,21.9,0.0,78.7,219.5,0.0,7.07,20.0,212.43,58.17
2026-06-26 10:00,-35.4,14.2,0.0,87.5,215.74,0.0,0.31,20.0,215.43,58.93
2026-06-26 11:00,-32.9,20.1,0.0,84.6,205.45,0.0,4.33,20.0,201.12,55.29
2026-06-26 12:00,-35.9,17.1,0.0,93.2,225.97,0.0,1.5,20.0,224.47,61.24
2026-06-26 13:00,-26.5,20.7,0.0,75.0,186.12,0.0,5.14,20.0,180.98,50.15
2026-06-26 14:00,-30.0,10.1,0.0,91.1,204.3,0.0,0.0,20.0,204.3,56.1
2026-06-26 15:00,-32.3,25.3,0.0,89.7,203.71,0.0,15.04,20.0,188.67,52.11
2026-06-26 16:00,-22.8,14.0,0.0,75.5,165.89,0.0,0.27,20.0,165.62,46.23
2026-06-26 17:00,-23.9,15.6,0.0,89.4,180.74,0.0,0.74,20.0,180.0,49.9
2026-06-26 18:00,-33.7,14.9,0.0,89.6,222.05,0.0,0.49,20.0,221.56,60.5
2026-06-26 19:00,-25.6,20.0,0.0,81.6,182.61,0.0,4.2,20.0,178.41,49.49
2026-06-26 20:00,-35.6,43.2,0.0,35.8,178.34,0.0,153.63,20.0,24.71,10.3
2026-06-26 21:00,-34.6,13.1,0.0,31.7,177.16,0.0,0.13,20.0,177.03,49.14
2026-06-26 22:00,-30.8,15.9,0.0,36.8,172.74,0.0,0.86,20.0,171.88,47.83
2026-06-26 23:00,-31.2,22.0,0.0,36.3,166.69,0.0,7.25,20.0,159.44,44.66
2026-06-27 00:00,-35.6,14.2,0.0,29.6,179.9,0.0,0.31,20.0,179.59,49.8
2026-06-27 01:00,-31.4,54.4,0.0,34.8,167.22,0.0,180.0,22.9,0.0,0.0
2026-06-27 02:00,-31.8,10.4,0.0,43.1,167.0,0.0,0.0,20.0,155.24,43.59
2026-06-27 03:00,-30.3,17.6,0.0,36.6,166.66,0.0,1.84,20.0,164.82,46.03
2026-06-27 04:00,-31.6,39.9,0.0,41.6,176.97,0.0,112.22,20.0,64.75,20.51
2026-06-27 05:00,-33.7,20.0,0.0,40.5,171.41,0.0,4.2,20.0,167.21,46.64
2026-06-27 06:00,-34.2,12.3,0.0,42.5,180.07,0.0,0.05,20.0,180.02,49.91
2026-06-27 07:00,-32.6,12.6,0.0,32.1,163.71,0.0,0.07,20.0,163.64,45.73
2026-06-27 08:00,-25.5,13.3,0.0,85.7,185.17,0.0,0.15,20.0,185.02,51.18
2026-06-27 09:00,-35.1,14.3,0.0,87.4,219.08,0.0,0.33,20.0,218.75,59.78
2026-06-27 10:00,-35.8,11.2,0.0,78.6,209.34,0.0,0.01,20.0,209.33,57.38
2026-06-27 11:00,-39.5,10.5,0.0,86.6,231.38,0.0,0.0,20.0,231.38,63.0
2026-06-27 12:00,-30.6,14.8,0.0,66.8,182.46,0.0,0.46,20.0,182.0,50.41
2026-06-27 13:00,-25.8,25.7,0.0,87.0,175.48,0.0,16.25,20.0,159.23,44.6
2026-06-27 14:00,-34.8,15.2,0.0,94.5,219.84,0.0,0.59,20.0,219.25,59.91
2026-06-27 15:00,-24.6,19.5,0.0,90.5,186.01,0.0,3.6,20.0,182.41,50.51
2026-06-27 16:00,-28.0,27.4,0.0,70.1,178.07,0.0,22.12,20.0,155.95,43.77
2026-06-27 17:00,-29.4,22.6,0.0,73.5,187.94,0.0,8.4,20.0,179.54,49.78
2026-06-27 18:00,-37.9,15.8,0.0,75.7,222.44,0.0,0.82,20.0,221.62,60.51
2026-06-27 19:00,-25.8,22.6,0.0,91.2,185.21,0.0,8.4,20.0,176.81,49.09
2026-06-27 20:00,-28.2,12.9,0.0,33.5,152.97,0.0,0.1,20.0,152.87,42.98
2026-06-27 21:00,-30.0,12.3,0.0,28.2,159.82,0.0,0.05,20.0,159.77,44.74
2026-06-27 22:00,-23.5,57.7,0.0,40.7,144.07,0.0,180.0,28.3,0.0,0.0
2026-06-27 23:00,-28.8,28.7,0.0,26.5,153.18,0.0,27.45,20.0,92.67,27.63
2026-06-28 00:00,-31.4,31.1,0.0,26.5,162.08,0.0,39.44,20.0,122.64,35.27
2026-06-28 01:00,-27.4,57.0,0.0,40.4,160.59,0.0,180.0,24.5,0.0,0.0
2026-06-28 02:00,-27.9,14.5,0.0,28.9,141.62,0.0,0.38,20.0,123.38,35.46
2026-06-28 03:00,-35.8,17.2,0.0,43.1,183.0,0.0,1.57,20.0,181.43,50.26
2026-06-28 04:00,-33.8,13.3,0.0,26.9,166.43,0.0,0.15,20.0,166.28,46.4
2026-06-28 05:00,-28.2,17.9,0.0,35.9,149.11,0.0,2.07,20.0,147.04,41.5
2026-06-28 06:00,-29.1,25.0,0.0,31.9,152.09,0.0,14.17,20.0,137.92,39.17
2026-06-28 07:00,-35.4,12.2,0.0,34.3,175.98,0.0,0.04,20.0,175.94,48.86
2026-06-28 08:00,-35.0,13.1,0.0,87.2,211.58,0.0,0.13,20.0,211.45,57.92
2026-06-28 09:00,-34.2,12.7,0.0,65.0,195.41,0.0,0.08,20.0,195.33,53.81
2026-06-28 10:00,-32.6,12.1,0.0,84.9,210.28,0.0,0.04,20.0,210.24,57.61
2026-06-28 11:00,-36.0,15.6,0.0,91.6,232.34,0.0,0.74,20.0,231.6,63.06
2026-06-28 12:00,-35.5,14.5,0.0,88.1,212.92,0.0,0.38,20.0,212.54,58.2
2026-06-28 13:00,-28.4,43.9,0.0,65.2,182.09,0.0,163.56,20.0,18.53,8.73
2026-06-28 14:00,-26.6,31.5,0.0,91.5,195.78,0.0,41.72,20.0,154.06,43.29
2026-06-28 15:00,-32.2,11.6,0.0,81.3,203.08,0.0,0.02,20.0,203.06,55.78
2026-06-28 16:00,-37.2,15.7,0.0,92.5,218.79,0.0,0.78,20.0,218.01,59.59
2026-06-28 17:00,-26.4,30.3,0.0,80.0,181.96,0.0,35.12,20.0,146.84,41.44
2026-06-28 18:00,-23.6,21.6,0.0,74.9,169.43,0.0,6.55,20.0,162.88,45.53
2026-06-28 19:00,-30.7,12.9,0.0,73.8,190.65,0.0,0.1,20.0,190.55,52.59
2026-06-28 20:00,-26.4,36.6,0.0,38.7,147.15,0.0,79.02,20.0,68.13,21.37
2026-06-28 21:00,-32.0,15.1,0.0,41.9,179.17,0.0,0.56,20.0,178.61,49.55
2026-06-28 22:00,-30.3,12.1,0.0,40.9,170.21,0.0,0.04,20.0,170.17,47.39
2026-06-28 23:00,-29.9,21.4,0.0,43.3,172.76,0.0,6.22,20.0,166.54,46.47
2026-06-29 00:00,-29.8,14.9,0.0,31.1,170.28,0.0,0.49,20.0,169.79,47.3
2026-06-29 01:00,-32.3,13.7,0.0,26.9,168.15,0.0,0.21,20.0,167.94,46.82
2026-06-29 02:00,-41.9,20.8,0.0,34.4,191.26,0.0,5.29,20.0,185.97,51.42
2026-06-29 03:00,-32.5,31.4,0.0,28.2,159.5,0.0,41.14,20.0,118.36,34.18
2026-06-29 04:00,-30.0,23.6,0.0,28.0,162.65,0.0,10.56,20.0,152.09,42.78
2026-06-29 05:00,-33.1,27.6,0.0,29.9,169.63,0.0,22.89,20.0,146.74,41.42
2026-06-29 06:00,-30.8,16.7,0.0,32.7,164.94,0.0,1.26,20.0,163.68,45.74
2026-06-29 07:00,-37.2,23.4,0.0,25.9,178.53,0.0,10.1,20.0,168.43,46.95
2026-06-29 08:00,-32.3,13.7,0.0,94.2,208.79,0.0,0.21,20.0,208.58,57.19
2026-06-29 09:00,-33.1,26.6,0.0,91.6,217.4,0.0,19.2,20.0,198.2,54.54
2026-06-29 10:00,-31.5,14.8,0.0,77.4,196.01,0.0,0.46,20.0,195.55,53.87
2026-06-29 11:00,-26.8,13.4,0.0,73.7,181.93,0.0,0.17,20.0,181.76,50.35
2026-06-29 12:00,-39.7,25.2,0.0,84.5,234.32,0.0,14.74,20.0,219.58,59.99
2026-06-29 13:00,-34.9,21.3,0.0,78.5,207.88,0.0,6.06,20.0,201.82,55.46
2026-06-29 14:00,-34.0,16.3,0.0,68.2,195.13,0.0,1.05,20.0,194.08,53.49
2026-06-29 15:00,-25.1,20.4,0.0,89.8,187.78,0.0,4.72,20.0,183.06,50.68
2026-06-29 16:00,-31.5,21.1,0.0,85.3,199.6,0.0,5.74,20.0,193.86,53.43
2026-06-29 17:00,-25.9,22.1,0.0,67.8,176.43,0.0,7.44,20.0,168.99,47.09
2026-06-29 18:00,-25.5,54.1,0.0,85.8,188.73,0.0,180.0,20.0,8.73,6.23
2026-06-29 19:00,-29.0,30.1,0.0,94.9,210.87,0.0,34.09,20.0,176.78,49.08
2026-06-29 20:00,-27.4,14.7,0.0,39.5,161.59,0.0,0.44,20.0,161.15,45.09
2026-06-29 21:00,-25.7,15.2,0.0,38.1,152.75,0.0,0.59,20.0,152.16,42.8
2026-06-29 22:00,-25.8,16.4,0.0,38.7,147.41,0.0,1.1,20.0,146.31,41.31
2026-06-29 23:00,-33.6,22.9,0.0,43.5,180.31,0.0,9.01,20.0,171.3,47.68
2026-06-30 00:00,-32.9,32.9,0.0,40.7,179.26,0.0,50.42,20.0,128.84,36.85
2026-06-30 01:00,-32.0,17.8,0.0,40.7,169.03,0.0,1.99,20.0,167.04,46.6
2026-06-30 02:00,-25.2,22.0,0.0,44.5,149.72,0.0,7.25,20.0,142.47,40.33
2026-06-30 03:00,-33.1,25.0,0.0,41.6,178.85,0.0,14.17,20.0,164.68,45.99
2026-06-30 04:00,-37.5,19.4,0.0,28.4,175.61,0.0,3.49,20.0,172.12,47.89
2026-06-30 05:00,-25.3,20.5,0.0,38.3,148.49,0.0,4.86,20.0,143.63,40.63
2026-06-30 06:00,-33.5,32.1,0.0,27.6,169.28,0.0,45.32,20.0,123.96,35.61
2026-06-30 07:00,-35.6,19.4,0.0,31.5,177.45,0.0,3.49,20.0,173.96,48.36
2026-06-30 08:00,-41.2,23.4,0.0,76.0,230.74,0.0,10.1,20.0,220.64,60.26
2026-06-30 09:00,-33.0,17.4,0.0,75.1,204.76,0.0,1.7,20.0,203.06,55.78
2026-06-30 10:00,-35.6,21.7,0.0,84.5,220.55,0.0,6.72,20.0,213.83,58.53
2026-06-30 11:00,-39.0,20.8,0.0,71.4,213.46,0.0,5.29,20.0,208.17,57.08
2026-06-30 12:00,-34.4,18.7,0.0,74.6,204.48,0.0,2.76,20.0,201.72,55.44
2026-06-30 13:00,-32.3,28.3,0.0,66.4,194.1,0.0,25.73,20.0,168.37,46.93
2026-06-30 14:00,-36.7,20.2,0.0,81.2,219.23,0.0,4.46,20.0,214.77,58.77
2026-06-30 15:00,-25.1,46.6,0.0,89.2,189.03,0.0,180.0,20.0,9.03,6.3
2026-06-30 16:00,-26.9,27.8,0.0,86.9,186.17,0.0,23.68,20.0,162.49,45.43
2026-06-30 17:00,-32.8,16.9,0.0,77.0,204.83,0.0,1.38,20.0,203.45,55.88
2026-06-30 18:00,-30.6,25.4,0.0,65.1,186.42,0.0,15.33,20.0,171.09,47.63
2026-06-30 19:00,-30.8,17.3,0.0,90.4,202.19,0.0,1.63,20.0,200.56,55.14
2026-06-30 20:00,-27.9,19.0,0.0,35.5,157.14,0.0,3.06,20.0,154.08,43.29
2026-06-30 21:00,-31.9,22.7,0.0,39.7,167.48,0.0,8.6,20.0,158.88,44.51
2026-06-30 22:00,-31.0,37.9,0.0,33.6,161.17,0.0,91.18,20.0,69.99,21.85
2026-06-30 23:00,-37.6,29.6,0.0,28.2,181.39,0.0,31.61,20.0,149.78,42.19
2026-07-01 00:00,-27.6,21.8,0.0,29.0,146.29,0.0,6.9,20.0,139.39,39.54
2026-07-01 01:00,-26.2,18.5,0.0,30.5,149.06,0.0,2.58,20.0,146.48,41.35
2026-07-01 02:00,-34.2,29.0,0.0,39.3,172.72,0.0,28.8,20.0,143.92,40.7
2026-07-01 03:00,-34.2,20.2,0.0,27.9,167.36,0.0,4.46,20.0,162.9,45.54
2026-07-01 04:00,-36.2,28.9,0.0,40.8,184.82,0.0,28.34,20.0,156.48,43.9
2026-07-01 05:00,-37.1,35.6,0.0,44.3,191.55,0.0,70.43,20.0,121.12,34.89
2026-07-01 06:00,-31.6,32.8,0.0,35.8,163.21,0.0,49.76,20.0,113.45,32.93
2026-07-01 07:00,-35.4,23.9,0.0,33.0,168.96,0.0,11.27,20.0,157.69,44.21
2026-07-01 08:00,-34.1,20.5,0.0,82.6,210.82,0.0,4.86,20.0,205.96,56.52
2026-07-01 09:00,-37.6,22.0,0.0,92.2,230.16,0.0,7.25,20.0,222.91,60.84
2026-07-01 10:00,-39.9,19.6,0.0,80.5,228.41,0.0,3.71,20.0,224.7,61.3
2026-07-01 11:00,-41.7,26.7,0.0,67.1,225.05,0.0,19.55,20.0,205.5,56.4
2026-07-01 12:00,-32.7,19.4,0.0,91.4,207.6,0.0,3.49,20.0,204.11,56.05
2026-07-01 13:00,-31.0,23.0,0.0,77.0,192.51,0.0,9.22,20.0,183.29,50.74
2026-07-01 14:00,-32.0,29.5,0.0,80.2,207.93,0.0,31.13,20.0,176.8,49.08
2026-07-01 15:00,-25.6,26.7,0.0,83.5,185.61,0.0,19.55,20.0,166.06,46.35
2026-07-01 16:00,-26.0,20.1,0.0,75.8,171.51,0.0,4.33,20.0,167.18,46.63
2026-07-01 17:00,-25.5,25.3,0.0,86.9,184.55,0.0,15.04,20.0,169.51,47.23
2026-07-01 18:00,-29.9,38.2,0.0,71.7,186.94,0.0,94.15,20.0,92.79,27.66
2026-07-01 19:00,-29.8,29.6,0.0,78.6,191.45,0.0,31.61,20.0,159.84,44.76
2026-07-01 20:00,-21.5,22.3,0.0,40.0,135.92,0.0,7.81,20.0,128.11,36.67
2026-07-01 21:00,-30.9,28.6,0.0,41.6,164.73,0.0,27.02,20.0,137.71,39.12
2026-07-01 22:00,-27.1,23.8,0.0,27.4,149.82,0.0,11.03,20.0,138.79,39.39
2026-07-01 23:00,-28.5,36.0,0.0,44.0,161.82,0.0,73.79,20.0,88.03,26.45
2026-07-02 00:00,-30.5,28.9,0.0,39.2,162.8,0.0,28.34,20.0,134.46,38.29
2026-07-02 01:00,-26.4,24.2,0.0,28.6,147.57,0.0,12.02,20.0,135.55,38.57
2026-07-02 02:00,-34.8,23.9,0.0,37.6,177.53,0.0,11.27,20.0,166.26,46.4
2026-07-02 03:00,-35.0,22.7,0.0,44.4,182.72,0.0,8.6,20.0,174.12,48.4
2026-07-02 04:00,-38.5,35.8,0.0,32.9,187.69,0.0,72.1,20.0,115.59,33.48
2026-07-02 05:00,-34.9,25.3,0.0,35.1,178.84,0.0,15.04,20.0,163.8,45.77
2026-07-02 06:00,-39.9,25.5,0.0,44.5,201.59,0.0,15.63,20.0,185.96,51.42
2026-07-02 07:00,-29.1,26.3,0.0,35.6,160.86,0.0,18.18,20.0,142.68,40.38
2026-07-02 08:00,-27.6,36.9,0.0,80.2,185.04,0.0,81.72,20.0,103.32,30.35
2026-07-02 09:00,-42.9,23.4,0.0,93.2,245.17,0.0,10.1,20.0,235.07,63.94
2026-07-02 10:00,-30.1,32.0,0.0,88.7,199.38,0.0,44.7,20.0,154.68,43.44
2026-07-02 11:00,-33.1,40.4,0.0,70.0,199.82,0.0,117.95,20.0,81.87,24.88
2026-07-02 12:00,-28.1,24.8,0.0,87.2,196.73,0.0,13.61,20.0,183.12,50.7
2026-07-02 13:00,-30.3,25.4,0.0,85.4,201.97,0.0,15.33,20.0,186.64,51.59
2026-07-02 14:00,-27.7,27.5,0.0,82.9,186.3,0.0,22.5,20.0,163.8,45.77
2026-07-02 15:00,-36.0,24.3,0.0,67.3,203.51,0.0,12.28,20.0,191.23,52.76
2026-07-02 16:00,-26.6,23.0,0.0,67.0,175.79,0.0,9.22,20.0,166.57,46.48
2026-07-02 17:00,-23.5,24.4,0.0,73.1,167.82,0.0,12.54,20.0,155.28,43.6
2026-07-02 18:00,-31.9,25.2,0.0,75.6,192.19,0.0,14.74,20.0,177.45,49.25
2026-07-02 19:00,-26.7,24.0,0.0,84.1,193.44,0.0,11.52,20.0,181.92,50.39
2026-07-02 20:00,-26.5,26.2,0.0,39.5,153.27,0.0,17.85,20.0,135.42,38.53
2026-07-02 21:00,-33.1,42.3,0.0,34.8,173.92,0.0,141.47,20.0,32.45,12.27
2026-07-02 22:00,-33.3,26.2,0.0,36.7,174.82,0.0,17.85,20.0,156.97,44.03
2026-07-02 23:00,-30.2,27.7,0.0,37.8,155.93,0.0,23.28,20.0,132.65,37.83
2026-07-03 00:00,-31.5,32.5,0.0,33.4,164.83,0.0,47.82,20.0,117.01,33.84
2026-07-03 01:00,-34.1,26.2,0.0,29.5,169.17,0.0,17.85,20.0,151.32,42.59
2026-07-03 02:00,-32.4,24.7,0.0,27.8,166.34,0.0,13.34,20.0,153.0,43.02
2026-07-03 03:00,-32.0,26.2,0.0,35.0,164.62,0.0,17.85,20.0,146.77,41.43
2026-07-03 04:00,-28.5,27.8,0.0,34.2,153.83,0.0,23.68,20.0,130.15,37.19
2026-07-03 05:00,-35.8,37.4,0.0,38.2,188.94,0.0,86.36,20.0,102.58,30.16
2026-07-03 06:00,-33.7,52.3,0.0,38.2,165.01,0.0,180.0,23.4,0.0,0.0
2026-07-03 07:00,-30.8,28.2,0.0,44.4,170.71,0.0,25.31,20.0,131.61,37.56
2026-07-03 08:00,-37.6,42.2,0.0,72.6,213.37,0.0,140.16,20.0,73.21,22.67
2026-07-03 09:00,-34.8,27.0,0.0,87.4,211.95,0.0,20.63,20.0,191.32,52.79
2026-07-03 10:00,-35.4,27.3,0.0,81.6,211.62,0.0,21.74,20.0,189.88,52.42
2026-07-03 11:00,-33.6,26.2,0.0,81.9,212.27,0.0,17.85,20.0,194.42,53.58
2026-07-03 12:00,-34.7,26.5,0.0,70.6,204.17,0.0,18.86,20.0,185.31,51.25
2026-07-03 13:00,-30.4,32.2,0.0,72.5,196.67,0.0,45.93,20.0,150.74,42.44
2026-07-03 14:00,-31.3,28.4,0.0,92.0,207.89,0.0,26.15,20.0,181.74,50.34
2026-07-03 15:00,-35.3,31.4,0.0,93.5,222.94,0.0,41.14,20.0,181.8,50.36
2026-07-03 16:00,-26.5,28.8,0.0,82.1,184.43,0.0,27.9,20.0,156.53,43.92
2026-07-03 17:00,-21.3,26.6,0.0,72.6,160.7,0.0,19.2,20.0,141.5,40.08
2026-07-03 18:00,-31.8,29.4,0.0,74.6,195.65,0.0,30.65,20.0,165.0,46.08
2026-07-03 19:00,-29.4,31.4,0.0,94.6,204.49,0.0,41.14,20.0,163.35,45.65
2026-07-03 20:00,-29.8,35.4,0.0,26.1,149.12,0.0,68.8,20.0,80.32,24.48
2026-07-03 21:00,-31.7,28.4,0.0,28.2,162.76,0.0,26.15,20.0,136.61,38.84
2026-07-03 22:00,-29.0,35.9,0.0,36.1,160.82,0.0,72.94,20.0,87.88,26.41
2026-07-03 23:00,-26.8,31.7,0.0,27.9,139.76,0.0,42.9,20.0,96.86,28.7
2026-07-04 00:00,-33.8,29.3,0.0,41.4,179.77,0.0,30.18,20.0,149.59,42.15
2026-07-04 01:00,-26.6,32.1,0.0,32.9,154.61,0.0,45.32,20.0,109.29,31.87
2026-07-04 02:00,-27.6,33.7,0.0,44.4,164.1,0.0,55.89,20.0,108.21,31.59
2026-07-04 03:00,-33.1,41.8,0.0,35.9,173.99,0.0,135.0,20.0,38.99,13.94
2026-07-04 04:00,-36.0,35.1,0.0,43.0,186.52,0.0,66.39,20.0,120.13,34.63
2026-07-04 05:00,-31.1,29.8,0.0,32.2,165.3,0.0,32.59,20.0,132.71,37.84
2026-07-04 06:00,-37.2,35.5,0.0,32.3,177.93,0.0,69.61,20.0,108.32,31.62
2026-07-04 07:00,-42.0,31.4,0.0,26.9,201.02,0.0,41.14,20.0,159.88,44.77
2026-07-04 08:00,-40.6,28.9,0.0,65.6,219.66,0.0,28.34,20.0,191.32,52.79
2026-07-04 09:00,-35.5,69.4,0.0,70.5,205.72,0.0,180.0,20.0,25.72,10.56
2026-07-04 10:00,-37.3,35.3,0.0,67.4,210.83,0.0,67.99,20.0,142.84,40.42
2026-07-04 11:00,-31.9,30.0,0.0,90.5,214.76,0.0,33.59,20.0,181.17,50.2
2026-07-04 12:00,-30.0,49.3,0.0,92.6,204.81,0.0,180.0,20.0,24.81,10.33
2026-07-04 13:00,-32.7,31.7,0.0,88.1,210.97,0.0,42.9,20.0,168.07,46.86
2026-07-04 14:00,-28.4,44.2,0.0,88.5,192.51,0.0,167.94,20.0,24.57,10.27
2026-07-04 15:00,-34.0,34.1,0.0,79.7,201.41,0.0,58.77,20.0,142.64,40.37
2026-07-04 16:00,-31.5,35.7,0.0,81.0,195.56,0.0,71.26,20.0,124.3,35.7
2026-07-04 17:00,-29.9,32.2,0.0,84.9,203.68,0.0,45.93,20.0,157.75,44.23
2026-07-04 18:00,-32.3,38.5,0.0,69.4,198.53,0.0,97.19,20.0,101.34,29.84
2026-07-04 19:00,-26.9,49.8,0.0,82.3,185.76,0.0,180.0,20.0,5.76,5.47
2026-07-04 20:00,-26.4,56.0,0.0,34.8,151.37,0.0,180.0,26.6,0.0,0.0
2026-07-04 21:00,-37.7,31.3,0.0,33.5,190.67,0.0,40.57,20.0,123.76,35.56
2026-07-04 22:00,-27.4,48.6,0.0,26.0,148.47,0.0,180.0,27.3,0.0,0.0
2026-07-04 23:00,-34.1,32.7,0.0,43.0,180.64,0.0,49.11,20.0,102.52,30.14
2026-07-05 00:00,-24.3,31.6,0.0,33.3,141.65,0.0,42.31,20.0,99.34,29.33
2026-07-05 01:00,-34.7,34.4,0.0,26.3,171.33,0.0,60.99,20.0,110.34,32.14
2026-07-05 02:00,-31.2,45.4,0.0,44.5,172.47,0.0,180.0,21.7,0.0,0.0
2026-07-05 03:00,-32.1,38.4,0.0,35.4,168.8,0.0,96.17,20.0,65.7,20.75
2026-07-05 04:00,-28.3,33.2,0.0,26.1,147.69,0.0,52.42,20.0,95.27,28.29
2026-07-05 05:00,-28.9,45.4,0.0,29.9,149.69,0.0,180.0,27.0,0.0,0.0
2026-07-05 06:00,-31.5,34.2,0.0,25.8,161.56,0.0,59.5,20.0,74.17,22.91
2026-07-05 07:00,-36.8,32.6,0.0,39.5,184.05,0.0,48.46,20.0,135.59,38.58
2026-07-05 08:00,-30.9,34.5,0.0,78.6,195.72,0.0,61.74,20.0,133.98,38.16
2026-07-05 09:00,-30.9,38.2,0.0,76.2,196.32,0.0,94.15,20.0,102.17,30.05
2026-07-05 10:00,-35.8,33.1,0.0,78.4,215.46,0.0,51.75,20.0,163.71,45.75
2026-07-05 11:00,-26.9,53.7,0.0,73.6,186.57,0.0,180.0,20.0,6.57,5.68
2026-07-05 12:00,-35.1,36.2,0.0,87.1,209.82,0.0,75.5,20.0,134.32,38.25
2026-07-05 13:00,-27.6,46.5,0.0,92.7,199.63,0.0,180.0,20.0,19.63,9.01
2026-07-05 14:00,-30.9,34.9,0.0,86.4,202.52,0.0,64.81,20.0,137.71,39.12
2026-07-05 15:00,-26.0,38.2,0.0,88.5,189.15,0.0,94.15,20.0,95.0,28.22
2026-07-05 16:00,-30.2,45.2,0.0,67.0,186.95,0.0,180.0,20.0,6.95,5.77
2026-07-05 17:00,-27.9,37.0,0.0,66.3,185.25,0.0,82.63,20.0,102.62,30.17
2026-07-05 18:00,-29.9,35.3,0.0,70.2,178.07,0.0,67.99,20.0,110.08,32.07
2026-07-05 19:00,-19.0,35.8,0.0,82.6,162.78,0.0,72.1,20.0,90.68,27.12
2026-07-05 20:00,-29.8,49.3,0.0,43.5,170.73,0.0,180.0,22.1,0.0,0.0
2026-07-05 21:00,-19.5,38.2,0.0,31.5,122.29,0.0,94.15,20.0,19.61,9.0
2026-07-05 22:00,-32.9,78.4,0.0,25.1,160.06,0.0,180.0,24.6,0.0,0.0
2026-07-05 23:00,-26.6,43.0,0.0,32.3,149.72,0.0,150.87,24.9,0.0,0.0
2026-07-06 00:00,-23.2,61.6,0.0,44.7,139.94,0.0,180.0,34.1,0.0,0.0
2026-07-06 01:00,-26.6,37.2,0.0,32.4,147.74,0.0,84.48,20.0,7.0,5.78
2026-07-06 02:00,-33.8,43.0,0.0,35.2,171.47,0.0,150.87,20.0,20.6,9.25
2026-07-06 03:00,-34.7,38.3,0.0,44.7,177.94,0.0,95.15,20.0,82.79,25.11
2026-07-06 04:00,-34.6,54.3,0.0,31.9,177.81,0.0,180.0,20.5,0.0,0.0
2026-07-06 05:00,-33.1,38.7,0.0,38.6,174.11,0.0,99.25,20.0,72.85,22.58
2026-07-06 06:00,-38.3,41.7,0.0,44.6,191.37,0.0,133.74,20.0,57.63,18.7
2026-07-06 07:00,-31.6,54.6,0.0,30.1,162.39,0.0,180.0,24.1,0.0,0.0
2026-07-06 08:00,-27.7,40.9,0.0,67.9,173.92,0.0,123.86,20.0,33.86,12.63
2026-07-06 09:00,-26.3,35.9,0.0,79.9,178.8,0.0,72.94,20.0,105.86,30.99
2026-07-06 10:00,-32.6,44.9,0.0,75.2,191.46,0.0,178.46,20.0,13.0,7.32
2026-07-06 11:00,-33.7,42.8,0.0,65.2,192.76,0.0,148.15,20.0,44.61,15.38
2026-07-06 12:00,-33.4,38.9,0.0,81.2,206.53,0.0,101.34,20.0,105.19,30.82
2026-07-06 13:00,-36.8,51.9,0.0,69.4,204.99,0.0,180.0,20.0,24.99,10.37
2026-07-06 14:00,-29.5,43.6,0.0,86.5,198.25,0.0,159.25,20.0,39.0,13.94
2026-07-06 15:00,-32.7,44.2,0.0,84.0,206.44,0.0,167.94,20.0,38.5,13.82
2026-07-06 16:00,-31.1,55.7,0.0,71.2,187.98,0.0,180.0,20.0,7.98,6.03
2026-07-06 17:00,-38.6,49.4,0.0,89.7,221.39,0.0,180.0,20.0,41.39,14.55
2026-07-06 18:00,-32.5,36.7,0.0,75.5,204.83,0.0,79.91,20.0,124.92,35.85
2026-07-06 19:00,-24.9,63.1,0.0,78.6,181.78,0.0,180.0,20.0,1.78,4.45
2026-07-06 20:00,-26.9,37.7,0.0,34.2,159.43,0.0,89.23,20.0,70.2,21.9
2026-07-06 21:00,-27.1,40.1,0.0,44.6,159.42,0.0,114.49,20.0,44.93,15.46
2026-07-06 22:00,-36.2,38.2,0.0,27.8,176.74,0.0,94.15,20.0,82.59,25.06
2026-07-06 23:00,-31.8,41.3,0.0,44.8,174.2,0.0,128.74,20.0,45.46,15.59
2026-07-07 00:00,-26.1,37.7,0.0,34.5,151.42,0.0,89.23,20.0,62.19,19.86
2026-07-07 01:00,-29.0,38.4,0.0,34.2,156.19,0.0,96.17,20.0,60.02,19.31
2026-07-07 02:00,-30.3,51.1,0.0,29.6,168.53,0.0,180.0,22.6,0.0,0.0
2026-07-07 03:00,-27.7,43.0,0.0,33.0,150.3,0.0,150.87,22.8,0.0,0.0
2026-07-07 04:00,-32.9,52.6,0.0,35.3,172.0,0.0,180.0,24.6,0.0,0.0
2026-07-07 05:00,-34.2,49.4,0.0,38.9,186.3,0.0,180.0,22.9,0.0,0.0
2026-07-07 06:00,-34.1,41.7,0.0,30.7,172.39,0.0,133.74,20.0,27.06,10.9
2026-07-07 07:00,-30.1,37.7,0.0,44.6,168.5,0.0,89.23,20.0,79.27,24.21
2026-07-07 08:00,-39.0,40.0,0.0,66.5,210.94,0.0,113.35,20.0,97.59,28.89
2026-07-07 09:00,-37.2,47.7,0.0,76.2,215.03,0.0,180.0,20.0,35.03,12.93
2026-07-07 10:00,-33.3,66.7,0.0,85.9,204.4,0.0,180.0,20.0,24.4,10.22
2026-07-07 11:00,-27.6,48.4,0.0,91.8,195.99,0.0,180.0,20.0,15.99,8.08
2026-07-07 12:00,-31.6,40.6,0.0,93.2,208.65,0.0,120.29,20.0,88.36,26.53
2026-07-07 13:00,-31.2,64.4,0.0,69.4,190.15,0.0,180.0,20.0,10.15,6.59
2026-07-07 14:00,-33.2,78.3,0.0,79.7,199.17,0.0,180.0,20.0,19.17,8.89
2026-07-07 15:00,-24.0,65.6,0.0,88.5,184.09,0.0,180.0,20.0,4.09,5.04
2026-07-07 16:00,-33.6,38.9,0.0,84.3,205.69,0.0,101.34,20.0,104.35,30.61
2026-07-07 17:00,-32.5,55.7,0.0,74.8,196.11,0.0,180.0,20.0,16.11,8.11
2026-07-07 18:00,-37.8,38.8,0.0,75.9,222.06,0.0,100.29,20.0,121.77,35.05
2026-07-07 19:00,-26.0,41.4,0.0,76.4,178.67,0.0,129.97,20.0,48.7,16.42
2026-07-07 20:00,-26.7,51.2,0.0,44.1,160.55,0.0,180.0,24.5,0.0,0.0
2026-07-07 21:00,-31.2,52.2,0.0,35.2,170.53,0.0,180.0,26.7,0.0,0.0
2026-07-07 22:00,-33.7,40.5,0.0,27.9,163.45,0.0,119.12,20.0,17.72,8.52
2026-07-07 23:00,-25.6,40.2,0.0,43.0,154.34,0.0,115.63,20.0,38.71,13.87
2026-07-08 00:00,-33.8,39.8,0.0,31.2,170.6,0.0,111.1,20.0,59.5,19.17
2026-07-08 01:00,-31.7,39.2,0.0,29.7,161.95,0.0,104.52,20.0,57.43,18.64
2026-07-08 02:00,-35.1,48.0,0.0,42.2,179.86,0.0,180.0,20.0,0.0,0.0
2026-07-08 03:00,-28.9,42.1,0.0,28.9,152.02,0.0,138.86,20.0,13.03,7.32
2026-07-08 04:00,-29.1,42.5,0.0,38.5,154.59,0.0,144.12,20.0,10.47,6.67
2026-07-08 05:00,-30.6,42.3,0.0,34.1,158.41,0.0,141.47,20.0,16.94,8.32
2026-07-08 06:00,-26.7,41.2,0.0,41.7,158.01,0.0,127.51,20.0,30.5,11.78
2026-07-08 07:00,-38.1,68.5,0.0,38.3,192.75,0.0,180.0,20.0,12.75,7.25
2026-07-08 08:00,-39.3,45.2,0.0,69.9,216.52,0.0,180.0,20.0,36.52,13.31
2026-07-08 09:00,-42.1,49.3,0.0,70.8,220.9,0.0,180.0,20.0,40.9,14.43
2026-07-08 10:00,-36.3,43.9,0.0,88.2,225.24,0.0,163.56,20.0,61.68,19.73
2026-07-08 11:00,-39.7,43.1,0.0,74.2,225.55,0.0,152.25,20.0,73.3,22.69
2026-07-08 12:00,-40.1,49.6,0.0,82.4,232.97,0.0,180.0,20.0,52.97,17.51
2026-07-08 13:00,-34.4,41.3,0.0,76.7,203.31,0.0,128.74,20.0,74.57,23.02
2026-07-08 14:00,-26.3,50.6,0.0,70.7,189.69,0.0,180.0,20.0,9.69,6.47
2026-07-08 15:00,-32.0,42.3,0.0,85.6,207.37,0.0,141.47,20.0,65.9,20.8
2026-07-08 16:00,-32.7,50.4,0.0,91.5,217.08,0.0,180.0,20.0,37.08,13.46
2026-07-08 17:00,-28.2,48.3,0.0,87.8,197.52,0.0,180.0,20.0,17.52,8.47
2026-07-08 18:00,-30.0,40.1,0.0,78.8,195.51,0.0,114.49,20.0,81.02,24.66
2026-07-08 19:00,-29.8,46.6,0.0,74.3,189.63,0.0,180.0,20.0,9.63,6.46
2026-07-08 20:00,-25.7,44.0,0.0,43.0,155.67,0.0,165.01,22.1,0.0,0.0
2026-07-08 21:00,-31.6,42.5,0.0,31.1,167.24,0.0,144.12,20.0,14.53,7.71
2026-07-08 22:00,-28.0,42.9,0.0,36.9,157.96,0.0,149.51,20.0,8.45,6.15
2026-07-08 23:00,-30.6,93.4,0.0,28.2,153.55,0.0,0.0,20.0,153.55,43.16
2026-07-09 00:00,-27.3,41.3,0.0,40.8,162.29,0.0,128.74,20.0,33.55,12.56
2026-07-09 01:00,-34.3,44.1,0.0,26.8,167.21,0.0,166.47,20.0,0.74,4.19
2026-07-09 02:00,-35.0,55.1,0.0,40.9,176.15,0.0,180.0,20.9,0.0,0.0
2026-07-09 03:00,-25.8,46.5,0.0,31.8,143.68,0.0,180.0,29.2,0.0,0.0
2026-07-09 04:00,-29.5,47.5,0.0,37.4,166.02,0.0,180.0,32.5,0.0,0.0
2026-07-09 05:00,-37.7,56.1,0.0,28.2,186.98,0.0,180.0,30.6,0.0,0.0
2026-07-09 06:00,-35.5,40.9,0.0,37.0,183.54,0.0,123.86,20.0,17.45,8.45
2026-07-09 07:00,-29.8,44.4,0.0,38.4,161.34,0.0,170.9,22.2,0.0,0.0
2026-07-09 08:00,-38.5,43.8,0.0,83.2,221.95,0.0,162.11,20.0,51.04,17.02
2026-07-09 09:00,-30.8,75.3,0.0,85.7,209.16,0.0,180.0,20.0,29.16,11.44
2026-07-09 10:00,-34.8,41.1,0.0,80.8,209.39,0.0,126.28,20.0,83.11,25.19
2026-07-09 11:00,-23.2,50.9,0.0,94.1,186.49,0.0,180.0,20.0,6.49,5.65
2026-07-09 12:00,-38.1,41.5,0.0,81.3,218.67,0.0,131.22,20.0,87.45,26.3
2026-07-09 13:00,-38.7,49.9,0.0,87.0,229.27,0.0,180.0,20.0,49.27,16.56
2026-07-09 14:00,-32.2,57.6,0.0,80.6,201.39,0.0,180.0,20.0,21.39,9.45
2026-07-09 15:00,-36.4,42.2,0.0,68.0,203.37,0.0,140.16,20.0,63.21,20.12
2026-07-09 16:00,-31.0,52.2,0.0,66.2,187.75,0.0,180.0,20.0,7.75,5.98
2026-07-09 17:00,-27.5,44.2,0.0,73.5,175.07,0.0,167.94,20.0,7.13,5.82
2026-07-09 18:00,-26.4,69.2,0.0,75.4,177.42,0.0,180.0,20.6,0.0,0.0
2026-07-09 19:00,-28.3,52.2,0.0,85.9,200.24,0.0,180.0,20.0,17.87,8.56
2026-07-09 20:00,-30.0,42.9,0.0,35.1,167.22,0.0,149.51,20.0,17.71,8.52
2026-07-09 21:00,-19.8,41.6,0.0,38.1,131.12,0.0,132.47,20.3,0.0,0.0
2026-07-09 22:00,-21.0,42.2,0.0,33.7,128.3,0.0,140.16,23.0,0.0,0.0
2026-07-09 23:00,-28.8,45.3,0.0,29.5,152.16,0.0,180.0,29.4,0.0,0.0
2026-07-10 00:00,-30.4,41.9,0.0,44.8,168.89,0.0,136.28,20.6,0.0,0.0
2026-07-10 01:00,-38.6,48.6,0.0,30.5,186.56,0.0,180.0,20.0,4.24,5.08
2026-07-10 02:00,-34.2,75.5,0.0,37.1,179.98,0.0,180.0,20.0,0.0,0.0
2026-07-10 03:00,-27.5,48.5,0.0,28.9,145.41,0.0,180.0,28.0,0.0,0.0
2026-07-10 04:00,-38.5,47.5,0.0,31.9,182.93,0.0,180.0,27.2,0.0,0.0
2026-07-10 05:00,-37.8,44.1,0.0,28.9,179.02,0.0,166.47,23.8,0.0,0.0
2026-07-10 06:00,-34.7,43.7,0.0,29.6,175.54,0.0,160.68,20.0,0.0,0.0
2026-07-10 07:00,-28.7,44.9,0.0,26.1,154.58,0.0,178.46,25.5,0.0,0.0
2026-07-10 08:00,-26.6,44.7,0.0,74.7,175.37,0.0,175.41,25.5,0.0,0.0
2026-07-10 09:00,-34.7,53.5,0.0,65.5,195.96,0.0,180.0,21.2,0.0,0.0
2026-07-10 10:00,-30.3,41.8,0.0,70.5,189.68,0.0,135.0,20.0,50.02,16.76
2026-07-10 11:00,-36.8,41.5,0.0,76.3,217.3,0.0,131.22,20.0,86.08,25.95
2026-07-10 12:00,-29.4,47.5,0.0,77.2,189.87,0.0,180.0,20.0,9.87,6.52
2026-07-10 13:00,-30.2,40.7,0.0,71.2,189.22,0.0,121.47,20.0,67.75,21.28
2026-07-10 14:00,-33.2,44.1,0.0,66.5,194.02,0.0,166.47,20.0,27.55,11.03
2026-07-10 15:00,-33.8,40.2,0.0,79.6,207.75,0.0,115.63,20.0,92.12,27.49
2026-07-10 16:00,-31.1,43.2,0.0,94.9,211.87,0.0,153.63,20.0,58.24,18.85
2026-07-10 17:00,-39.3,43.5,0.0,70.8,220.17,0.0,157.83,20.0,62.34,19.9
2026-07-10 18:00,-41.2,42.1,0.0,69.8,225.45,0.0,138.86,20.0,86.59,26.08
2026-07-10 19:00,-29.2,40.1,0.0,69.6,176.76,0.0,114.49,20.0,62.27,19.88
2026-07-10 20:00,-29.3,40.1,0.0,38.9,164.53,0.0,114.49,20.0,50.04,16.76
2026-07-10 21:00,-29.4,50.6,0.0,38.0,161.28,0.0,180.0,24.3,0.0,0.0
2026-07-10 22:00,-31.5,49.8,0.0,27.7,161.5,0.0,180.0,28.6,0.0,0.0
2026-07-10 23:00,-28.4,45.0,0.0,44.3,162.44,0.0,180.0,32.6,0.0,0.0
2026-07-11 00:00,-30.9,39.9,0.0,37.6,162.56,0.0,112.22,20.0,0.0,0.0
2026-07-11 01:00,-27.9,40.8,0.0,41.9,156.33,0.0,122.66,20.0,33.67,12.59
2026-07-11 02:00,-30.9,40.2,0.0,27.0,157.9,0.0,115.63,20.0,42.27,14.78
2026-07-11 03:00,-35.9,49.4,0.0,29.0,180.01,0.0,180.0,20.0,0.01,4.0
2026-07-11 04:00,-40.0,44.0,0.0,40.4,196.14,0.0,165.01,20.0,31.13,11.94
2026-07-11 05:00,-33.4,60.2,0.0,30.3,175.02,0.0,180.0,21.1,0.0,0.0
2026-07-11 06:00,-31.7,46.9,0.0,25.9,154.35,0.0,180.0,27.0,0.0,0.0
2026-07-11 07:00,-40.8,50.1,0.0,41.2,205.94,0.0,180.0,20.0,0.0,0.0
2026-07-11 08:00,-29.2,41.3,0.0,78.9,194.51,0.0,128.74,20.0,65.77,20.77
2026-07-11 09:00,-37.1,45.5,0.0,93.5,225.24,0.0,180.0,20.0,45.24,15.54
2026-07-11 10:00,-40.4,47.0,0.0,83.7,234.52,0.0,180.0,20.0,54.52,17.9
2026-07-11 11:00,-38.3,46.9,0.0,77.9,221.27,0.0,180.0,20.0,41.27,14.52
2026-07-11 12:00,-33.1,75.1,0.0,75.5,200.06,0.0,180.0,20.0,20.06,9.12
2026-07-11 13:00,-34.9,41.3,0.0,82.1,213.59,0.0,128.74,20.0,84.85,25.64
2026-07-11 14:00,-26.4,46.3,0.0,82.8,187.46,0.0,180.0,20.0,7.46,5.9
2026-07-11 15:00,-31.8,40.6,0.0,69.9,196.61,0.0,120.29,20.0,76.32,23.46
2026-07-11 16:00,-24.5,38.9,0.0,68.9,166.12,0.0,101.34,20.0,64.78,20.52
2026-07-11 17:00,-29.4,40.7,0.0,70.0,181.95,0.0,121.47,20.0,60.48,19.42
2026-07-11 18:00,-24.0,41.6,0.0,82.3,179.58,0.0,132.47,20.0,47.11,16.01
2026-07-11 19:00,-29.4,39.1,0.0,91.9,200.48,0.0,103.45,20.0,97.03,28.74
2026-07-11 20:00,-27.5,44.1,0.0,32.7,161.15,0.0,166.47,21.2,0.0,0.0
2026-07-11 21:00,-20.8,59.8,0.0,36.9,131.2,0.0,180.0,32.4,0.0,0.0
2026-07-11 22:00,-38.5,46.3,0.0,33.9,188.69,0.0,180.0,30.1,0.0,0.0
2026-07-11 23:00,-31.1,79.1,0.0,26.0,155.18,0.0,180.0,35.8,0.0,0.0
2026-07-12 00:00,-27.4,46.3,0.0,36.4,155.93,0.0,180.0,41.3,0.0,0.0
2026-07-12 01:00,-33.7,38.7,0.0,44.2,186.87,0.0,99.25,20.0,2.3,4.59
2026-07-12 02:00,-24.5,43.9,0.0,26.1,133.9,0.0,163.56,26.8,0.0,0.0
2026-07-12 03:00,-33.4,45.3,0.0,27.1,173.04,0.0,180.0,28.4,0.0,0.0
2026-07-12 04:00,-36.3,44.0,0.0,36.1,182.67,0.0,165.01,23.6,0.0,0.0
2026-07-12 05:00,-32.3,39.9,0.0,42.8,176.98,0.0,112.22,20.0,50.27,16.82
2026-07-12 06:00,-26.5,39.0,0.0,42.2,160.73,0.0,102.39,20.0,58.34,18.88
2026-07-12 07:00,-35.0,53.2,0.0,34.8,178.46,0.0,180.0,20.4,0.0,0.0
2026-07-12 08:00,-32.6,46.5,0.0,73.6,194.71,0.0,180.0,20.0,13.29,7.39
2026-07-12 09:00,-39.0,39.0,0.0,76.7,219.93,0.0,102.39,20.0,117.54,33.97
2026-07-12 10:00,-32.9,45.4,0.0,78.7,202.81,0.0,180.0,20.0,22.81,9.82
2026-07-12 11:00,-43.5,39.2,0.0,76.6,232.2,0.0,104.52,20.0,127.68,36.56
2026-07-12 12:00,-24.2,48.4,0.0,75.8,182.28,0.0,180.0,20.0,2.28,4.58
2026-07-12 13:00,-30.3,63.0,0.0,76.6,200.03,0.0,180.0,20.0,20.03,9.11
2026-07-12 14:00,-26.4,37.5,0.0,93.5,198.6,0.0,87.31,20.0,111.29,32.38
2026-07-12 15:00,-30.7,39.9,0.0,77.9,191.89,0.0,112.22,20.0,79.67,24.32
2026-07-12 16:00,-27.6,41.5,0.0,94.6,199.12,0.0,131.22,20.0,67.9,21.31
2026-07-12 17:00,-34.8,38.2,0.0,86.5,216.49,0.0,94.15,20.0,122.34,35.2
2026-07-12 18:00,-29.9,37.7,0.0,78.0,190.59,0.0,89.23,20.0,101.36,29.85
2026-07-12 19:00,-30.7,37.7,0.0,72.6,198.2,0.0,89.23,20.0,108.97,31.79
2026-07-12 20:00,-32.0,43.2,0.0,37.2,168.54,0.0,153.63,20.0,14.91,7.8
2026-07-12 21:00,-30.2,40.4,0.0,31.7,156.84,0.0,117.95,20.0,38.89,13.92
2026-07-12 22:00,-37.7,40.3,0.0,41.0,193.35,0.0,116.79,20.0,76.56,23.52
2026-07-12 23:00,-28.7,41.5,0.0,31.1,149.81,0.0,131.22,20.0,18.59,8.74
2026-07-13 00:00,-29.2,41.0,0.0,38.4,168.06,0.0,125.07,20.0,42.99,14.96
2026-07-13 01:00,-27.7,35.7,0.0,35.6,155.6,0.0,71.26,20.0,84.34,25.51
2026-07-13 02:00,-32.6,41.7,0.0,39.9,172.84,0.0,133.74,20.0,39.1,13.97
2026-07-13 03:00,-25.7,40.9,0.0,33.7,142.92,0.0,123.86,20.0,19.06,8.86
2026-07-13 04:00,-36.6,38.8,0.0,37.9,178.57,0.0,100.29,20.0,78.28,23.96
2026-07-13 05:00,-31.4,39.8,0.0,28.0,168.54,0.0,111.1,20.0,57.44,18.65
2026-07-13 06:00,-28.8,52.8,0.0,39.1,158.82,0.0,180.0,24.9,0.0,0.0
2026-07-13 07:00,-33.7,37.3,0.0,31.3,168.52,0.0,85.42,20.0,63.61,20.22
2026-07-13 08:00,-32.1,43.3,0.0,83.4,201.64,0.0,155.02,20.0,46.62,15.89
2026-07-13 09:00,-39.0,39.5,0.0,84.0,229.75,0.0,107.78,20.0,121.97,35.1
2026-07-13 10:00,-29.4,37.4,0.0,88.1,201.4,0.0,86.36,20.0,115.04,33.34
2026-07-13 11:00,-26.1,39.5,0.0,93.5,189.97,0.0,107.78,20.0,82.19,24.96
2026-07-13 12:00,-31.1,41.4,0.0,70.2,187.24,0.0,129.97,20.0,57.27,18.6
2026-07-13 13:00,-34.1,65.1,0.0,86.5,211.39,0.0,180.0,20.0,31.39,12.0
2026-07-13 14:00,-29.8,40.4,0.0,90.3,196.11,0.0,117.95,20.0,78.16,23.93
2026-07-13 15:00,-28.3,36.0,0.0,84.2,194.82,0.0,73.79,20.0,121.03,34.86
2026-07-13 16:00,-26.1,37.8,0.0,66.3,173.34,0.0,90.2,20.0,83.14,25.2
2026-07-13 17:00,-28.8,44.0,0.0,82.4,193.68,0.0,165.01,20.0,28.67,11.31
2026-07-13 18:00,-34.0,49.4,0.0,79.0,210.05,0.0,180.0,20.0,30.05,11.66
2026-07-13 19:00,-23.1,45.7,0.0,84.3,176.93,0.0,180.0,20.7,0.0,0.0
2026-07-13 20:00,-25.5,34.4,0.0,30.4,148.43,0.0,60.99,20.0,84.62,25.58
2026-07-13 21:00,-34.1,51.9,0.0,41.1,178.16,0.0,180.0,20.4,0.0,0.0
2026-07-13 22:00,-30.2,46.9,0.0,41.1,165.89,0.0,180.0,23.7,0.0,0.0
2026-07-13 23:00,-30.5,35.4,0.0,40.2,168.14,0.0,68.8,20.0,84.67,25.59
2026-07-14 00:00,-27.0,39.1,0.0,40.9,153.63,0.0,103.45,20.0,50.18,16.8
2026-07-14 01:00,-31.1,39.5,0.0,43.9,164.29,0.0,107.78,20.0,56.51,18.41
2026-07-14 02:00,-31.3,45.8,0.0,39.6,168.49,0.0,180.0,22.6,0.0,0.0
2026-07-14 03:00,-30.7,34.9,0.0,28.8,164.11,0.0,64.81,20.0,88.71,26.62
2026-07-14 04:00,-31.6,34.4,0.0,37.3,170.74,0.0,60.99,20.0,109.75,31.99
2026-07-14 05:00,-38.6,38.4,0.0,30.6,184.73,0.0,96.17,20.0,88.56,26.58
2026-07-14 06:00,-34.5,39.4,0.0,25.9,165.17,0.0,106.69,20.0,58.48,18.91
2026-07-14 07:00,-40.4,32.4,0.0,27.5,186.49,0.0,47.19,20.0,139.3,39.52
2026-07-14 08:00,-35.6,45.0,0.0,78.2,210.37,0.0,180.0,20.0,30.37,11.74
2026-07-14 09:00,-30.6,35.5,0.0,69.8,186.7,0.0,69.61,20.0,117.09,33.86
2026-07-14 10:00,-29.3,32.0,0.0,83.8,187.1,0.0,44.7,20.0,142.4,40.31
2026-07-14 11:00,-29.0,39.5,0.0,75.3,192.2,0.0,107.78,20.0,84.42,25.53
2026-07-14 12:00,-42.6,41.1,0.0,82.5,239.64,0.0,126.28,20.0,113.36,32.91
2026-07-14 13:00,-31.7,40.6,0.0,76.1,194.86,0.0,120.29,20.0,74.57,23.02
2026-07-14 14:00,-25.2,44.6,0.0,80.2,178.0,0.0,173.9,20.0,4.1,5.05
2026-07-14 15:00,-28.3,33.1,0.0,72.7,183.34,0.0,51.75,20.0,131.59,37.56
2026-07-14 16:00,-26.9,53.2,0.0,71.6,177.31,0.0,180.0,20.6,0.0,0.0
2026-07-14 17:00,-31.9,59.0,0.0,82.9,205.7,0.0,180.0,20.0,23.23,9.92
2026-07-14 18:00,-31.1,42.3,0.0,71.7,190.83,0.0,141.47,20.0,49.36,16.59
2026-07-14 19:00,-29.2,39.9,0.0,71.5,187.24,0.0,112.22,20.0,75.02,23.13
2026-07-14 20:00,-28.3,46.3,0.0,44.1,165.56,0.0,180.0,23.3,0.0,0.0
2026-07-14 21:00,-28.2,37.2,0.0,32.3,154.61,0.0,84.48,20.0,56.85,18.5
2026-07-14 22:00,-35.1,32.2,0.0,34.8,181.57,0.0,45.93,20.0,135.64,38.59
2026-07-14 23:00,-30.6,55.0,0.0,41.8,162.27,0.0,180.0,24.1,0.0,0.0
2026-07-15 00:00,-26.3,50.3,0.0,43.9,154.02,0.0,180.0,30.1,0.0,0.0
2026-07-15 01:00,-35.5,30.0,0.0,27.9,176.17,0.0,33.59,20.0,102.37,30.1
2026-07-15 02:00,-32.2,44.9,0.0,34.3,169.85,0.0,178.46,22.0,0.0,0.0
2026-07-15 03:00,-34.3,37.3,0.0,28.4,163.76,0.0,85.42,20.0,70.42,21.96
2026-07-15 04:00,-35.9,42.8,0.0,27.0,179.26,0.0,148.15,20.0,31.11,11.93
2026-07-15 05:00,-38.5,41.8,0.0,33.0,191.02,0.0,135.0,20.0,56.02,18.29
2026-07-15 06:00,-32.1,29.1,0.0,25.2,161.39,0.0,29.25,20.0,132.14,37.7
2026-07-15 07:00,-31.8,31.5,0.0,34.9,171.84,0.0,41.72,20.0,130.12,37.18
2026-07-15 08:00,-29.7,33.8,0.0,82.6,194.91,0.0,56.6,20.0,138.31,39.27
2026-07-15 09:00,-35.9,38.1,0.0,90.9,225.03,0.0,93.15,20.0,131.88,37.63
2026-07-15 10:00,-36.4,59.6,0.0,94.5,221.71,0.0,180.0,20.0,41.71,14.64
2026-07-15 11:00,-36.5,32.8,0.0,83.6,212.43,0.0,49.76,20.0,162.67,45.48
2026-07-15 12:00,-34.4,43.2,0.0,67.8,202.7,0.0,153.63,20.0,49.07,16.51
2026-07-15 13:00,-32.6,28.4,0.0,76.8,198.55,0.0,26.15,20.0,172.4,47.96
2026-07-15 14:00,-33.0,37.5,0.0,74.1,201.74,0.0,87.31,20.0,114.43,33.18
2026-07-15 15:00,-31.1,42.0,0.0,77.3,194.16,0.0,137.57,20.0,56.59,18.43
2026-07-15 16:00,-27.5,39.9,0.0,70.8,181.06,0.0,112.22,20.0,68.84,21.55
2026-07-15 17:00,-30.2,38.3,0.0,79.8,202.47,0.0,95.15,20.0,107.32,31.37
2026-07-15 18:00,-29.1,32.6,0.0,80.5,188.35,0.0,48.46,20.0,139.89,39.67
2026-07-15 19:00,-37.5,32.8,0.0,80.6,211.15,0.0,49.76,20.0,161.39,45.15
2026-07-15 20:00,-28.9,29.5,0.0,35.6,159.92,0.0,31.13,20.0,128.79,36.84
2026-07-15 21:00,-23.7,33.7,0.0,28.6,141.6,0.0,55.89,20.0,85.71,25.86
2026-07-15 22:00,-30.1,31.0,0.0,26.2,154.13,0.0,38.88,20.0,115.25,33.39
2026-07-15 23:00,-32.3,46.0,0.0,28.1,167.69,0.0,180.0,22.8,0.0,0.0
2026-07-16 00:00,-30.9,27.9,0.0,43.7,167.88,0.0,24.08,20.0,132.47,37.78
2026-07-16 01:00,-31.5,47.0,0.0,32.7,163.76,0.0,180.0,23.7,0.0,0.0
2026-07-16 02:00,-33.1,31.5,0.0,28.7,164.16,0.0,41.72,20.0,107.5,31.41
2026-07-16 03:00,-27.7,42.3,0.0,26.0,146.64,0.0,141.47,20.0,5.17,5.32
2026-07-16 04:00,-35.3,32.9,0.0,32.2,173.08,0.0,50.42,20.0,122.66,35.28
2026-07-16 05:00,-31.8,26.4,0.0,37.5,171.96,0.0,18.52,20.0,153.44,43.13
2026-07-16 06:00,-35.4,26.9,0.0,28.5,171.65,0.0,20.26,20.0,151.39,42.6
2026-07-16 07:00,-30.0,26.8,0.0,44.8,176.69,0.0,19.91,20.0,156.78,43.98
2026-07-16 08:00,-38.0,26.1,0.0,82.5,221.8,0.0,17.52,20.0,204.28,56.09
2026-07-16 09:00,-34.2,48.7,0.0,78.3,208.57,0.0,180.0,20.0,28.57,11.29
2026-07-16 10:00,-34.2,34.3,0.0,76.0,193.98,0.0,60.24,20.0,133.74,38.1
2026-07-16 11:00,-31.7,32.1,0.0,73.3,184.01,0.0,45.32,20.0,138.69,39.37
2026-07-16 12:00,-35.6,33.7,0.0,88.2,208.26,0.0,55.89,20.0,152.37,42.85
2026-07-16 13:00,-36.0,84.4,0.0,90.5,227.06,0.0,180.0,20.0,47.06,16.0
2026-07-16 14:00,-35.2,27.2,0.0,78.6,208.1,0.0,21.36,20.0,186.74,51.62
2026-07-16 15:00,-29.7,39.3,0.0,73.2,191.02,0.0,105.6,20.0,85.42,25.78
2026-07-16 16:00,-37.1,24.8,0.0,85.5,224.59,0.0,13.61,20.0,210.98,57.8
2026-07-16 17:00,-28.6,32.1,0.0,89.3,193.97,0.0,45.32,20.0,148.65,41.91
2026-07-16 18:00,-28.4,81.4,0.0,90.5,195.91,0.0,180.0,20.0,15.91,8.06
2026-07-16 19:00,-26.5,27.8,0.0,86.9,193.79,0.0,23.68,20.0,170.11,47.38
2026-07-16 20:00,-26.2,36.0,0.0,34.0,153.92,0.0,73.79,20.0,80.13,24.43
2026-07-16 21:00,-28.9,25.6,0.0,32.7,151.93,0.0,15.94,20.0,135.99,38.68
2026-07-16 22:00,-30.0,36.2,0.0,35.9,161.28,0.0,75.5,20.0,85.78,25.87
2026-07-16 23:00,-30.3,25.6,0.0,34.6,160.84,0.0,15.94,20.0,144.9,40.95
2026-07-17 00:00,-28.0,23.0,0.0,38.7,157.02,0.0,9.22,20.0,147.8,41.69
2026-07-17 01:00,-30.8,22.9,0.0,35.0,158.56,0.0,9.01,20.0,149.55,42.14
2026-07-17 02:00,-31.9,28.3,0.0,44.4,170.32,0.0,25.73,20.0,144.59,40.87
2026-07-17 03:00,-37.8,24.4,0.0,27.6,184.45,0.0,12.54,20.0,171.91,47.84
2026-07-17 04:00,-30.1,29.6,0.0,25.8,158.96,0.0,31.61,20.0,127.35,36.47
2026-07-17 05:00,-31.0,48.5,0.0,36.7,170.78,0.0,180.0,22.1,0.0,0.0
2026-07-17 06:00,-37.8,23.3,0.0,39.5,183.54,0.0,9.88,20.0,165.18,46.12
2026-07-17 07:00,-38.1,23.0,0.0,26.5,183.36,0.0,9.22,20.0,174.14,48.41
2026-07-17 08:00,-35.1,24.9,0.0,73.4,207.28,0.0,13.89,20.0,193.39,53.31
2026-07-17 09:00,-27.9,37.7,0.0,70.5,178.52,0.0,89.23,20.0,89.29,26.77
2026-07-17 10:00,-38.4,52.7,0.0,74.0,222.79,0.0,180.0,20.0,42.79,14.91
2026-07-17 11:00,-33.7,22.4,0.0,66.3,195.62,0.0,8.0,20.0,187.62,51.84
2026-07-17 12:00,-29.0,25.9,0.0,85.3,199.42,0.0,16.88,20.0,182.54,50.55
2026-07-17 13:00,-23.9,28.0,0.0,85.0,181.81,0.0,24.48,20.0,157.33,44.12
2026-07-17 14:00,-34.6,25.3,0.0,78.4,205.19,0.0,15.04,20.0,190.15,52.49
2026-07-17 15:00,-33.8,21.9,0.0,72.5,206.6,0.0,7.07,20.0,199.53,54.88
2026-07-17 16:00,-28.0,25.4,0.0,86.3,189.88,0.0,15.33,20.0,174.55,48.51
2026-07-17 17:00,-26.5,53.0,0.0,85.1,186.82,0.0,180.0,20.0,6.82,5.74
2026-07-17 18:00,-29.7,41.9,0.0,89.9,205.97,0.0,136.28,20.0,69.69,21.77
2026-07-17 19:00,-28.7,22.3,0.0,75.6,193.52,0.0,7.81,20.0,185.71,51.36
2026-07-17 20:00,-36.5,23.7,0.0,42.7,192.84,0.0,10.8,20.0,182.04,50.42
2026-07-17 21:00,-28.4,22.2,0.0,34.5,160.03,0.0,7.62,20.0,152.41,42.86
2026-07-17 22:00,-36.8,20.4,0.0,35.9,179.31,0.0,4.72,20.0,174.59,48.52
2026-07-17 23:00,-26.1,22.4,0.0,33.6,142.63,0.0,8.0,20.0,134.63,38.33
2026-07-18 00:00,-32.5,25.4,0.0,42.4,174.83,0.0,15.33,20.0,159.5,44.67
2026-07-18 01:00,-28.4,20.3,0.0,38.2,162.55,0.0,4.59,20.0,157.96,44.28
2026-07-18 02:00,-30.4,36.8,0.0,30.5,165.11,0.0,80.81,20.0,84.3,25.5
2026-07-18 03:00,-30.5,26.7,0.0,25.0,153.87,0.0,19.55,20.0,134.32,38.25
2026-07-18 04:00,-29.5,18.9,0.0,25.1,150.69,0.0,2.96,20.0,147.73,41.67
2026-07-18 05:00,-32.0,37.1,0.0,35.4,166.99,0.0,83.56,20.0,83.43,25.27
2026-07-18 06:00,-42.0,20.6,0.0,41.3,206.84,0.0,5.0,20.0,201.84,55.47
2026-07-18 07:00,-34.5,26.3,0.0,27.1,165.82,0.0,18.18,20.0,147.64,41.65
2026-07-18 08:00,-24.0,29.0,0.0,72.0,172.46,0.0,28.8,20.0,143.66,40.63
2026-07-18 09:00,-32.1,50.6,0.0,71.5,188.44,0.0,180.0,20.0,8.44,6.15
2026-07-18 10:00,-35.4,21.6,0.0,94.4,222.51,0.0,6.55,20.0,215.96,59.07
2026-07-18 11:00,-33.2,17.8,0.0,86.4,206.3,0.0,1.99,20.0,204.31,56.1
2026-07-18 12:00,-34.6,20.9,0.0,88.1,214.73,0.0,5.44,20.0,209.29,57.37
2026-07-18 13:00,-33.6,17.5,0.0,94.1,215.67,0.0,1.77,20.0,213.9,58.54
2026-07-18 14:00,-25.7,25.8,0.0,69.3,175.88,0.0,16.56,20.0,159.32,44.63
2026-07-18 15:00,-35.4,21.3,0.0,82.1,214.9,0.0,6.06,20.0,208.84,57.25
2026-07-18 16:00,-34.8,17.4,0.0,88.9,217.66,0.0,1.7,20.0,215.96,59.07
2026-07-18 17:00,-31.8,18.0,0.0,91.8,210.47,0.0,2.15,20.0,208.32,57.12
2026-07-18 18:00,-30.2,19.0,0.0,83.7,191.69,0.0,3.06,20.0,188.63,52.1
2026-07-18 19:00,-28.8,22.2,0.0,83.5,191.97,0.0,7.62,20.0,184.35,51.01
2026-07-18 20:00,-28.1,21.5,0.0,44.7,164.66,0.0,6.39,20.0,158.27,44.36
2026-07-18 21:00,-33.5,55.8,0.0,25.5,164.88,0.0,180.0,23.5,0.0,0.0
2026-07-18 22:00,-37.3,21.9,0.0,36.2,187.46,0.0,7.07,20.0,166.48,46.45
2026-07-18 23:00,-28.9,27.5,0.0,30.3,148.0,0.0,22.5,20.0,125.5,36.0
2026-07-19 00:00,-36.5,29.8,0.0,39.5,182.51,0.0,32.59,20.0,149.92,42.23
2026-07-19 01:00,-31.8,16.6,0.0,27.4,161.8,0.0,1.21,20.0,160.59,44.95
2026-07-19 02:00,-31.5,44.1,0.0,32.1,158.94,0.0,166.47,21.7,0.0,0.0
2026-07-19 03:00,-33.0,19.6,0.0,38.4,165.7,0.0,3.71,20.0,155.06,43.54
2026-07-19 04:00,-33.0,25.8,0.0,26.8,165.99,0.0,16.56,20.0,149.43,42.1
2026-07-19 05:00,-36.9,32.9,0.0,32.8,190.27,0.0,50.42,20.0,139.85,39.66
2026-07-19 06:00,-38.5,17.8,0.0,32.5,189.46,0.0,1.99,20.0,187.47,51.8
2026-07-19 07:00,-38.7,15.7,0.0,41.7,190.72,0.0,0.78,20.0,189.94,52.43
2026-07-19 08:00,-34.1,20.6,0.0,82.2,221.27,0.0,5.0,20.0,216.27,59.15
2026-07-19 09:00,-30.6,20.6,0.0,75.0,188.15,0.0,5.0,20.0,183.15,50.7
2026-07-19 10:00,-32.0,18.9,0.0,90.4,212.33,0.0,2.96,20.0,209.37,57.39
2026-07-19 11:00,-33.5,16.8,0.0,92.5,218.86,0.0,1.32,20.0,217.54,59.47
2026-07-19 12:00,-28.5,35.2,0.0,84.1,189.65,0.0,67.18,20.0,122.47,35.23
2026-07-19 13:00,-32.1,41.7,0.0,80.1,199.31,0.0,133.74,20.0,65.57,20.72
2026-07-19 14:00,-35.0,14.8,0.0,92.1,215.29,0.0,0.46,20.0,214.83,58.78
2026-07-19 15:00,-23.1,14.9,0.0,66.6,163.62,0.0,0.49,20.0,163.13,45.6
2026-07-19 16:00,-27.0,20.3,0.0,91.3,194.71,0.0,4.59,20.0,190.12,52.48
2026-07-19 17:00,-27.9,18.9,0.0,73.7,179.12,0.0,2.96,20.0,176.16,48.92
2026-07-19 18:00,-35.5,33.4,0.0,68.1,195.21,0.0,53.79,20.0,141.42,40.06
2026-07-19 19:00,-28.4,23.6,0.0,83.9,185.73,0.0,10.56,20.0,175.17,48.67
2026-07-19 20:00,-35.3,18.7,0.0,38.9,182.29,0.0,2.76,20.0,179.53,49.78
2026-07-19 21:00,-27.1,13.9,0.0,26.4,155.09,0.0,0.25,20.0,154.84,43.48
2026-07-19 22:00,-36.5,21.8,0.0,35.7,178.5,0.0,6.9,20.0,171.6,47.76
2026-07-19 23:00,-33.1,16.2,0.0,44.1,187.74,0.0,1.0,20.0,186.74,51.62
2026-07-20 00:00,-30.2,14.4,0.0,26.4,147.57,0.0,0.36,20.0,147.21,41.54
2026-07-20 01:00,-25.0,15.9,0.0,36.2,144.3,0.0,0.86,20.0,143.44,40.58
2026-07-20 02:00,-35.0,32.2,0.0,42.1,176.59,0.0,45.93,20.0,130.66,37.32
2026-07-20 03:00,-39.1,14.9,0.0,44.1,197.59,0.0,0.49,20.0,197.1,54.26
2026-07-20 04:00,-31.0,16.8,0.0,44.7,169.54,0.0,1.32,20.0,168.22,46.9
2026-07-20 05:00,-39.5,21.1,0.0,44.2,193.45,0.0,5.74,20.0,187.71,51.87
2026-07-20 06:00,-32.6,24.2,0.0,42.2,181.2,0.0,12.02,20.0,169.18,47.14
2026-07-20 07:00,-24.9,19.0,0.0,36.2,144.73,0.0,3.06,20.0,141.67,40.13
2026-07-20 08:00,-35.7,14.6,0.0,78.7,215.48,0.0,0.41,20.0,215.07,58.84
2026-07-20 09:00,-34.4,31.4,0.0,83.5,205.84,0.0,41.14,20.0,164.7,46.0
2026-07-20 10:00,-35.0,31.1,0.0,83.1,214.25,0.0,39.44,20.0,174.81,48.58
2026-07-20 11:00,-33.4,36.7,0.0,67.4,195.17,0.0,79.91,20.0,115.26,33.39
2026-07-20 12:00,-30.1,12.5,0.0,83.9,198.88,0.0,0.07,20.0,198.81,54.7
2026-07-20 13:00,-41.2,20.2,0.0,66.6,219.39,0.0,4.46,20.0,214.93,58.81
2026-07-20 14:00,-31.8,16.0,0.0,74.2,188.61,0.0,0.91,20.0,187.7,51.86
2026-07-20 15:00,-31.1,29.4,0.0,92.6,212.27,0.0,30.65,20.0,181.62,50.31
2026-07-20 16:00,-37.2,12.9,0.0,79.4,214.9,0.0,0.1,20.0,214.8,58.77
2026-07-20 17:00,-29.9,20.8,0.0,68.4,188.54,0.0,5.29,20.0,183.25,50.73
2026-07-20 18:00,-30.3,36.1,0.0,75.8,188.21,0.0,74.64,20.0,113.57,32.96
2026-07-20 19:00,-23.9,27.6,0.0,65.1,170.88,0.0,22.89,20.0,147.99,41.74
2026-07-20 20:00,-31.8,35.8,0.0,28.1,159.32,0.0,72.1,20.0,87.22,26.24
2026-07-20 21:00,-29.4,17.7,0.0,41.9,162.33,0.0,1.92,20.0,160.41,44.9
2026-07-20 22:00,-29.6,32.9,0.0,39.5,165.92,0.0,50.42,20.0,115.5,33.45
2026-07-20 23:00,-29.2,20.4,0.0,33.3,156.84,0.0,4.72,20.0,152.12,42.79
2026-07-21 00:00,-34.4,12.5,0.0,39.4,185.25,0.0,0.07,20.0,185.18,51.22
2026-07-21 01:00,-29.1,13.5,0.0,44.1,168.34,0.0,0.18,20.0,168.16,46.88
2026-07-21 02:00,-25.1,28.5,0.0,44.8,147.66,0.0,26.58,20.0,121.08,34.88
2026-07-21 03:00,-33.2,21.6,0.0,41.9,182.17,0.0,6.55,20.0,175.62,48.78
2026-07-21 04:00,-27.3,16.5,0.0,32.7,150.17,0.0,1.15,20.0,149.02,42.0
2026-07-21 05:00,-25.7,21.6,0.0,32.1,146.51,0.0,6.55,20.0,139.96,39.69
2026-07-21 06:00,-30.8,41.1,0.0,29.5,160.27,0.0,126.28,20.0,33.99,12.67
2026-07-21 07:00,-32.1,15.4,0.0,25.5,156.78,0.0,0.66,20.0,156.12,43.81
2026-07-21 08:00,-30.1,23.8,0.0,79.8,192.98,0.0,11.03,20.0,181.95,50.4
2026-07-21 09:00,-24.3,13.0,0.0,80.8,173.88,0.0,0.11,20.0,173.77,48.31
2026-07-21 10:00,-34.2,14.2,0.0,85.2,211.18,0.0,0.31,20.0,210.87,57.77
2026-07-21 11:00,-39.0,10.9,0.0,72.6,224.33,0.0,0.0,20.0,224.33,61.2
2026-07-21 12:00,-35.8,11.7,0.0,84.4,217.65,0.0,0.02,20.0,217.63,59.5
2026-07-21 13:00,-35.8,16.2,0.0,93.4,228.12,0.0,1.0,20.0,227.12,61.92
2026-07-21 14:00,-32.5,24.0,0.0,82.8,206.37,0.0,11.52,20.0,194.85,53.69
2026-07-21 15:00,-31.4,22.6,0.0,88.0,207.25,0.0,8.4,20.0,198.85,54.71
2026-07-21 16:00,-25.0,13.1,0.0,68.7,170.47,0.0,0.13,20.0,170.34,47.44
2026-07-21 17:00,-27.7,16.2,0.0,84.1,190.28,0.0,1.0,20.0,189.28,52.27
2026-07-21 18:00,-33.7,14.5,0.0,86.2,212.78,0.0,0.38,20.0,212.4,58.16
2026-07-21 19:00,-33.0,12.7,0.0,76.3,201.08,0.0,0.08,20.0,201.0,55.26
2026-07-21 20:00,-35.7,12.5,0.0,40.6,184.62,0.0,0.07,20.0,184.55,51.06
2026-07-21 21:00,-29.9,19.8,0.0,30.2,158.07,0.0,3.95,20.0,154.12,43.3
2026-07-21 22:00,-29.0,23.4,0.0,26.0,153.4,0.0,10.1,20.0,143.3,40.54
2026-07-21 23:00,-27.5,13.2,0.0,30.2,159.35,0.0,0.14,20.0,159.21,44.6
2026-07-22 00:00,-24.0,10.6,0.0,36.3,145.63,0.0,0.0,20.0,145.63,41.14
2026-07-22 01:00,-32.3,18.1,0.0,31.2,164.91,0.0,2.23,20.0,162.68,45.48
2026-07-22 02:00,-40.0,18.6,0.0,34.4,189.4,0.0,2.67,20.0,186.73,51.62
2026-07-22 03:00,-33.1,21.0,0.0,30.1,168.76,0.0,5.59,20.0,163.17,45.61
2026-07-22 04:00,-21.4,13.4,0.0,34.4,135.25,0.0,0.17,20.0,135.08,38.45
2026-07-22 05:00,-31.0,22.0,0.0,30.6,157.21,0.0,7.25,20.0,149.96,42.24
2026-07-22 06:00,-36.1,12.3,0.0,40.6,184.59,0.0,0.05,20.0,184.54,51.06
2026-07-22 07:00,-39.6,12.5,0.0,41.3,198.55,0.0,0.07,20.0,198.48,54.61
2026-07-22 08:00,-37.0,18.9,0.0,81.8,214.35,0.0,2.96,20.0,211.39,57.9
2026-07-22 09:00,-30.7,12.1,0.0,87.2,202.28,0.0,0.04,20.0,202.24,55.57
2026-07-22 10:00,-32.7,26.5,0.0,78.7,198.32,0.0,18.86,20.0,179.46,49.76
2026-07-22 11:00,-30.5,11.3,0.0,86.2,203.52,0.0,0.01,20.0,203.51,55.9
2026-07-22 12:00,-32.7,11.7,0.0,68.8,198.37,0.0,0.02,20.0,198.35,54.58
2026-07-22 13:00,-34.5,15.8,0.0,67.1,198.59,0.0,0.82,20.0,197.77,54.43
2026-07-22 14:00,-33.3,15.2,0.0,82.0,201.16,0.0,0.59,20.0,200.57,55.15
2026-07-22 15:00,-31.9,10.7,0.0,66.8,191.42,0.0,0.0,20.0,191.42,52.81
2026-07-22 16:00,-32.9,21.0,0.0,71.7,197.7,0.0,5.59,20.0,192.11,52.99
2026-07-22 17:00,-30.3,14.7,0.0,88.4,205.13,0.0,0.44,20.0,204.69,56.2
2026-07-22 18:00,-26.7,31.9,0.0,77.7,188.86,0.0,44.1,20.0,144.76,40.91
2026-07-22 19:00,-31.4,24.6,0.0,72.8,198.87,0.0,13.07,20.0,185.8,51.38
2026-07-22 20:00,-25.5,11.9,0.0,29.6,138.08,0.0,0.03,20.0,138.05,39.2
2026-07-22 21:00,-25.3,27.6,0.0,38.5,144.13,0.0,22.89,20.0,121.24,34.92
2026-07-22 22:00,-29.2,10.6,0.0,27.0,157.79,0.0,0.0,20.0,157.79,44.24
2026-07-22 23:00,-37.9,12.0,0.0,34.3,188.44,0.0,0.03,20.0,188.41,52.04
2026-07-23 00:00,-35.1,23.0,0.0,39.8,187.43,0.0,9.22,20.0,178.21,49.44
2026-07-23 01:00,-27.5,25.5,0.0,36.6,149.02,0.0,15.63,20.0,133.39,38.01
2026-07-23 02:00,-33.6,17.2,0.0,26.1,171.54,0.0,1.57,20.0,169.97,47.34
2026-07-23 03:00,-31.1,11.7,0.0,25.6,160.74,0.0,0.02,20.0,160.72,44.98
2026-07-23 04:00,-34.4,12.5,0.0,36.2,180.28,0.0,0.07,20.0,180.21,49.95
2026-07-23 05:00,-26.4,15.3,0.0,38.9,148.82,0.0,0.63,20.0,148.19,41.79
2026-07-23 06:00,-35.5,13.3,0.0,33.7,179.47,0.0,0.15,20.0,179.32,49.73
2026-07-23 07:00,-34.9,13.9,0.0,38.1,180.76,0.0,0.25,20.0,180.51,50.03
2026-07-23 08:00,-32.2,28.1,0.0,80.4,201.92,0.0,24.89,20.0,177.03,49.14
2026-07-23 09:00,-36.5,19.6,0.0,86.2,221.12,0.0,3.71,20.0,217.41,59.44
2026-07-23 10:00,-39.0,29.8,0.0,77.8,219.7,0.0,32.59,20.0,187.11,51.71
2026-07-23 11:00,-34.8,14.4,0.0,89.5,217.82,0.0,0.36,20.0,217.46,59.45
2026-07-23 12:00,-27.4,12.0,0.0,77.5,178.38,0.0,0.03,20.0,178.35,49.48
2026-07-23 13:00,-32.2,28.8,0.0,92.1,214.12,0.0,27.9,20.0,186.22,51.49
2026-07-23 14:00,-32.6,18.0,0.0,77.1,199.25,0.0,2.15,20.0,197.1,54.26
2026-07-23 15:00,-31.4,14.9,0.0,87.7,203.45,0.0,0.49,20.0,202.96,55.75
2026-07-23 16:00,-34.4,12.6,0.0,74.1,201.81,0.0,0.07,20.0,201.74,55.44
2026-07-23 17:00,-33.0,13.6,0.0,76.2,211.41,0.0,0.2,20.0,211.21,57.86
2026-07-23 18:00,-28.7,12.4,0.0,89.5,197.66,0.0,0.06,20.0,197.6,54.39
2026-07-23 19:00,-33.1,16.8,0.0,72.6,206.06,0.0,1.32,20.0,204.74,56.21
2026-07-23 20:00,-26.7,12.0,0.0,33.4,152.78,0.0,0.03,20.0,152.75,42.95
2026-07-23 21:00,-23.6,25.0,0.0,26.9,132.91,0.0,14.17,20.0,118.74,34.28
2026-07-23 22:00,-23.7,22.8,0.0,28.0,137.31,0.0,8.8,20.0,128.51,36.77
2026-07-23 23:00,-25.6,13.6,0.0,33.5,146.37,0.0,0.2,20.0,146.17,41.27
2026-07-24 00:00,-32.4,10.5,0.0,29.7,168.19,0.0,0.0,20.0,168.19,46.89
2026-07-24 01:00,-35.4,32.4,0.0,35.3,181.48,0.0,47.19,20.0,134.29,38.24
2026-07-24 02:00,-41.4,20.0,0.0,34.0,191.3,0.0,4.2,20.0,187.1,51.71
2026-07-24 03:00,-35.7,16.7,0.0,37.9,181.16,0.0,1.26,20.0,179.9,49.87
2026-07-24 04:00,-29.8,19.6,0.0,38.0,160.29,0.0,3.71,20.0,156.58,43.93
2026-07-24 05:00,-31.8,13.3,0.0,36.6,167.87,0.0,0.15,20.0,167.72,46.77
2026-07-24 06:00,-29.8,11.2,0.0,25.9,150.39,0.0,0.01,20.0,150.38,42.35
2026-07-24 07:00,-35.5,14.2,0.0,37.2,185.77,0.0,0.31,20.0,185.46,51.29
2026-07-24 08:00,-38.3,12.5,0.0,93.7,234.4,0.0,0.07,20.0,234.33,63.75
2026-07-24 09:00,-41.4,23.9,0.0,80.8,237.76,0.0,11.27,20.0,226.49,61.75
2026-07-24 10:00,-37.1,15.0,0.0,90.8,223.2,0.0,0.52,20.0,222.68,60.78
2026-07-24 11:00,-38.7,18.5,0.0,76.5,222.46,0.0,2.58,20.0,219.88,60.07
2026-07-24 12:00,-32.5,20.3,0.0,85.4,203.49,0.0,4.59,20.0,198.9,54.72
2026-07-24 13:00,-32.6,17.0,0.0,84.1,215.5,0.0,1.44,20.0,214.06,58.59
2026-07-24 14:00,-27.7,18.3,0.0,69.7,185.15,0.0,2.4,20.0,182.75,50.6
2026-07-24 15:00,-34.1,31.4,0.0,87.8,210.68,0.0,41.14,20.0,169.54,47.23
2026-07-24 16:00,-37.2,12.3,0.0,92.0,228.41,0.0,0.05,20.0,228.36,62.23
2026-07-24 17:00,-31.2,14.5,0.0,87.2,209.83,0.0,0.38,20.0,209.45,57.41
2026-07-24 18:00,-24.6,12.1,0.0,74.6,175.81,0.0,0.04,20.0,175.77,48.82
2026-07-24 19:00,-34.2,17.1,0.0,73.5,198.69,0.0,1.5,20.0,197.19,54.28
2026-07-24 20:00,-37.7,22.2,0.0,37.1,184.0,0.0,7.62,20.0,176.38,48.98
2026-07-24 21:00,-34.2,14.8,0.0,25.4,169.93,0.0,0.46,20.0,169.47,47.21
2026-07-24 22:00,-31.1,12.3,0.0,37.1,164.28,0.0,0.05,20.0,164.23,45.88
2026-07-24 23:00,-30.6,20.7,0.0,37.9,165.63,0.0,5.14,20.0,160.49,44.92
2026-07-25 00:00,-33.1,16.1,0.0,43.2,176.24,0.0,0.95,20.0,175.29,48.7
2026-07-25 01:00,-28.5,18.0,0.0,42.7,165.83,0.0,2.15,20.0,163.68,45.74
2026-07-25 02:00,-36.7,26.6,0.0,30.6,178.72,0.0,19.2,20.0,159.52,44.68
2026-07-25 03:00,-26.5,14.5,0.0,39.5,159.64,0.0,0.38,20.0,159.26,44.61
2026-07-25 04:00,-27.6,23.4,0.0,30.2,151.68,0.0,10.1,20.0,141.58,40.1
2026-07-25 05:00,-34.7,12.4,0.0,30.9,165.42,0.0,0.06,20.0,165.36,46.17
2026-07-25 06:00,-38.1,13.4,0.0,34.3,186.38,0.0,0.17,20.0,186.21,51.48
2026-07-25 07:00,-31.4,18.7,0.0,34.5,167.43,0.0,2.76,20.0,164.67,45.99
2026-07-25 08:00,-39.4,13.8,0.0,88.8,229.85,0.0,0.23,20.0,229.62,62.55
2026-07-25 09:00,-28.6,22.3,0.0,70.8,182.92,0.0,7.81,20.0,175.11,48.65
2026-07-25 10:00,-45.8,17.1,0.0,81.3,248.67,0.0,1.5,20.0,247.17,67.03
2026-07-25 11:00,-35.4,21.0,0.0,80.0,205.7,0.0,5.59,20.0,200.11,55.03
2026-07-25 12:00,-32.3,18.1,0.0,78.6,200.44,0.0,2.23,20.0,198.21,54.54
2026-07-25 13:00,-33.2,30.1,0.0,85.1,209.44,0.0,34.09,20.0,175.35,48.71
2026-07-25 14:00,-35.6,14.5,0.0,74.7,209.11,0.0,0.38,20.0,208.73,57.23
2026-07-25 15:00,-34.8,18.3,0.0,79.0,211.77,0.0,2.4,20.0,209.37,57.39
2026-07-25 16:00,-18.1,13.5,0.0,85.6,158.46,0.0,0.18,20.0,158.28,44.36
2026-07-25 17:00,-24.4,26.8,0.0,71.9,170.75,0.0,19.91,20.0,150.84,42.46
2026-07-25 18:00,-29.5,43.8,0.0,78.4,191.48,0.0,162.11,20.0,29.37,11.49
2026-07-25 19:00,-32.3,16.2,0.0,74.8,196.53,0.0,1.0,20.0,195.53,53.86
2026-07-25 20:00,-22.1,16.1,0.0,26.0,125.59,0.0,0.95,20.0,124.64,35.78
2026-07-25 21:00,-25.6,19.2,0.0,44.3,152.72,0.0,3.27,20.0,149.45,42.11
2026-07-25 22:00,-37.0,15.5,0.0,38.9,186.69,0.0,0.7,20.0,185.99,51.43
2026-07-25 23:00,-20.9,25.1,0.0,39.5,138.75,0.0,14.45,20.0,124.3,35.7
2026-07-26 00:00,-40.1,20.1,0.0,37.2,198.04,0.0,4.33,20.0,193.71,53.4
2026-07-26 01:00,-32.4,17.3,0.0,32.0,162.22,0.0,1.63,20.0,160.59,44.95
2026-07-26 02:00,-33.6,32.2,0.0,29.1,164.07,0.0,45.93,20.0,118.14,34.13
2026-07-26 03:00,-39.5,26.7,0.0,26.0,181.84,0.0,19.55,20.0,162.29,45.38
2026-07-26 04:00,-35.6,54.0,0.0,36.4,177.79,0.0,180.0,20.5,0.0,0.0
2026-07-26 05:00,-35.5,16.0,0.0,27.5,170.54,0.0,0.91,20.0,167.6,46.74
2026-07-26 06:00,-34.2,22.6,0.0,31.6,177.91,0.0,8.4,20.0,169.51,47.23
2026-07-26 07:00,-40.9,17.7,0.0,38.0,199.83,0.0,1.92,20.0,197.91,54.47
2026-07-26 08:00,-33.1,30.1,0.0,68.6,192.19,0.0,34.09,20.0,158.1,44.32
2026-07-26 09:00,-29.7,21.5,0.0,67.9,178.56,0.0,6.39,20.0,172.17,47.9
2026-07-26 10:00,-31.3,16.6,0.0,88.8,206.13,0.0,1.21,20.0,204.92,56.25
2026-07-26 11:00,-38.1,16.9,0.0,89.5,233.9,0.0,1.38,20.0,232.52,63.29
2026-07-26 12:00,-39.9,20.0,0.0,89.8,238.92,0.0,4.2,20.0,234.72,63.85
2026-07-26 13:00,-35.3,34.8,0.0,76.6,208.37,0.0,64.04,20.0,144.33,40.8
2026-07-26 14:00,-36.6,33.7,0.0,71.5,207.41,0.0,55.89,20.0,151.52,42.64
2026-07-26 15:00,-27.9,15.9,0.0,89.9,196.95,0.0,0.86,20.0,196.09,54.0
2026-07-26 16:00,-23.7,19.5,0.0,85.9,175.3,0.0,3.6,20.0,171.7,47.78
2026-07-26 17:00,-31.8,19.8,0.0,89.7,209.58,0.0,3.95,20.0,205.63,56.44
2026-07-26 18:00,-28.3,21.5,0.0,76.0,185.3,0.0,6.39,20.0,178.91,49.62
2026-07-26 19:00,-34.6,19.5,0.0,87.0,220.06,0.0,3.6,20.0,216.46,59.2
2026-07-26 20:00,-33.5,29.4,0.0,41.1,174.51,0.0,30.65,20.0,143.86,40.68
2026-07-26 21:00,-16.0,25.9,0.0,35.2,115.37,0.0,16.88,20.0,98.49,29.11
2026-07-26 22:00,-28.7,33.8,0.0,38.7,155.51,0.0,56.6,20.0,98.91,29.22
2026-07-26 23:00,-31.6,19.1,0.0,42.0,174.8,0.0,3.16,20.0,171.64,47.77
2026-07-27 00:00,-24.5,18.0,0.0,40.1,144.34,0.0,2.15,20.0,142.19,40.26
2026-07-27 01:00,-38.1,22.3,0.0,38.9,191.53,0.0,7.81,20.0,183.72,50.85
2026-07-27 02:00,-38.0,28.1,0.0,31.1,184.81,0.0,24.89,20.0,159.92,44.78
2026-07-27 03:00,-33.6,26.1,0.0,43.6,172.13,0.0,17.52,20.0,154.61,43.43
2026-07-27 04:00,-34.4,17.8,0.0,40.2,175.07,0.0,1.99,20.0,173.08,48.14
2026-07-27 05:00,-26.6,20.5,0.0,41.9,153.74,0.0,4.86,20.0,148.88,41.96
2026-07-27 06:00,-31.4,18.1,0.0,35.3,166.17,0.0,2.23,20.0,163.94,45.8
2026-07-27 07:00,-32.3,17.8,0.0,44.4,181.28,0.0,1.99,20.0,179.29,49.72
2026-07-27 08:00,-38.6,23.1,0.0,81.3,220.17,0.0,9.44,20.0,210.73,57.74
2026-07-27 09:00,-36.6,22.5,0.0,81.0,222.4,0.0,8.2,20.0,214.2,58.62
2026-07-27 10:00,-31.1,33.2,0.0,78.6,196.69,0.0,52.42,20.0,144.27,40.79
2026-07-27 11:00,-35.2,19.5,0.0,70.4,202.39,0.0,3.6,20.0,198.79,54.69
2026-07-27 12:00,-31.9,43.3,0.0,71.9,200.3,0.0,155.02,20.0,45.28,15.55
2026-07-27 13:00,-30.9,32.4,0.0,86.9,203.0,0.0,47.19,20.0,155.81,43.73
2026-07-27 14:00,-29.7,22.0,0.0,80.9,192.05,0.0,7.25,20.0,184.8,51.12
2026-07-27 15:00,-25.2,29.0,0.0,84.9,189.44,0.0,28.8,20.0,160.64,44.96
2026-07-27 16:00,-31.0,27.5,0.0,73.9,190.62,0.0,22.5,20.0,168.12,46.87
2026-07-27 17:00,-33.2,23.3,0.0,94.6,214.69,0.0,9.88,20.0,204.81,56.23
2026-07-27 18:00,-28.8,30.0,0.0,65.4,172.98,0.0,33.59,20.0,139.39,39.54
2026-07-27 19:00,-30.5,35.5,0.0,66.2,189.55,0.0,69.61,20.0,119.94,34.58
2026-07-27 20:00,-31.2,22.8,0.0,42.0,166.89,0.0,8.8,20.0,158.09,44.31
2026-07-27 21:00,-28.8,31.6,0.0,35.0,156.57,0.0,42.31,20.0,114.26,33.14
2026-07-27 22:00,-27.5,21.0,0.0,28.8,143.71,0.0,5.59,20.0,138.12,39.22
2026-07-27 23:00,-29.4,26.0,0.0,45.0,170.47,0.0,17.2,20.0,153.27,43.08
2026-07-28 00:00,-39.7,39.1,0.0,29.7,193.61,0.0,103.45,20.0,90.16,26.99
2026-07-28 01:00,-30.3,20.9,0.0,32.5,157.26,0.0,5.44,20.0,151.82,42.71
2026-07-28 02:00,-26.5,58.5,0.0,29.4,136.95,0.0,180.0,29.9,0.0,0.0
2026-07-28 03:00,-36.5,27.8,0.0,39.6,184.21,0.0,23.68,20.0,120.92,34.83
2026-07-28 04:00,-39.8,28.2,0.0,35.8,192.75,0.0,25.31,20.0,167.44,46.7
2026-07-28 05:00,-35.1,25.2,0.0,44.7,180.11,0.0,14.74,20.0,165.37,46.17
2026-07-28 06:00,-32.3,38.3,0.0,39.7,174.9,0.0,95.15,20.0,79.75,24.34
2026-07-28 07:00,-27.9,27.9,0.0,28.5,148.49,0.0,24.08,20.0,124.41,35.72
2026-07-28 08:00,-39.6,23.5,0.0,75.3,217.71,0.0,10.33,20.0,207.38,56.88
2026-07-28 09:00,-29.7,32.0,0.0,90.1,201.81,0.0,44.7,20.0,157.11,44.06
2026-07-28 10:00,-35.0,24.8,0.0,66.7,204.87,0.0,13.61,20.0,191.26,52.77
2026-07-28 11:00,-36.6,45.3,0.0,77.6,219.92,0.0,180.0,20.0,39.92,14.18
2026-07-28 12:00,-35.6,24.5,0.0,82.9,218.48,0.0,12.8,20.0,205.68,56.45
2026-07-28 13:00,-32.6,43.8,0.0,88.6,210.24,0.0,162.11,20.0,48.13,16.27
2026-07-28 14:00,-33.2,25.8,0.0,70.8,203.88,0.0,16.56,20.0,187.32,51.77
2026-07-28 15:00,-34.8,24.3,0.0,94.7,225.5,0.0,12.28,20.0,213.22,58.37
2026-07-28 16:00,-34.9,36.5,0.0,67.7,194.12,0.0,78.13,20.0,115.99,33.58
2026-07-28 17:00,-28.5,32.0,0.0,87.6,195.34,0.0,44.7,20.0,150.64,42.41
2026-07-28 18:00,-30.0,26.2,0.0,77.3,187.2,0.0,17.85,20.0,169.35,47.18
2026-07-28 19:00,-30.1,37.4,0.0,69.3,184.66,0.0,86.36,20.0,98.3,29.07
2026-07-28 20:00,-21.9,24.9,0.0,35.2,137.8,0.0,13.89,20.0,123.91,35.6
2026-07-28 21:00,-29.5,24.3,0.0,37.6,165.13,0.0,12.28,20.0,152.85,42.98
2026-07-28 22:00,-31.3,23.9,0.0,28.1,160.53,0.0,11.27,20.0,149.26,42.06
2026-07-28 23:00,-31.9,28.1,0.0,32.4,162.91,0.0,24.89,20.0,138.02,39.2
2026-07-29 00:00,-29.7,40.1,0.0,35.5,164.17,0.0,114.49,20.0,49.68,16.67
2026-07-29 01:00,-31.7,37.4,0.0,28.9,158.6,0.0,86.36,20.0,72.24,22.42
2026-07-29 02:00,-33.1,27.7,0.0,31.1,165.68,0.0,23.28,20.0,142.4,40.31
2026-07-29 03:00,-34.2,33.0,0.0,32.7,170.64,0.0,51.08,20.0,119.56,34.49
2026-07-29 04:00,-30.8,30.4,0.0,30.0,168.83,0.0,35.64,20.0,133.19,37.96
2026-07-29 05:00,-35.5,28.7,0.0,36.5,180.05,0.0,27.45,20.0,152.6,42.91
2026-07-29 06:00,-36.5,26.3,0.0,26.4,172.61,0.0,18.18,20.0,154.43,43.38
2026-07-29 07:00,-36.7,32.9,0.0,38.0,176.5,0.0,50.42,20.0,126.08,36.15
2026-07-29 08:00,-32.2,42.1,0.0,83.7,199.46,0.0,138.86,20.0,60.6,19.45
2026-07-29 09:00,-32.9,28.6,0.0,87.2,209.48,0.0,27.02,20.0,182.46,50.53
2026-07-29 10:00,-34.8,25.1,0.0,65.8,202.21,0.0,14.45,20.0,187.76,51.88
2026-07-29 11:00,-32.5,26.0,0.0,66.6,195.19,0.0,17.2,20.0,177.99,49.39
2026-07-29 12:00,-31.1,26.2,0.0,74.0,196.12,0.0,17.85,20.0,178.27,49.46
2026-07-29 13:00,-32.1,50.5,0.0,79.4,207.31,0.0,180.0,20.0,27.31,10.96
2026-07-29 14:00,-31.6,48.4,0.0,77.0,206.0,0.0,180.0,20.0,26.0,10.63
2026-07-29 15:00,-34.2,41.0,0.0,79.9,203.88,0.0,125.07,20.0,78.81,24.1
2026-07-29 16:00,-28.2,27.0,0.0,65.2,169.79,0.0,20.63,20.0,149.16,42.04
2026-07-29 17:00,-27.3,35.9,0.0,89.8,187.58,0.0,72.94,20.0,114.64,33.23
2026-07-29 18:00,-30.4,36.9,0.0,67.2,189.59,0.0,81.72,20.0,107.87,31.51
2026-07-29 19:00,-35.3,29.0,0.0,84.4,214.24,0.0,28.8,20.0,185.44,51.29
2026-07-29 20:00,-26.2,30.7,0.0,28.4,136.07,0.0,37.24,20.0,98.83,29.2
2026-07-29 21:00,-29.0,39.3,0.0,31.8,153.36,0.0,105.6,20.0,47.76,16.18
2026-07-29 22:00,-25.1,28.7,0.0,27.4,138.17,0.0,27.45,20.0,110.72,32.23
2026-07-29 23:00,-21.4,34.2,0.0,39.3,137.02,0.0,59.5,20.0,77.52,23.77
2026-07-30 00:00,-31.2,29.2,0.0,40.2,166.4,0.0,29.71,20.0,136.69,38.86
2026-07-30 01:00,-32.9,28.0,0.0,30.1,169.49,0.0,24.48,20.0,145.01,40.98
2026-07-30 02:00,-33.2,33.5,0.0,44.5,175.87,0.0,54.48,20.0,121.39,34.95
2026-07-30 03:00,-38.1,28.9,0.0,28.5,180.35,0.0,28.34,20.0,152.01,42.76
2026-07-30 04:00,-30.9,28.1,0.0,44.9,168.75,0.0,24.89,20.0,143.86,40.68
2026-07-30 05:00,-23.0,31.3,0.0,38.8,147.24,0.0,40.57,20.0,106.67,31.2
2026-07-30 06:00,-42.3,30.4,0.0,43.5,205.63,0.0,35.64,20.0,169.99,47.35
2026-07-30 07:00,-36.5,31.5,0.0,26.7,168.86,0.0,41.72,20.0,127.14,36.42
2026-07-30 08:00,-36.5,37.7,0.0,77.2,211.7,0.0,89.23,20.0,122.47,35.23
2026-07-30 09:00,-31.6,30.0,0.0,81.9,205.37,0.0,33.59,20.0,171.78,47.8
2026-07-30 10:00,-31.2,35.8,0.0,87.2,209.63,0.0,72.1,20.0,137.53,39.07
2026-07-30 11:00,-33.8,31.2,0.0,82.2,208.8,0.0,40.0,20.0,168.8,47.04
2026-07-30 12:00,-30.7,34.0,0.0,84.3,198.52,0.0,58.04,20.0,140.48,39.82
2026-07-30 13:00,-31.9,39.5,0.0,69.5,193.78,0.0,107.78,20.0,86.0,25.93
2026-07-30 14:00,-30.6,36.6,0.0,92.6,210.46,0.0,79.02,20.0,131.44,37.52
2026-07-30 15:00,-34.6,35.0,0.0,87.5,212.19,0.0,65.6,20.0,146.59,41.38
2026-07-30 16:00,-22.4,34.2,0.0,83.3,169.88,0.0,59.5,20.0,110.38,32.15
2026-07-30 17:00,-32.0,39.0,0.0,88.6,209.62,0.0,102.39,20.0,107.23,31.34
2026-07-30 18:00,-37.5,29.7,0.0,88.9,223.39,0.0,32.1,20.0,191.29,52.78
2026-07-30 19:00,-34.2,33.1,0.0,80.0,202.91,0.0,51.75,20.0,151.16,42.55
2026-07-30 20:00,-25.5,33.9,0.0,38.3,152.3,0.0,57.31,20.0,94.99,28.22
2026-07-30 21:00,-33.5,30.9,0.0,42.9,182.58,0.0,38.33,20.0,144.25,40.78
2026-07-30 22:00,-25.3,30.7,0.0,41.4,156.4,0.0,37.24,20.0,119.16,34.39
2026-07-30 23:00,-25.6,59.7,0.0,44.1,154.87,0.0,180.0,25.8,0.0,0.0
2026-07-31 00:00,-32.6,38.0,0.0,25.8,165.61,0.0,92.16,20.0,50.33,16.83
2026-07-31 01:00,-32.9,34.9,0.0,41.3,176.32,0.0,64.81,20.0,111.51,32.44
2026-07-31 02:00,-34.0,39.7,0.0,44.4,180.68,0.0,109.99,20.0,70.69,22.03
2026-07-31 03:00,-37.4,34.4,0.0,44.5,194.71,0.0,60.99,20.0,133.72,38.1
2026-07-31 04:00,-31.9,35.1,0.0,40.4,165.48,0.0,66.39,20.0,99.09,29.27
2026-07-31 05:00,-35.3,39.8,0.0,36.0,182.42,0.0,111.1,20.0,71.32,22.19
2026-07-31 06:00,-38.0,37.5,0.0,28.1,177.92,0.0,87.31,20.0,90.61,27.11
2026-07-31 07:00,-35.5,32.5,0.0,34.5,175.69,0.0,47.82,20.0,127.87,36.61
2026-07-31 08:00,-28.3,56.0,0.0,87.6,192.46,0.0,180.0,20.0,12.46,7.18
2026-07-31 09:00,-36.7,36.1,0.0,73.4,201.94,0.0,74.64,20.0,127.3,36.46
2026-07-31 10:00,-35.4,38.8,0.0,72.2,209.31,0.0,100.29,20.0,109.02,31.8
2026-07-31 11:00,-31.3,34.8,0.0,85.4,205.92,0.0,64.04,20.0,141.88,40.18
2026-07-31 12:00,-31.1,39.5,0.0,82.2,207.23,0.0,107.78,20.0,99.45,29.36
2026-07-31 13:00,-31.7,37.3,0.0,78.2,196.72,0.0,85.42,20.0,111.3,32.38
2026-07-31 14:00,-34.1,32.7,0.0,73.3,201.71,0.0,49.11,20.0,152.6,42.91
2026-07-31 15:00,-34.5,39.9,0.0,94.5,221.63,0.0,112.22,20.0,109.41,31.9
2026-07-31 16:00,-27.6,80.8,0.0,82.7,187.47,0.0,180.0,20.0,7.47,5.9
2026-07-31 17:00,-25.8,47.7,0.0,70.1,169.32,0.0,180.0,22.5,0.0,0.0
2026-07-31 18:00,-37.5,35.6,0.0,90.8,225.08,0.0,70.43,20.0,144.82,40.93
2026-07-31 19:00,-36.9,40.4,0.0,71.6,207.23,0.0,117.95,20.0,89.28,26.77
2026-07-31 20:00,-29.0,37.4,0.0,30.9,148.73,0.0,86.36,20.0,62.37,19.9
2026-07-31 21:00,-29.5,46.8,0.0,42.0,162.21,0.0,180.0,24.1,0.0,0.0
2026-07-31 22:00,-27.7,48.9,0.0,33.2,146.89,0.0,180.0,31.7,0.0,0.0
2026-07-31 23:00,-32.9,35.1,0.0,28.9,162.7,0.0,66.39,20.0,49.48,16.62
2026-08-01 00:00,-30.3,40.3,0.0,32.8,158.23,0.0,116.79,20.0,41.44,14.57
2026-08-01 01:00,-29.3,35.3,0.0,27.4,153.91,0.0,67.99,20.0,85.92,25.91
2026-08-01 02:00,-32.4,37.2,0.0,33.6,166.59,0.0,84.48,20.0,82.11,24.94
2026-08-01 03:00,-26.1,38.0,0.0,31.6,146.3,0.0,92.16,20.0,54.14,17.81
2026-08-01 04:00,-32.0,36.3,0.0,31.3,166.01,0.0,76.37,20.0,89.64,26.86
2026-08-01 05:00,-36.1,35.9,0.0,28.6,168.25,0.0,72.94,20.0,95.31,28.3
2026-08-01 06:00,-28.1,49.0,0.0,44.6,160.57,0.0,180.0,24.5,0.0,0.0
2026-08-01 07:00,-33.4,37.7,0.0,29.1,174.1,0.0,89.23,20.0,66.99,21.08
2026-08-01 08:00,-36.7,36.2,0.0,93.9,220.17,0.0,75.5,20.0,144.67,40.89
2026-08-01 09:00,-35.5,45.5,0.0,85.1,221.08,0.0,180.0,20.0,41.08,14.48
2026-08-01 10:00,-36.7,40.6,0.0,84.1,215.0,0.0,120.29,20.0,94.71,28.15
2026-08-01 11:00,-40.2,39.6,0.0,79.9,237.81,0.0,108.88,20.0,128.93,36.88
2026-08-01 12:00,-27.4,52.6,0.0,84.0,180.44,0.0,180.0,20.0,0.44,4.11
2026-08-01 13:00,-29.9,43.4,0.0,82.4,202.7,0.0,156.43,20.0,46.27,15.8
2026-08-01 14:00,-32.4,36.2,0.0,67.9,191.95,0.0,75.5,20.0,116.45,33.69
2026-08-01 15:00,-32.7,48.3,0.0,73.2,204.03,0.0,180.0,20.0,24.03,10.13
2026-08-01 16:00,-34.2,43.2,0.0,89.4,212.12,0.0,153.63,20.0,58.49,18.91
2026-08-01 17:00,-38.9,64.7,0.0,68.5,211.44,0.0,180.0,20.0,31.44,12.02
2026-08-01 18:00,-40.1,36.5,0.0,73.0,220.57,0.0,78.13,20.0,142.44,40.32
2026-08-01 19:00,-24.8,41.7,0.0,83.0,182.26,0.0,133.74,20.0,48.52,16.37
2026-08-01 20:00,-27.3,36.7,0.0,31.6,151.15,0.0,79.91,20.0,71.24,22.17
2026-08-01 21:00,-30.5,59.4,0.0,33.7,161.12,0.0,180.0,24.3,0.0,0.0
2026-08-01 22:00,-28.6,44.0,0.0,26.8,148.55,0.0,165.01,28.1,0.0,0.0
2026-08-01 23:00,-33.9,43.6,0.0,34.5,171.65,0.0,159.25,24.8,0.0,0.0
2026-08-02 00:00,-35.8,38.3,0.0,28.2,171.54,0.0,95.15,20.0,57.36,18.63
2026-08-02 01:00,-27.4,44.6,0.0,32.4,149.96,0.0,173.9,25.5,0.0,0.0
2026-08-02 02:00,-30.9,38.6,0.0,37.9,167.99,0.0,98.21,20.0,47.76,16.18
2026-08-02 03:00,-32.7,47.2,0.0,44.4,180.22,0.0,180.0,20.0,0.22,4.06
2026-08-02 04:00,-35.8,38.9,0.0,36.9,182.46,0.0,101.34,20.0,81.12,24.69
2026-08-02 05:00,-37.9,46.5,0.0,35.5,177.77,0.0,180.0,20.5,0.0,0.0
2026-08-02 06:00,-36.9,44.1,0.0,42.4,188.11,0.0,166.47,20.0,19.59,9.0
2026-08-02 07:00,-38.3,38.1,0.0,41.3,198.64,0.0,93.15,20.0,105.49,30.9
2026-08-02 08:00,-35.1,47.5,0.0,77.3,211.66,0.0,180.0,20.0,31.66,12.07
2026-08-02 09:00,-29.4,37.9,0.0,80.9,193.79,0.0,91.18,20.0,102.61,30.17
2026-08-02 10:00,-36.7,45.5,0.0,65.8,201.25,0.0,180.0,20.0,21.25,9.42
2026-08-02 11:00,-40.1,46.2,0.0,69.2,221.98,0.0,180.0,20.0,41.98,14.7
2026-08-02 12:00,-30.0,65.8,0.0,92.3,209.45,0.0,180.0,20.0,29.45,11.51
2026-08-02 13:00,-28.3,37.7,0.0,68.7,187.71,0.0,89.23,20.0,98.48,29.11
2026-08-02 14:00,-28.7,56.5,0.0,69.5,183.64,0.0,180.0,20.0,3.64,4.93
2026-08-02 15:00,-33.2,42.7,0.0,87.6,210.46,0.0,146.8,20.0,63.66,20.23
2026-08-02 16:00,-30.8,38.5,0.0,76.4,200.76,0.0,97.19,20.0,103.57,30.41
2026-08-02 17:00,-25.7,48.4,0.0,92.4,187.23,0.0,180.0,20.0,7.23,5.84
2026-08-02 18:00,-28.6,42.9,0.0,92.8,190.44,0.0,149.51,20.0,40.93,14.44
2026-08-02 19:00,-27.1,39.1,0.0,88.8,194.32,0.0,103.45,20.0,90.87,27.17
2026-08-02 20:00,-31.0,38.5,0.0,38.6,166.93,0.0,97.19,20.0,69.74,21.78
2026-08-02 21:00,-25.8,48.7,0.0,25.4,139.3,0.0,180.0,29.4,0.0,0.0
2026-08-02 22:00,-33.8,42.6,0.0,37.5,177.67,0.0,145.45,20.6,0.0,0.0
2026-08-02 23:00,-30.7,51.5,0.0,40.7,172.02,0.0,180.0,22.4,0.0,0.0
2026-08-03 00:00,-30.6,48.0,0.0,25.6,145.49,0.0,180.0,30.4,0.0,0.0
2026-08-03 01:00,-30.3,40.7,0.0,44.6,170.9,0.0,121.47,20.0,7.92,6.02
2026-08-03 02:00,-27.5,43.3,0.0,39.7,153.77,0.0,155.02,20.3,0.0,0.0
2026-08-03 03:00,-34.6,39.4,0.0,42.3,178.56,0.0,106.69,20.0,70.72,22.03
2026-08-03 04:00,-29.1,52.3,0.0,43.0,159.99,0.0,180.0,24.6,0.0,0.0
2026-08-03 05:00,-31.2,49.1,0.0,25.2,154.51,0.0,180.0,30.5,0.0,0.0
2026-08-03 06:00,-34.3,43.1,0.0,43.4,175.21,0.0,152.25,24.2,0.0,0.0
2026-08-03 07:00,-32.2,43.7,0.0,44.3,174.55,0.0,160.68,20.5,0.0,0.0
2026-08-03 08:00,-31.5,39.7,0.0,82.6,203.89,0.0,109.99,20.0,92.07,27.48
2026-08-03 09:00,-36.2,46.7,0.0,86.8,216.85,0.0,180.0,20.0,36.85,13.4
2026-08-03 10:00,-34.0,45.6,0.0,67.4,196.1,0.0,180.0,20.0,16.1,8.11
2026-08-03 11:00,-26.4,39.4,0.0,87.8,189.35,0.0,106.69,20.0,82.66,25.08
2026-08-03 12:00,-28.4,41.0,0.0,90.0,198.48,0.0,125.07,20.0,73.41,22.72
2026-08-03 13:00,-33.4,40.9,0.0,91.3,211.03,0.0,123.86,20.0,87.17,26.23
2026-08-03 14:00,-30.6,47.9,0.0,93.3,202.95,0.0,180.0,20.0,22.95,9.85
2026-08-03 15:00,-30.8,39.3,0.0,75.8,195.97,0.0,105.6,20.0,90.37,27.04
2026-08-03 16:00,-31.7,46.7,0.0,93.8,226.02,0.0,180.0,20.0,46.02,15.74
2026-08-03 17:00,-27.3,53.2,0.0,73.3,179.25,0.0,180.0,20.2,0.0,0.0
2026-08-03 18:00,-26.3,44.5,0.0,71.0,181.18,0.0,172.4,20.0,8.09,6.06
2026-08-03 19:00,-28.3,40.9,0.0,86.1,197.02,0.0,123.86,20.0,73.16,22.66
2026-08-03 20:00,-27.4,41.4,0.0,44.8,161.56,0.0,129.97,20.0,31.59,12.06
2026-08-03 21:00,-28.3,48.0,0.0,33.4,150.22,0.0,180.0,26.8,0.0,0.0
2026-08-03 22:00,-25.9,47.8,0.0,34.9,147.8,0.0,180.0,34.3,0.0,0.0
2026-08-03 23:00,-30.1,39.9,0.0,40.6,165.3,0.0,112.22,20.0,0.0,0.0
2026-08-04 00:00,-33.9,46.3,0.0,30.6,169.5,0.0,180.0,22.4,0.0,0.0
2026-08-04 01:00,-26.3,49.4,0.0,44.8,161.84,0.0,180.0,26.6,0.0,0.0
2026-08-04 02:00,-34.8,52.7,0.0,36.6,168.63,0.0,180.0,29.2,0.0,0.0
2026-08-04 03:00,-39.1,40.8,0.0,38.2,191.28,0.0,122.66,20.0,31.79,12.11
2026-08-04 04:00,-40.2,42.8,0.0,33.9,190.09,0.0,148.15,20.0,41.94,14.69
2026-08-04 05:00,-29.5,61.9,0.0,35.4,166.17,0.0,180.0,23.2,0.0,0.0
2026-08-04 06:00,-40.1,51.0,0.0,27.8,187.6,0.0,180.0,21.1,0.0,0.0
2026-08-04 07:00,-45.2,48.4,0.0,43.4,214.97,0.0,180.0,20.0,30.51,11.78
2026-08-04 08:00,-31.4,45.7,0.0,78.6,196.04,0.0,180.0,20.0,16.04,8.09
2026-08-04 09:00,-31.4,68.1,0.0,82.5,207.63,0.0,180.0,20.0,27.63,11.05
2026-08-04 10:00,-24.8,53.1,0.0,83.4,173.51,0.0,180.0,21.5,0.0,0.0
2026-08-04 11:00,-32.9,47.6,0.0,76.4,201.85,0.0,180.0,20.0,15.88,8.05
2026-08-04 12:00,-29.0,40.0,0.0,79.0,196.18,0.0,113.35,20.0,82.83,25.12
2026-08-04 13:00,-32.7,52.0,0.0,78.5,209.31,0.0,180.0,20.0,29.31,11.47
2026-08-04 14:00,-32.6,46.2,0.0,75.5,196.52,0.0,180.0,20.0,16.52,8.21
2026-08-04 15:00,-28.3,43.7,0.0,83.9,187.88,0.0,160.68,20.0,27.2,10.94
2026-08-04 16:00,-27.9,43.7,0.0,82.0,192.81,0.0,160.68,20.0,32.13,12.19
2026-08-04 17:00,-26.0,56.8,0.0,75.3,178.1,0.0,180.0,20.4,0.0,0.0
2026-08-04 18:00,-26.0,48.5,0.0,74.9,170.42,0.0,180.0,22.6,0.0,0.0
2026-08-04 19:00,-27.7,48.4,0.0,69.8,180.72,0.0,180.0,22.4,0.0,0.0
2026-08-04 20:00,-24.6,56.4,0.0,32.0,150.99,0.0,180.0,29.1,0.0,0.0
2026-08-04 21:00,-22.2,45.9,0.0,39.4,133.8,0.0,180.0,39.7,0.0,0.0
2026-08-04 22:00,-29.5,41.0,0.0,31.3,154.71,0.0,125.07,31.7,0.0,0.0
2026-08-04 23:00,-34.0,43.0,0.0,39.1,178.92,0.0,150.87,24.1,0.0,0.0
2026-08-05 00:00,-33.5,46.9,0.0,27.9,168.15,0.0,180.0,26.8,0.0,0.0
2026-08-05 01:00,-32.4,40.9,0.0,44.9,169.8,0.0,123.86,20.0,18.77,8.79
2026-08-05 02:00,-30.1,54.2,0.0,44.9,166.75,0.0,180.0,23.0,0.0,0.0
2026-08-05 03:00,-28.5,65.3,0.0,28.5,150.79,0.0,180.0,29.8,0.0,0.0
2026-08-05 04:00,-36.1,47.7,0.0,36.6,181.84,0.0,180.0,29.3,0.0,0.0
2026-08-05 05:00,-31.4,40.3,0.0,41.1,167.95,0.0,116.79,20.0,14.1,7.6
2026-08-05 06:00,-34.0,40.6,0.0,30.0,169.91,0.0,120.29,20.0,49.62,16.65
2026-08-05 07:00,-38.3,45.7,0.0,43.3,197.94,0.0,180.0,20.0,17.94,8.57
2026-08-05 08:00,-29.5,43.9,0.0,69.9,188.19,0.0,163.56,20.0,24.63,10.28
2026-08-05 09:00,-28.5,52.1,0.0,71.9,182.68,0.0,180.0,20.0,2.68,4.68
2026-08-05 10:00,-35.3,40.5,0.0,79.4,213.75,0.0,119.12,20.0,94.63,28.13
2026-08-05 11:00,-36.5,48.7,0.0,71.3,202.53,0.0,180.0,20.0,22.53,9.75
2026-08-05 12:00,-28.4,48.1,0.0,74.8,183.54,0.0,180.0,20.0,3.54,4.9
2026-08-05 13:00,-28.0,47.0,0.0,72.2,185.64,0.0,180.0,20.0,5.64,5.44
2026-08-05 14:00,-29.8,40.5,0.0,82.6,199.91,0.0,119.12,20.0,80.79,24.6
2026-08-05 15:00,-33.0,41.6,0.0,82.6,211.26,0.0,132.47,20.0,78.79,24.09
2026-08-05 16:00,-23.9,47.2,0.0,84.5,183.48,0.0,180.0,20.0,3.48,4.89
2026-08-05 17:00,-33.9,41.9,0.0,83.6,211.5,0.0,136.28,20.0,75.22,23.18
2026-08-05 18:00,-34.5,47.0,0.0,81.0,213.12,0.0,180.0,20.0,33.12,12.45
2026-08-05 19:00,-30.6,58.9,0.0,77.8,188.54,0.0,180.0,20.0,8.54,6.18
2026-08-05 20:00,-31.0,40.3,0.0,26.6,158.56,0.0,116.79,20.0,41.77,14.65
2026-08-05 21:00,-32.2,41.7,0.0,39.9,176.74,0.0,133.74,20.0,43.0,14.96
2026-08-05 22:00,-31.9,44.1,0.0,31.6,162.06,0.0,166.47,21.0,0.0,0.0
2026-08-05 23:00,-37.3,43.6,0.0,42.3,193.82,0.0,159.25,20.0,30.51,11.78
2026-08-06 00:00,-29.9,47.9,0.0,36.1,166.04,0.0,180.0,23.2,0.0,0.0
2026-08-06 01:00,-30.3,40.5,0.0,41.2,172.67,0.0,119.12,20.0,40.71,14.38
2026-08-06 02:00,-29.3,41.2,0.0,30.4,157.77,0.0,127.51,20.0,30.26,11.72
2026-08-06 03:00,-32.3,40.6,0.0,32.7,159.32,0.0,120.29,20.0,39.03,13.95
2026-08-06 04:00,-35.6,49.2,0.0,42.1,181.38,0.0,180.0,20.0,1.38,4.35
2026-08-06 05:00,-33.6,39.7,0.0,26.7,165.01,0.0,109.99,20.0,55.02,18.03
2026-08-06 06:00,-30.0,52.8,0.0,34.5,164.48,0.0,180.0,23.6,0.0,0.0
2026-08-06 07:00,-35.2,41.6,0.0,27.7,173.23,0.0,132.47,20.0,26.48,10.75
2026-08-06 08:00,-37.0,40.6,0.0,83.7,222.93,0.0,120.29,20.0,102.64,30.17
2026-08-06 09:00,-32.1,41.1,0.0,72.0,202.89,0.0,126.28,20.0,76.61,23.54
2026-08-06 10:00,-34.1,48.7,0.0,78.6,212.58,0.0,180.0,20.0,32.58,12.31
2026-08-06 11:00,-38.0,43.2,0.0,74.9,217.53,0.0,153.63,20.0,63.9,20.29
2026-08-06 12:00,-34.1,42.5,0.0,87.9,215.13,0.0,144.12,20.0,71.01,22.11
2026-08-06 13:00,-31.0,48.6,0.0,84.6,196.29,0.0,180.0,20.0,16.29,8.15
2026-08-06 14:00,-27.8,65.7,0.0,75.4,188.65,0.0,180.0,20.0,8.65,6.21
2026-08-06 15:00,-31.7,47.3,0.0,68.0,191.26,0.0,180.0,20.0,11.26,6.87
2026-08-06 16:00,-29.1,39.0,0.0,86.4,200.86,0.0,102.39,20.0,98.47,29.11
2026-08-06 17:00,-28.7,39.0,0.0,90.7,202.39,0.0,102.39,20.0,100.0,29.5
2026-08-06 18:00,-32.8,41.9,0.0,79.4,209.2,0.0,136.28,20.0,72.92,22.59
2026-08-06 19:00,-31.1,39.5,0.0,90.9,209.0,0.0,107.78,20.0,101.22,29.81
2026-08-06 20:00,-29.2,39.7,0.0,43.0,156.92,0.0,109.99,20.0,46.93,15.97
2026-08-06 21:00,-28.7,47.7,0.0,28.7,152.87,0.0,180.0,26.2,0.0,0.0
2026-08-06 22:00,-30.4,45.9,0.0,43.5,161.1,0.0,180.0,30.6,0.0,0.0
2026-08-06 23:00,-24.2,64.3,0.0,28.0,133.98,0.0,180.0,41.2,0.0,0.0
2026-08-07 00:00,-31.7,48.8,0.0,30.9,167.88,0.0,180.0,44.0,0.0,0.0
2026-08-07 01:00,-27.1,38.8,0.0,32.8,151.58,0.0,100.29,30.0,0.0,0.0
2026-08-07 02:00,-34.9,43.5,0.0,33.9,177.35,0.0,157.83,24.7,0.0,0.0
2026-08-07 03:00,-35.4,65.4,0.0,30.8,171.43,0.0,180.0,26.7,0.0,0.0
2026-08-07 04:00,-32.5,46.9,0.0,39.5,166.75,0.0,180.0,29.7,0.0,0.0
2026-08-07 05:00,-28.3,56.7,0.0,37.0,155.2,0.0,180.0,35.4,0.0,0.0
2026-08-07 06:00,-34.7,38.5,0.0,40.0,177.77,0.0,97.19,20.0,18.82,8.8
2026-08-07 07:00,-38.7,41.9,0.0,34.3,179.04,0.0,136.28,20.0,42.76,14.9
2026-08-07 08:00,-38.0,44.0,0.0,74.1,221.85,0.0,165.01,20.0,56.84,18.49
2026-08-07 09:00,-29.5,43.0,0.0,86.7,192.13,0.0,150.87,20.0,41.26,14.52
2026-08-07 10:00,-28.7,42.2,0.0,79.7,191.7,0.0,140.16,20.0,51.54,17.14
2026-08-07 11:00,-38.2,41.3,0.0,83.7,226.73,0.0,128.74,20.0,97.99,28.99
2026-08-07 12:00,-33.5,44.7,0.0,94.0,214.92,0.0,175.41,20.0,39.51,14.08
2026-08-07 13:00,-34.1,42.9,0.0,66.7,200.7,0.0,149.51,20.0,51.19,17.05
2026-08-07 14:00,-28.9,38.2,0.0,72.7,183.1,0.0,94.15,20.0,88.95,26.68
2026-08-07 15:00,-29.5,48.2,0.0,68.6,186.25,0.0,180.0,20.0,6.25,5.59
2026-08-07 16:00,-42.0,40.0,0.0,90.0,244.24,0.0,113.35,20.0,130.89,37.38
2026-08-07 17:00,-33.1,39.5,0.0,71.9,198.61,0.0,107.78,20.0,90.83,27.16
2026-08-07 18:00,-28.6,43.4,0.0,80.2,193.91,0.0,156.43,20.0,37.48,13.56
2026-08-07 19:00,-24.6,43.2,0.0,93.1,190.49,0.0,153.63,20.0,36.86,13.4
2026-08-07 20:00,-27.5,40.8,0.0,42.2,159.44,0.0,122.66,20.0,36.78,13.38
2026-08-07 21:00,-30.9,37.9,0.0,31.7,166.37,0.0,91.18,20.0,75.19,23.17
2026-08-07 22:00,-32.8,41.6,0.0,36.3,174.18,0.0,132.47,20.0,41.71,14.64
2026-08-07 23:00,-27.7,45.0,0.0,40.7,158.78,0.0,180.0,24.9,0.0,0.0
2026-08-08 00:00,-26.0,38.7,0.0,29.2,145.27,0.0,99.25,20.0,26.5,10.76
2026-08-08 01:00,-30.5,45.0,0.0,34.3,164.19,0.0,180.0,23.6,0.0,0.0
2026-08-08 02:00,-28.2,37.1,0.0,34.1,146.48,0.0,83.56,20.0,48.37,16.33
2026-08-08 03:00,-25.0,44.0,0.0,44.1,143.2,0.0,165.01,25.0,0.0,0.0
2026-08-08 04:00,-30.0,42.3,0.0,37.5,164.42,0.0,141.47,20.0,2.88,4.73
2026-08-08 05:00,-41.1,48.6,0.0,35.9,203.06,0.0,180.0,20.0,23.06,9.88
2026-08-08 06:00,-35.4,44.4,0.0,31.1,171.36,0.0,170.9,20.0,0.46,4.12
2026-08-08 07:00,-31.2,67.0,0.0,40.5,166.85,0.0,180.0,23.0,0.0,0.0
2026-08-08 08:00,-45.2,41.6,0.0,78.9,247.21,0.0,132.47,20.0,102.64,30.17
2026-08-08 09:00,-40.2,54.0,0.0,87.6,233.4,0.0,180.0,20.0,53.4,17.62
2026-08-08 10:00,-32.9,37.9,0.0,67.4,195.35,0.0,91.18,20.0,104.17,30.56
2026-08-08 11:00,-36.4,47.2,0.0,67.2,206.34,0.0,180.0,20.0,26.34,10.72
2026-08-08 12:00,-40.3,54.7,0.0,78.5,228.1,0.0,180.0,20.0,48.1,16.27
2026-08-08 13:00,-33.9,38.8,0.0,93.4,219.94,0.0,100.29,20.0,119.65,34.51
2026-08-08 14:00,-30.6,38.7,0.0,88.2,197.7,0.0,99.25,20.0,98.45,29.1
2026-08-08 15:00,-32.1,44.2,0.0,77.2,195.41,0.0,167.94,20.0,27.47,11.0
2026-08-08 16:00,-30.2,40.1,0.0,65.3,183.43,0.0,114.49,20.0,68.94,21.58
2026-08-08 17:00,-27.3,35.3,0.0,82.7,189.16,0.0,67.99,20.0,121.17,34.9
2026-08-08 18:00,-31.0,34.5,0.0,78.9,198.0,0.0,61.74,20.0,136.26,38.75
2026-08-08 19:00,-31.6,48.7,0.0,84.7,205.39,0.0,180.0,20.0,25.39,10.47
2026-08-08 20:00,-28.7,61.0,0.0,29.3,144.51,0.0,180.0,28.2,0.0,0.0
2026-08-08 21:00,-20.2,35.1,0.0,25.9,123.03,0.0,66.39,20.0,23.99,10.12
2026-08-08 22:00,-31.5,35.0,0.0,31.5,163.19,0.0,65.6,20.0,97.59,28.89
2026-08-08 23:00,-27.8,37.7,0.0,34.9,153.54,0.0,89.23,20.0,64.31,20.4
2026-08-09 00:00,-31.7,45.7,0.0,25.6,155.33,0.0,180.0,25.7,0.0,0.0
2026-08-09 01:00,-33.4,35.6,0.0,28.2,167.98,0.0,70.43,20.0,74.85,23.09
2026-08-09 02:00,-31.6,36.7,0.0,33.1,162.92,0.0,79.91,20.0,83.01,25.17
2026-08-09 03:00,-31.3,40.5,0.0,32.3,161.32,0.0,119.12,20.0,42.2,14.76
2026-08-09 04:00,-31.9,45.1,0.0,31.2,159.73,0.0,180.0,24.7,0.0,0.0
2026-08-09 05:00,-34.5,37.1,0.0,43.4,180.28,0.0,83.56,20.0,78.07,23.91
2026-08-09 06:00,-29.2,38.6,0.0,25.8,150.14,0.0,98.21,20.0,51.93,17.24
2026-08-09 07:00,-30.6,33.3,0.0,36.1,164.99,0.0,53.11,20.0,111.88,32.53
2026-08-09 08:00,-38.3,42.2,0.0,86.2,230.07,0.0,140.16,20.0,89.91,26.93
2026-08-09 09:00,-31.3,33.1,0.0,68.3,192.17,0.0,51.75,20.0,140.42,39.81
2026-08-09 10:00,-32.4,37.3,0.0,93.8,213.56,0.0,85.42,20.0,128.14,36.68
2026-08-09 11:00,-31.5,32.4,0.0,69.0,195.22,0.0,47.19,20.0,148.03,41.75
2026-08-09 12:00,-38.3,44.6,0.0,79.7,225.72,0.0,173.9,20.0,51.82,17.21
2026-08-09 13:00,-27.6,34.6,0.0,80.0,183.2,0.0,62.5,20.0,120.7,34.78
2026-08-09 14:00,-33.5,62.0,0.0,67.1,197.95,0.0,180.0,20.0,17.95,8.58
2026-08-09 15:00,-28.0,54.9,0.0,72.0,182.88,0.0,180.0,20.0,2.88,4.73
2026-08-09 16:00,-29.0,31.8,0.0,79.6,188.69,0.0,43.49,20.0,145.2,41.03
2026-08-09 17:00,-29.1,33.0,0.0,79.6,197.38,0.0,51.08,20.0,146.3,41.31
2026-08-09 18:00,-29.0,41.4,0.0,75.1,190.95,0.0,129.97,20.0,60.98,19.55
2026-08-09 19:00,-32.0,37.2,0.0,73.4,193.41,0.0,84.48,20.0,108.93,31.78
2026-08-09 20:00,-22.2,41.5,0.0,28.3,132.73,0.0,131.22,20.0,1.51,4.39
2026-08-09 21:00,-26.4,30.9,0.0,26.2,147.77,0.0,38.33,20.0,109.44,31.91
2026-08-09 22:00,-34.8,31.9,0.0,25.9,176.0,0.0,44.1,20.0,131.9,37.63
2026-08-09 23:00,-29.4,53.2,0.0,37.4,168.14,0.0,180.0,22.7,0.0,0.0
2026-08-10 00:00,-34.5,37.5,0.0,27.9,174.26,0.0,87.31,20.0,76.04,23.39
2026-08-10 01:00,-33.1,32.2,0.0,26.5,164.44,0.0,45.93,20.0,118.51,34.22
2026-08-10 02:00,-27.7,33.9,0.0,41.6,157.42,0.0,57.31,20.0,100.11,29.53
2026-08-10 03:00,-32.1,32.1,0.0,43.4,182.87,0.0,45.32,20.0,137.55,39.08
2026-08-10 04:00,-32.7,37.6,0.0,33.8,167.67,0.0,88.27,20.0,79.4,24.25
2026-08-10 05:00,-35.4,46.2,0.0,41.7,177.47,0.0,180.0,20.6,0.0,0.0
2026-08-10 06:00,-34.8,33.5,0.0,25.4,170.84,0.0,54.48,20.0,114.03,33.08
2026-08-10 07:00,-35.1,33.5,0.0,43.2,185.42,0.0,54.48,20.0,130.94,37.39
2026-08-10 08:00,-24.1,30.8,0.0,80.0,180.28,0.0,37.78,20.0,142.5,40.34
2026-08-10 09:00,-34.0,31.5,0.0,65.9,200.48,0.0,41.72,20.0,158.76,44.48
2026-08-10 10:00,-30.9,29.3,0.0,83.3,192.94,0.0,30.18,20.0,162.76,45.5
2026-08-10 11:00,-27.8,29.0,0.0,88.4,194.75,0.0,28.8,20.0,165.95,46.32
2026-08-10 12:00,-42.4,55.6,0.0,69.8,228.5,0.0,180.0,20.0,48.5,16.37
2026-08-10 13:00,-40.4,34.5,0.0,81.6,231.28,0.0,61.74,20.0,169.54,47.23
2026-08-10 14:00,-31.0,36.4,0.0,88.1,201.64,0.0,77.25,20.0,124.39,35.72
2026-08-10 15:00,-32.4,36.6,0.0,69.1,192.35,0.0,79.02,20.0,113.33,32.9
2026-08-10 16:00,-32.4,31.3,0.0,90.4,211.15,0.0,40.57,20.0,170.58,47.5
2026-08-10 17:00,-27.7,44.3,0.0,86.3,197.25,0.0,169.41,20.0,27.84,11.1
2026-08-10 18:00,-28.2,37.3,0.0,83.0,191.56,0.0,85.42,20.0,106.14,31.07
2026-08-10 19:00,-26.2,30.4,0.0,65.3,171.04,0.0,35.64,20.0,135.4,38.53
2026-08-10 20:00,-30.2,30.6,0.0,41.5,166.24,0.0,36.7,20.0,129.54,37.03
2026-08-10 21:00,-33.7,39.8,0.0,35.1,175.04,0.0,111.1,20.0,63.94,20.3
2026-08-10 22:00,-38.9,43.2,0.0,31.4,187.86,0.0,153.63,20.0,34.23,12.73
2026-08-10 23:00,-31.4,37.1,0.0,38.2,165.83,0.0,83.56,20.0,82.27,24.98
2026-08-11 00:00,-31.1,35.6,0.0,38.5,167.08,0.0,70.43,20.0,96.65,28.65
2026-08-11 01:00,-27.2,57.4,0.0,29.1,146.25,0.0,180.0,27.8,0.0,0.0
2026-08-11 02:00,-34.6,28.3,0.0,40.0,186.27,0.0,25.73,20.0,129.49,37.02
2026-08-11 03:00,-33.1,26.8,0.0,31.7,169.03,0.0,19.91,20.0,149.12,42.03
2026-08-11 04:00,-28.3,32.6,0.0,36.6,159.12,0.0,48.46,20.0,110.66,32.22
2026-08-11 05:00,-33.2,33.7,0.0,35.3,177.38,0.0,55.89,20.0,121.49,34.98
2026-08-11 06:00,-35.4,28.5,0.0,27.6,174.79,0.0,26.58,20.0,148.21,41.79
2026-08-11 07:00,-35.8,29.3,0.0,44.6,191.95,0.0,30.18,20.0,161.77,45.25
2026-08-11 08:00,-33.7,26.6,0.0,81.1,197.83,0.0,19.2,20.0,178.63,49.55
2026-08-11 09:00,-36.2,29.0,0.0,75.2,215.84,0.0,28.8,20.0,187.04,51.7
2026-08-11 10:00,-40.8,43.3,0.0,67.9,218.94,0.0,155.02,20.0,63.92,20.3
2026-08-11 11:00,-40.5,42.8,0.0,71.5,215.8,0.0,148.15,20.0,67.65,21.25
2026-08-11 12:00,-36.9,49.7,0.0,82.8,220.62,0.0,180.0,20.0,40.62,14.36
2026-08-11 13:00,-36.8,28.3,0.0,71.4,218.25,0.0,25.73,20.0,192.52,53.09
2026-08-11 14:00,-29.9,28.4,0.0,91.5,203.78,0.0,26.15,20.0,177.63,49.3
2026-08-11 15:00,-36.3,29.6,0.0,86.5,213.93,0.0,31.61,20.0,182.32,50.49
2026-08-11 16:00,-31.4,30.4,0.0,65.9,196.11,0.0,35.64,20.0,160.47,44.92
2026-08-11 17:00,-34.4,30.9,0.0,81.7,205.11,0.0,38.33,20.0,166.78,46.53
2026-08-11 18:00,-25.8,26.4,0.0,88.1,191.59,0.0,18.52,20.0,173.07,48.13
2026-08-11 19:00,-28.4,30.0,0.0,78.1,186.44,0.0,33.59,20.0,152.85,42.98
2026-08-11 20:00,-27.3,38.9,0.0,32.6,145.54,0.0,101.34,20.0,44.2,15.27
2026-08-11 21:00,-29.1,31.5,0.0,33.4,150.37,0.0,41.72,20.0,108.65,31.71
2026-08-11 22:00,-29.6,23.9,0.0,29.5,160.08,0.0,11.27,20.0,148.81,41.95
2026-08-11 23:00,-22.9,25.4,0.0,44.5,143.82,0.0,15.33,20.0,128.49,36.76
2026-08-12 00:00,-29.3,23.5,0.0,42.7,156.92,0.0,10.33,20.0,146.59,41.38
2026-08-12 01:00,-33.8,44.8,0.0,31.3,172.94,0.0,176.93,20.9,0.0,0.0
2026-08-12 02:00,-28.3,33.8,0.0,43.4,164.35,0.0,56.6,20.0,104.08,30.54
2026-08-12 03:00,-34.9,31.0,0.0,39.7,176.76,0.0,38.88,20.0,137.88,39.16
2026-08-12 04:00,-36.4,37.5,0.0,44.2,188.89,0.0,87.31,20.0,101.58,29.9
2026-08-12 05:00,-39.3,22.7,0.0,29.7,185.12,0.0,8.6,20.0,176.52,49.01
2026-08-12 06:00,-32.0,23.2,0.0,36.1,169.52,0.0,9.66,20.0,159.86,44.76
2026-08-12 07:00,-38.8,29.0,0.0,39.3,196.43,0.0,28.8,20.0,167.63,46.75
2026-08-12 08:00,-35.2,33.1,0.0,74.1,212.12,0.0,51.75,20.0,160.37,44.89
2026-08-12 09:00,-36.8,25.5,0.0,66.1,204.14,0.0,15.63,20.0,188.51,52.07
2026-08-12 10:00,-30.5,30.2,0.0,67.2,181.78,0.0,34.6,20.0,147.18,41.53
2026-08-12 11:00,-31.5,24.8,0.0,77.5,191.11,0.0,13.61,20.0,177.5,49.26
2026-08-12 12:00,-36.0,22.6,0.0,93.8,222.8,0.0,8.4,20.0,214.4,58.67
2026-08-12 13:00,-30.6,32.0,0.0,66.4,177.56,0.0,44.7,20.0,132.86,37.88
2026-08-12 14:00,-29.4,37.1,0.0,76.2,188.19,0.0,83.56,20.0,104.63,30.68
2026-08-12 15:00,-26.0,23.9,0.0,68.5,170.95,0.0,11.27,20.0,159.68,44.72
2026-08-12 16:00,-33.4,21.4,0.0,79.4,199.69,0.0,6.22,20.0,193.47,53.33
2026-08-12 17:00,-29.8,21.4,0.0,78.2,199.84,0.0,6.22,20.0,193.62,53.37
2026-08-12 18:00,-30.9,21.2,0.0,76.1,195.47,0.0,5.9,20.0,189.57,52.34
2026-08-12 19:00,-36.2,30.3,0.0,76.2,214.52,0.0,35.12,20.0,179.4,49.75
2026-08-12 20:00,-31.0,28.6,0.0,26.0,155.63,0.0,27.02,20.0,128.61,36.8
2026-08-12 21:00,-33.1,22.0,0.0,38.7,171.24,0.0,7.25,20.0,163.99,45.82
2026-08-12 22:00,-27.6,28.4,0.0,43.3,163.1,0.0,26.15,20.0,136.95,38.92
2026-08-12 23:00,-37.4,24.3,0.0,29.1,175.66,0.0,12.28,20.0,163.38,45.66
2026-08-13 00:00,-30.6,40.9,0.0,32.8,156.76,0.0,123.86,20.0,32.9,12.39
2026-08-13 01:00,-35.3,22.8,0.0,39.5,178.31,0.0,8.8,20.0,169.51,47.23
2026-08-13 02:00,-30.6,22.6,0.0,31.2,165.28,0.0,8.4,20.0,156.88,44.0
2026-08-13 03:00,-33.6,28.1,0.0,33.9,172.22,0.0,24.89,20.0,147.33,41.57
2026-08-13 04:00,-31.1,24.6,0.0,28.7,156.83,0.0,13.07,20.0,143.76,40.66
2026-08-13 05:00,-32.0,19.4,0.0,37.9,177.19,0.0,3.49,20.0,173.7,48.29
2026-08-13 06:00,-38.1,22.4,0.0,36.7,189.93,0.0,8.0,20.0,181.93,50.39
2026-08-13 07:00,-34.1,26.6,0.0,33.1,168.86,0.0,19.2,20.0,149.66,42.16
2026-08-13 08:00,-31.0,19.3,0.0,73.4,190.83,0.0,3.38,20.0,187.45,51.8
2026-08-13 09:00,-38.9,21.1,0.0,89.6,228.52,0.0,5.74,20.0,222.78,60.81
2026-08-13 10:00,-32.3,27.4,0.0,74.8,196.23,0.0,22.12,20.0,174.11,48.4
2026-08-13 11:00,-42.3,19.4,0.0,92.2,250.65,0.0,3.49,20.0,247.16,67.03
2026-08-13 12:00,-29.3,32.1,0.0,67.4,184.04,0.0,45.32,20.0,138.72,39.37
2026-08-13 13:00,-34.4,32.2,0.0,90.9,215.78,0.0,45.93,20.0,169.85,47.31
2026-08-13 14:00,-35.8,19.1,0.0,89.4,220.88,0.0,3.16,20.0,217.72,59.52
2026-08-13 15:00,-22.4,22.0,0.0,75.4,166.69,0.0,7.25,20.0,159.44,44.66
2026-08-13 16:00,-27.9,27.2,0.0,75.8,182.24,0.0,21.36,20.0,160.88,45.02
2026-08-13 17:00,-29.6,23.3,0.0,78.0,189.82,0.0,9.88,20.0,179.94,49.88
2026-08-13 18:00,-29.8,21.3,0.0,69.8,191.91,0.0,6.06,20.0,185.85,51.39
2026-08-13 19:00,-28.4,18.0,0.0,84.5,198.28,0.0,2.15,20.0,196.13,54.01
2026-08-13 20:00,-24.3,37.2,0.0,37.0,143.26,0.0,84.48,20.0,58.78,18.99
2026-08-13 21:00,-23.3,22.5,0.0,36.9,142.71,0.0,8.2,20.0,134.51,38.3
2026-08-13 22:00,-28.7,30.7,0.0,42.0,159.87,0.0,37.24,20.0,122.63,35.27
2026-08-13 23:00,-26.0,26.4,0.0,26.7,144.0,0.0,18.52,20.0,125.48,36.0
2026-08-14 00:00,-33.4,18.8,0.0,32.9,172.75,0.0,2.86,20.0,169.89,47.32
2026-08-14 01:00,-35.9,18.0,0.0,30.9,172.36,0.0,2.15,20.0,170.21,47.4
2026-08-14 02:00,-32.1,28.1,0.0,42.2,171.8,0.0,24.89,20.0,146.91,41.46
2026-08-14 03:00,-33.9,26.7,0.0,30.8,175.55,0.0,19.55,20.0,156.0,43.78
2026-08-14 04:00,-32.6,24.5,0.0,41.0,172.49,0.0,12.8,20.0,159.69,44.72
2026-08-14 05:00,-38.1,31.4,0.0,37.5,190.5,0.0,41.14,20.0,149.36,42.09
2026-08-14 06:00,-31.8,18.7,0.0,26.5,163.26,0.0,2.76,20.0,160.5,44.93
2026-08-14 07:00,-35.4,34.8,0.0,42.4,177.69,0.0,64.04,20.0,113.65,32.98
2026-08-14 08:00,-29.4,16.8,0.0,89.0,195.35,0.0,1.32,20.0,194.03,53.48
2026-08-14 09:00,-35.4,25.3,0.0,69.4,207.04,0.0,15.04,20.0,192.0,52.96
2026-08-14 10:00,-32.3,25.4,0.0,84.2,202.41,0.0,15.33,20.0,187.08,51.71
2026-08-14 11:00,-25.7,27.2,0.0,94.0,190.69,0.0,21.36,20.0,169.33,47.18
2026-08-14 12:00,-32.5,24.7,0.0,82.2,205.66,0.0,13.34,20.0,192.32,53.04
2026-08-14 13:00,-30.7,22.7,0.0,78.2,197.95,0.0,8.6,20.0,189.35,52.28
2026-08-14 14:00,-33.9,36.2,0.0,68.3,188.07,0.0,75.5,20.0,112.57,32.71
2026-08-14 15:00,-40.5,51.8,0.0,90.9,238.08,0.0,180.0,20.0,58.08,18.81
2026-08-14 16:00,-35.8,21.2,0.0,71.8,207.63,0.0,5.9,20.0,201.73,55.44
2026-08-14 17:00,-28.0,27.0,0.0,73.2,184.2,0.0,20.63,20.0,163.57,45.71
2026-08-14 18:00,-31.4,17.2,0.0,67.8,189.58,0.0,1.57,20.0,188.01,51.94
2026-08-14 19:00,-22.1,25.5,0.0,66.8,159.8,0.0,15.63,20.0,144.17,40.76
2026-08-14 20:00,-34.6,15.2,0.0,32.2,170.03,0.0,0.59,20.0,169.44,47.21
2026-08-14 21:00,-25.8,31.4,0.0,34.1,141.47,0.0,41.14,20.0,100.33,29.58
2026-08-14 22:00,-32.4,32.1,0.0,28.1,165.51,0.0,45.32,20.0,120.19,34.65
2026-08-14 23:00,-30.4,17.0,0.0,36.0,163.15,0.0,1.44,20.0,161.71,45.24
2026-08-15 00:00,-25.9,21.7,0.0,41.5,145.42,0.0,6.72,20.0,138.7,39.37
2026-08-15 01:00,-29.5,22.7,0.0,39.9,169.78,0.0,8.6,20.0,161.18,45.1
2026-08-15 02:00,-33.2,23.0,0.0,42.0,175.3,0.0,9.22,20.0,166.08,46.35
2026-08-15 03:00,-31.4,15.6,0.0,33.3,164.23,0.0,0.74,20.0,163.49,45.69
2026-08-15 04:00,-30.7,16.2,0.0,34.4,162.31,0.0,1.0,20.0,161.31,45.13
2026-08-15 05:00,-33.4,29.0,0.0,31.1,163.75,0.0,28.8,20.0,134.95,38.41
2026-08-15 06:00,-33.9,15.7,0.0,28.5,168.43,0.0,0.78,20.0,167.65,46.75
2026-08-15 07:00,-28.1,17.2,0.0,25.8,151.39,0.0,1.57,20.0,149.82,42.2
2026-08-15 08:00,-33.5,15.7,0.0,79.9,207.88,0.0,0.78,20.0,207.1,56.81
2026-08-15 09:00,-34.5,19.0,0.0,80.5,209.41,0.0,3.06,20.0,206.35,56.62
2026-08-15 10:00,-31.6,15.8,0.0,82.4,199.21,0.0,0.82,20.0,198.39,54.59
2026-08-15 11:00,-35.9,14.7,0.0,84.0,210.37,0.0,0.44,20.0,209.93,57.53
2026-08-15 12:00,-34.4,13.0,0.0,79.1,208.23,0.0,0.11,20.0,208.12,57.07
2026-08-15 13:00,-31.3,16.9,0.0,84.6,197.59,0.0,1.38,20.0,196.21,54.03
2026-08-15 14:00,-31.8,25.0,0.0,87.6,208.96,0.0,14.17,20.0,194.79,53.67
2026-08-15 15:00,-37.7,36.8,0.0,83.8,218.82,0.0,80.81,20.0,138.01,39.19
2026-08-15 16:00,-25.7,15.3,0.0,70.3,171.91,0.0,0.63,20.0,171.28,47.68
2026-08-15 17:00,-21.2,26.3,0.0,78.7,171.87,0.0,18.18,20.0,153.69,43.19
2026-08-15 18:00,-32.1,19.1,0.0,71.3,199.01,0.0,3.16,20.0,195.85,53.94
2026-08-15 19:00,-25.5,14.1,0.0,89.3,186.27,0.0,0.29,20.0,185.98,51.42
2026-08-15 20:00,-28.3,14.5,0.0,38.1,156.21,0.0,0.38,20.0,155.83,43.74
2026-08-15 21:00,-33.6,17.2,0.0,33.1,176.57,0.0,1.57,20.0,175.0,48.62
2026-08-15 22:00,-30.4,13.6,0.0,32.3,161.92,0.0,0.2,20.0,161.72,45.24
2026-08-15 23:00,-25.3,32.5,0.0,42.6,156.12,0.0,47.82,20.0,108.3,31.62
2026-08-16 00:00,-32.3,22.8,0.0,43.3,167.67,0.0,8.8,20.0,158.87,44.51
2026-08-16 01:00,-34.0,30.1,0.0,32.2,164.13,0.0,34.09,20.0,130.04,37.16
2026-08-16 02:00,-28.3,24.6,0.0,29.9,151.81,0.0,13.07,20.0,138.74,39.38
2026-08-16 03:00,-37.2,31.1,0.0,45.0,186.37,0.0,39.44,20.0,146.93,41.47
2026-08-16 04:00,-33.6,11.6,0.0,38.9,181.88,0.0,0.02,20.0,181.86,50.37
2026-08-16 05:00,-27.4,18.9,0.0,34.6,147.36,0.0,2.96,20.0,144.4,40.82
2026-08-16 06:00,-36.9,21.4,0.0,38.5,192.43,0.0,6.22,20.0,186.21,51.48
2026-08-16 07:00,-36.2,21.8,0.0,29.8,175.52,0.0,6.9,20.0,168.62,47.0
2026-08-16 08:00,-41.0,18.2,0.0,86.6,234.5,0.0,2.31,20.0,232.19,63.21
2026-08-16 09:00,-30.4,25.2,0.0,67.8,180.55,0.0,14.74,20.0,165.81,46.28
2026-08-16 10:00,-38.1,12.2,0.0,81.4,226.71,0.0,0.04,20.0,226.67,61.8
2026-08-16 11:00,-31.3,11.5,0.0,68.0,188.03,0.0,0.01,20.0,188.02,51.95
2026-08-16 12:00,-23.1,21.5,0.0,72.8,169.92,0.0,6.39,20.0,163.53,45.7
2026-08-16 13:00,-26.2,17.0,0.0,67.1,173.14,0.0,1.44,20.0,171.7,47.78
2026-08-16 14:00,-34.5,46.9,0.0,71.9,202.29,0.0,180.0,20.0,22.29,9.68
2026-08-16 15:00,-36.9,19.4,0.0,71.3,214.06,0.0,3.49,20.0,210.57,57.7
2026-08-16 16:00,-32.0,28.9,0.0,90.2,209.94,0.0,28.34,20.0,181.6,50.31
2026-08-16 17:00,-32.1,12.7,0.0,90.8,210.6,0.0,0.08,20.0,210.52,57.68
2026-08-16 18:00,-36.8,12.8,0.0,82.3,219.83,0.0,0.09,20.0,219.74,60.03
2026-08-16 19:00,-33.5,16.8,0.0,76.6,202.26,0.0,1.32,20.0,200.94,55.24
2026-08-16 20:00,-31.5,18.4,0.0,33.7,166.23,0.0,2.49,20.0,163.74,45.75
2026-08-16 21:00,-35.3,10.9,0.0,42.0,181.47,0.0,0.0,20.0,181.47,50.27
2026-08-16 22:00,-25.0,34.2,0.0,36.3,141.63,0.0,59.5,20.0,82.13,24.94
2026-08-16 23:00,-36.3,32.3,0.0,38.6,181.44,0.0,46.56,20.0,134.88,38.39
2026-08-17 00:00,-34.0,25.4,0.0,39.3,184.64,0.0,15.33,20.0,169.31,47.17
2026-08-17 01:00,-28.5,15.0,0.0,25.1,142.77,0.0,0.52,20.0,142.25,40.27
2026-08-17 02:00,-33.0,16.1,0.0,31.7,169.2,0.0,0.95,20.0,168.25,46.9
2026-08-17 03:00,-33.9,56.9,0.0,33.2,163.92,0.0,180.0,23.7,0.0,0.0
2026-08-17 04:00,-31.6,12.5,0.0,27.1,155.72,0.0,0.07,20.0,140.86,39.92
2026-08-17 05:00,-41.2,12.0,0.0,40.7,194.43,0.0,0.03,20.0,194.4,53.57
2026-08-17 06:00,-35.7,36.7,0.0,31.2,176.93,0.0,79.91,20.0,97.02,28.74
2026-08-17 07:00,-41.4,20.7,0.0,34.7,195.87,0.0,5.14,20.0,190.73,52.64
2026-08-17 08:00,-38.2,11.4,0.0,80.0,224.4,0.0,0.01,20.0,224.39,61.22
2026-08-17 09:00,-36.9,12.8,0.0,90.0,228.05,0.0,0.09,20.0,227.96,62.13
2026-08-17 10:00,-32.8,35.0,0.0,90.2,207.46,0.0,65.6,20.0,141.86,40.17
2026-08-17 11:00,-34.5,11.4,0.0,93.5,217.81,0.0,0.01,20.0,217.8,59.54
2026-08-17 12:00,-29.5,12.3,0.0,70.6,188.2,0.0,0.05,20.0,188.15,51.98
2026-08-17 13:00,-32.8,28.5,0.0,92.1,212.39,0.0,26.58,20.0,185.81,51.38
2026-08-17 14:00,-33.1,14.3,0.0,88.4,209.81,0.0,0.33,20.0,209.48,57.42
2026-08-17 15:00,-30.2,17.3,0.0,67.9,196.26,0.0,1.63,20.0,194.63,53.63
2026-08-17 16:00,-29.8,10.8,0.0,80.6,194.77,0.0,0.0,20.0,194.77,53.67
2026-08-17 17:00,-28.8,16.9,0.0,82.3,185.54,0.0,1.38,20.0,184.16,50.96
2026-08-17 18:00,-31.2,15.9,0.0,65.3,192.02,0.0,0.86,20.0,191.16,52.75
2026-08-17 19:00,-32.3,23.6,0.0,73.0,200.39,0.0,10.56,20.0,189.83,52.41
2026-08-17 20:00,-29.7,15.8,0.0,29.3,155.95,0.0,0.82,20.0,155.13,43.56
2026-08-17 21:00,-34.2,14.5,0.0,37.0,176.44,0.0,0.38,20.0,176.06,48.9
2026-08-17 22:00,-30.4,12.9,0.0,29.8,156.09,0.0,0.1,20.0,155.99,43.78
2026-08-17 23:00,-24.3,18.0,0.0,28.2,144.86,0.0,2.15,20.0,142.71,40.39
2026-08-18 00:00,-34.4,16.2,0.0,34.2,172.02,0.0,1.0,20.0,171.02,47.61
2026-08-18 01:00,-27.0,10.8,0.0,44.5,156.17,0.0,0.0,20.0,156.17,43.82
2026-08-18 02:00,-30.9,13.7,0.0,42.3,168.01,0.0,0.21,20.0,167.8,46.79
2026-08-18 03:00,-33.4,13.3,0.0,44.9,176.91,0.0,0.15,20.0,176.76,49.07
2026-08-18 04:00,-30.8,11.3,0.0,28.4,167.7,0.0,0.01,20.0,167.69,46.76
2026-08-18 05:00,-33.9,11.1,0.0,29.3,170.5,0.0,0.01,20.0,170.49,47.47
2026-08-18 06:00,-33.8,13.3,0.0,34.1,165.73,0.0,0.15,20.0,165.58,46.22
2026-08-18 07:00,-36.4,10.6,0.0,42.8,183.79,0.0,0.0,20.0,183.79,50.87
2026-08-18 08:00,-32.0,13.5,0.0,79.2,197.86,0.0,0.18,20.0,197.68,54.41
2026-08-18 09:00,-30.3,24.9,0.0,73.6,186.81,0.0,13.89,20.0,172.92,48.09
2026-08-18 10:00,-31.0,11.8,0.0,84.2,196.91,0.0,0.02,20.0,196.89,54.21
2026-08-18 11:00,-32.8,15.8,0.0,68.4,192.12,0.0,0.82,20.0,191.3,52.78
2026-08-18 12:00,-36.1,12.0,0.0,75.6,219.29,0.0,0.03,20.0,219.26,59.91
2026-08-18 13:00,-36.2,35.4,0.0,85.0,218.52,0.0,68.8,20.0,149.72,42.18
2026-08-18 14:00,-28.4,12.7,0.0,87.0,188.45,0.0,0.08,20.0,188.37,52.03
2026-08-18 15:00,-29.7,12.3,0.0,72.6,195.37,0.0,0.05,20.0,195.32,53.81
2026-08-18 16:00,-34.8,13.4,0.0,85.5,213.13,0.0,0.17,20.0,212.96,58.3
2026-08-18 17:00,-32.2,12.3,0.0,90.0,213.44,0.0,0.05,20.0,213.39,58.41
2026-08-18 18:00,-30.7,10.4,0.0,85.8,205.25,0.0,0.0,20.0,205.25,56.34
2026-08-18 19:00,-23.3,14.0,0.0,87.5,185.99,0.0,0.27,20.0,185.72,51.36
2026-08-18 20:00,-22.2,16.1,0.0,30.0,129.58,0.0,0.95,20.0,128.63,36.8
2026-08-18 21:00,-23.7,39.4,0.0,32.6,141.94,0.0,106.69,20.0,35.25,12.99
2026-08-18 22:00,-27.7,11.2,0.0,31.8,152.08,0.0,0.01,20.0,152.07,42.78
2026-08-18 23:00,-29.8,27.3,0.0,35.0,160.12,0.0,21.74,20.0,138.38,39.29
2026-08-19 00:00,-31.7,17.5,0.0,35.1,165.93,0.0,1.77,20.0,164.16,45.86
2026-08-19 01:00,-35.7,14.5,0.0,25.4,176.66,0.0,0.38,20.0,176.28,48.95
2026-08-19 02:00,-37.2,30.6,0.0,37.8,193.91,0.0,36.7,20.0,157.21,44.09
2026-08-19 03:00,-38.6,29.3,0.0,25.3,178.93,0.0,30.18,20.0,148.75,41.93
2026-08-19 04:00,-31.6,19.0,0.0,35.7,166.25,0.0,3.06,20.0,163.19,45.61
2026-08-19 05:00,-31.7,12.4,0.0,30.0,161.15,0.0,0.06,20.0,161.09,45.08
2026-08-19 06:00,-35.9,35.1,0.0,37.0,180.09,0.0,66.39,20.0,113.7,32.99
2026-08-19 07:00,-32.7,12.7,0.0,25.1,162.99,0.0,0.08,20.0,162.91,45.54
2026-08-19 08:00,-33.7,15.9,0.0,66.9,207.16,0.0,0.86,20.0,206.3,56.61
2026-08-19 09:00,-41.6,13.3,0.0,71.7,224.36,0.0,0.15,20.0,224.21,61.17
2026-08-19 10:00,-38.9,13.7,0.0,94.4,228.87,0.0,0.21,20.0,228.66,62.31
2026-08-19 11:00,-33.3,42.5,0.0,94.7,219.43,0.0,144.12,20.0,75.31,23.2
2026-08-19 12:00,-36.3,36.4,0.0,83.3,209.52,0.0,77.25,20.0,132.27,37.73
2026-08-19 13:00,-30.0,12.8,0.0,75.2,187.31,0.0,0.09,20.0,187.22,51.74
2026-08-19 14:00,-35.0,11.0,0.0,91.4,216.39,0.0,0.0,20.0,216.39,59.18
2026-08-19 15:00,-33.4,11.8,0.0,81.7,206.15,0.0,0.02,20.0,206.13,56.56
2026-08-19 16:00,-31.3,17.7,0.0,73.8,190.88,0.0,1.92,20.0,188.96,52.18
2026-08-19 17:00,-32.9,14.2,0.0,92.5,206.72,0.0,0.31,20.0,206.41,56.63
2026-08-19 18:00,-28.0,12.1,0.0,94.2,200.92,0.0,0.04,20.0,200.88,55.22
2026-08-19 19:00,-34.0,16.1,0.0,73.9,206.95,0.0,0.95,20.0,206.0,56.53
2026-08-19 20:00,-31.4,18.3,0.0,41.5,167.5,0.0,2.4,20.0,165.1,46.1
2026-08-19 21:00,-35.2,16.4,0.0,37.9,175.01,0.0,1.1,20.0,173.91,48.35
2026-08-19 22:00,-33.0,18.5,0.0,32.8,173.83,0.0,2.58,20.0,171.25,47.67
2026-08-19 23:00,-33.4,13.9,0.0,33.5,173.06,0.0,0.25,20.0,172.81,48.07
2026-08-20 00:00,-30.0,38.5,0.0,27.1,159.12,0.0,97.19,20.0,61.93,19.79
2026-08-20 01:00,-40.7,19.0,0.0,41.2,195.52,0.0,3.06,20.0,192.46,53.08
2026-08-20 02:00,-30.1,19.9,0.0,44.0,172.04,0.0,4.07,20.0,167.97,46.83
2026-08-20 03:00,-28.2,32.1,0.0,34.8,153.78,0.0,45.32,20.0,108.46,31.66
2026-08-20 04:00,-36.3,13.2,0.0,36.7,188.38,0.0,0.14,20.0,188.24,52.0
2026-08-20 05:00,-34.5,28.4,0.0,26.7,163.88,0.0,26.15,20.0,137.73,39.12
2026-08-20 06:00,-33.8,15.2,0.0,33.4,170.69,0.0,0.59,20.0,170.1,47.38
2026-08-20 07:00,-37.6,12.1,0.0,43.0,190.85,0.0,0.04,20.0,190.81,52.66
2026-08-20 08:00,-36.0,40.7,0.0,89.8,215.87,0.0,121.47,20.0,94.4,28.07
2026-08-20 09:00,-34.3,22.7,0.0,86.0,209.32,0.0,8.6,20.0,200.72,55.18
2026-08-20 10:00,-35.2,13.9,0.0,78.9,217.12,0.0,0.25,20.0,216.87,59.3
2026-08-20 11:00,-29.0,13.0,0.0,66.9,188.43,0.0,0.11,20.0,188.32,52.02
2026-08-20 12:00,-29.3,16.7,0.0,70.4,182.5,0.0,1.26,20.0,181.24,50.22
2026-08-20 13:00,-22.7,17.4,0.0,92.6,176.38,0.0,1.7,20.0,174.68,48.54
2026-08-20 14:00,-28.2,13.6,0.0,76.8,181.8,0.0,0.2,20.0,181.6,50.31
2026-08-20 15:00,-34.7,19.9,0.0,69.6,205.19,0.0,4.07,20.0,201.12,55.29
2026-08-20 16:00,-30.5,21.8,0.0,68.4,184.08,0.0,6.9,20.0,177.18,49.18
2026-08-20 17:00,-30.3,13.9,0.0,71.1,189.44,0.0,0.25,20.0,189.19,52.24
2026-08-20 18:00,-29.9,16.9,0.0,93.5,210.56,0.0,1.38,20.0,209.18,57.34
2026-08-20 19:00,-33.9,15.6,0.0,72.2,199.95,0.0,0.74,20.0,199.21,54.8
2026-08-20 20:00,-37.0,19.0,0.0,38.4,186.15,0.0,3.06,20.0,183.09,50.69
2026-08-20 21:00,-26.7,15.1,0.0,27.3,148.75,0.0,0.56,20.0,148.19,41.79
2026-08-20 22:00,-35.4,14.1,0.0,35.5,179.69,0.0,0.29,20.0,179.4,49.75
2026-08-20 23:00,-25.6,16.5,0.0,44.6,151.26,0.0,1.15,20.0,150.11,42.28
2026-08-21 00:00,-19.4,23.1,0.0,35.0,128.94,0.0,9.44,20.0,119.5,34.47
2026-08-21 01:00,-40.5,16.2,0.0,43.9,200.38,0.0,1.0,20.0,199.38,54.84
2026-08-21 02:00,-33.7,15.2,0.0,42.1,177.69,0.0,0.59,20.0,177.1,49.16
2026-08-21 03:00,-27.0,27.1,0.0,41.5,158.27,0.0,20.99,20.0,137.28,39.01
2026-08-21 04:00,-38.4,15.2,0.0,36.5,190.06,0.0,0.59,20.0,189.47,52.31
2026-08-21 05:00,-30.2,19.6,0.0,37.0,155.24,0.0,3.71,20.0,151.53,42.64
2026-08-21 06:00,-37.6,22.6,0.0,35.9,188.72,0.0,8.4,20.0,180.32,49.98
2026-08-21 07:00,-27.3,15.3,0.0,32.7,145.57,0.0,0.63,20.0,144.94,40.96
2026-08-21 08:00,-31.5,19.7,0.0,70.3,198.19,0.0,3.83,20.0,194.36,53.56
2026-08-21 09:00,-36.9,28.2,0.0,83.3,222.93,0.0,25.31,20.0,197.62,54.39
2026-08-21 10:00,-35.8,16.7,0.0,91.7,221.87,0.0,1.26,20.0,220.61,60.26
2026-08-21 11:00,-32.6,19.7,0.0,84.4,211.7,0.0,3.83,20.0,207.87,57.01
2026-08-21 12:00,-24.7,17.7,0.0,90.2,183.68,0.0,1.92,20.0,181.76,50.35
2026-08-21 13:00,-36.8,29.1,0.0,79.6,221.35,0.0,29.25,20.0,192.1,52.99
2026-08-21 14:00,-29.0,28.2,0.0,84.7,196.97,0.0,25.31,20.0,171.66,47.77
2026-08-21 15:00,-27.6,41.2,0.0,72.2,179.85,0.0,127.51,20.0,52.34,17.35
2026-08-21 16:00,-29.1,15.5,0.0,81.3,199.1,0.0,0.7,20.0,198.4,54.59
2026-08-21 17:00,-32.7,33.6,0.0,72.1,201.11,0.0,55.18,20.0,145.93,41.21
2026-08-21 18:00,-31.0,28.2,0.0,80.9,203.57,0.0,25.31,20.0,178.26,49.46
2026-08-21 19:00,-24.0,20.0,0.0,89.1,182.27,0.0,4.2,20.0,178.07,49.41
2026-08-21 20:00,-28.4,25.4,0.0,43.0,159.01,0.0,15.33,20.0,143.68,40.64
2026-08-21 21:00,-27.5,20.4,0.0,32.7,146.08,0.0,4.72,20.0,141.36,40.05
2026-08-21 22:00,-27.8,19.8,0.0,41.6,161.85,0.0,3.95,20.0,157.9,44.26
2026-08-21 23:00,-29.4,32.3,0.0,41.8,161.63,0.0,46.56,20.0,115.07,33.34
2026-08-22 00:00,-25.3,20.6,0.0,41.8,148.47,0.0,5.0,20.0,143.47,40.58
2026-08-22 01:00,-25.1,17.0,0.0,36.8,147.65,0.0,1.44,20.0,146.21,41.28
2026-08-22 02:00,-23.3,25.9,0.0,43.4,150.07,0.0,16.88,20.0,133.19,37.96
2026-08-22 03:00,-35.3,30.5,0.0,27.4,175.2,0.0,36.17,20.0,139.03,39.45
2026-08-22 04:00,-29.7,17.5,0.0,42.0,166.68,0.0,1.77,20.0,164.91,46.05
2026-08-22 05:00,-33.7,19.8,0.0,33.1,177.41,0.0,3.95,20.0,173.46,48.23
2026-08-22 06:00,-37.3,18.9,0.0,40.3,189.19,0.0,2.96,20.0,186.23,51.49
2026-08-22 07:00,-19.7,17.3,0.0,44.1,135.84,0.0,1.63,20.0,134.21,38.22
2026-08-22 08:00,-33.9,21.2,0.0,77.5,200.45,0.0,5.9,20.0,194.55,53.61
2026-08-22 09:00,-28.9,18.6,0.0,80.0,196.33,0.0,2.67,20.0,193.66,53.38
2026-08-22 10:00,-35.3,18.9,0.0,74.4,213.45,0.0,2.96,20.0,210.49,57.67
2026-08-22 11:00,-35.3,21.4,0.0,81.2,211.69,0.0,6.22,20.0,205.47,56.39
2026-08-22 12:00,-32.6,57.4,0.0,93.9,210.96,0.0,180.0,20.0,30.96,11.89
2026-08-22 13:00,-34.8,18.0,0.0,90.0,220.88,0.0,2.15,20.0,218.73,59.78
2026-08-22 14:00,-37.2,32.3,0.0,88.3,224.98,0.0,46.56,20.0,178.42,49.5
2026-08-22 15:00,-28.5,20.1,0.0,86.9,197.66,0.0,4.33,20.0,193.33,53.3
2026-08-22 16:00,-25.3,19.3,0.0,86.2,179.87,0.0,3.38,20.0,176.49,49.0
2026-08-22 17:00,-37.1,31.5,0.0,79.2,214.84,0.0,41.72,20.0,173.12,48.15
2026-08-22 18:00,-22.6,22.1,0.0,75.6,167.5,0.0,7.44,20.0,160.06,44.82
2026-08-22 19:00,-26.5,18.7,0.0,69.3,178.61,0.0,2.76,20.0,175.85,48.84
2026-08-22 20:00,-31.9,21.5,0.0,38.4,165.18,0.0,6.39,20.0,158.79,44.49
2026-08-22 21:00,-31.4,25.5,0.0,32.4,165.67,0.0,15.63,20.0,150.04,42.26
2026-08-22 22:00,-20.3,37.0,0.0,28.8,126.02,0.0,82.63,20.0,43.39,15.06
2026-08-22 23:00,-29.3,23.2,0.0,28.3,151.07,0.0,9.66,20.0,141.41,40.06
2026-08-23 00:00,-30.1,22.2,0.0,44.9,165.0,0.0,7.62,20.0,157.38,44.13
2026-08-23 01:00,-36.7,27.4,0.0,29.9,177.1,0.0,22.12,20.0,154.98,43.52
2026-08-23 02:00,-45.8,24.4,0.0,40.9,211.56,0.0,12.54,20.0,199.02,54.75
2026-08-23 03:00,-31.9,32.3,0.0,31.7,164.34,0.0,46.56,20.0,117.78,34.03
2026-08-23 04:00,-35.5,23.1,0.0,36.1,176.36,0.0,9.44,20.0,166.92,46.56
2026-08-23 05:00,-34.9,20.9,0.0,30.1,171.18,0.0,5.44,20.0,165.74,46.26
2026-08-23 06:00,-32.7,22.2,0.0,42.4,179.84,0.0,7.62,20.0,172.22,47.92
2026-08-23 07:00,-31.9,35.4,0.0,37.4,172.12,0.0,68.8,20.0,103.32,30.35
2026-08-23 08:00,-43.9,22.5,0.0,81.7,240.86,0.0,8.2,20.0,232.66,63.33
2026-08-23 09:00,-33.5,40.8,0.0,75.7,206.63,0.0,122.66,20.0,83.97,25.41
2026-08-23 10:00,-30.1,29.6,0.0,84.4,203.99,0.0,31.61,20.0,172.38,47.96
2026-08-23 11:00,-35.8,51.6,0.0,66.4,201.8,0.0,180.0,20.0,21.8,9.56
2026-08-23 12:00,-43.1,24.6,0.0,88.5,239.03,0.0,13.07,20.0,225.96,61.62
2026-08-23 13:00,-31.1,25.2,0.0,81.9,200.91,0.0,14.74,20.0,186.17,51.47
2026-08-23 14:00,-30.6,32.3,0.0,73.4,193.32,0.0,46.56,20.0,146.76,41.42
2026-08-23 15:00,-36.9,26.2,0.0,76.5,218.71,0.0,17.85,20.0,200.86,55.22
2026-08-23 16:00,-31.3,28.5,0.0,75.8,196.88,0.0,26.58,20.0,170.3,47.43
2026-08-23 17:00,-27.2,42.4,0.0,68.0,184.65,0.0,142.79,20.0,41.86,14.67
2026-08-23 18:00,-27.0,25.6,0.0,70.0,174.95,0.0,15.94,20.0,159.01,44.55
2026-08-23 19:00,-20.9,22.4,0.0,73.7,161.35,0.0,8.0,20.0,153.35,43.1
2026-08-23 20:00,-29.1,22.5,0.0,30.6,160.59,0.0,8.2,20.0,152.39,42.86
2026-08-23 21:00,-34.2,36.4,0.0,38.5,179.47,0.0,77.25,20.0,102.22,30.07
2026-08-23 22:00,-26.4,26.5,0.0,29.7,145.52,0.0,18.86,20.0,126.66,36.3
2026-08-23 23:00,-26.9,25.9,0.0,31.9,156.42,0.0,16.88,20.0,139.54,39.58
2026-08-24 00:00,-37.0,32.7,0.0,38.0,182.83,0.0,49.11,20.0,133.72,38.1
2026-08-24 01:00,-39.7,26.6,0.0,30.7,184.24,0.0,19.2,20.0,165.04,46.09
2026-08-24 02:00,-32.9,26.2,0.0,36.0,169.69,0.0,17.85,20.0,151.84,42.72
2026-08-24 03:00,-34.7,46.4,0.0,41.5,186.63,0.0,180.0,20.0,6.63,5.69
2026-08-24 04:00,-27.6,24.5,0.0,39.4,163.53,0.0,12.8,20.0,150.73,42.44
2026-08-24 05:00,-33.1,33.0,0.0,33.9,180.46,0.0,51.08,20.0,129.38,36.99
2026-08-24 06:00,-43.9,33.8,0.0,42.5,213.64,0.0,56.6,20.0,157.04,44.05
2026-08-24 07:00,-32.7,23.9,0.0,43.2,178.13,0.0,11.27,20.0,166.86,46.55
2026-08-24 08:00,-32.2,25.7,0.0,78.2,199.37,0.0,16.25,20.0,183.12,50.7
2026-08-24 09:00,-31.5,28.4,0.0,85.4,209.06,0.0,26.15,20.0,182.91,50.64
2026-08-24 10:00,-41.1,32.6,0.0,71.1,225.35,0.0,48.46,20.0,176.89,49.11
2026-08-24 11:00,-42.6,27.3,0.0,80.5,240.04,0.0,21.74,20.0,218.3,59.67
2026-08-24 12:00,-32.0,38.9,0.0,86.5,206.65,0.0,101.34,20.0,105.31,30.85
2026-08-24 13:00,-42.3,25.0,0.0,75.8,229.33,0.0,14.17,20.0,215.16,58.87
2026-08-24 14:00,-33.4,29.8,0.0,73.2,205.0,0.0,32.59,20.0,172.41,47.96
2026-08-24 15:00,-32.2,32.6,0.0,78.4,200.4,0.0,48.46,20.0,151.94,42.74
2026-08-24 16:00,-26.8,38.0,0.0,87.5,199.23,0.0,92.16,20.0,107.07,31.3
2026-08-24 17:00,-30.2,28.8,0.0,93.0,211.64,0.0,27.9,20.0,183.74,50.85
2026-08-24 18:00,-22.4,25.5,0.0,86.6,170.42,0.0,15.63,20.0,154.79,43.47
2026-08-24 19:00,-32.5,30.0,0.0,80.6,214.69,0.0,33.59,20.0,181.1,50.18
2026-08-24 20:00,-25.4,32.9,0.0,34.6,142.14,0.0,50.42,20.0,91.72,27.39
2026-08-24 21:00,-23.0,28.9,0.0,26.9,140.77,0.0,28.34,20.0,112.43,32.67
2026-08-24 22:00,-29.0,35.6,0.0,34.3,161.0,0.0,70.43,20.0,90.57,27.1
2026-08-24 23:00,-28.3,26.7,0.0,42.8,167.62,0.0,19.55,20.0,148.07,41.76
2026-08-25 00:00,-33.9,27.1,0.0,39.4,175.35,0.0,20.99,20.0,154.36,43.36
2026-08-25 01:00,-27.2,46.3,0.0,32.0,154.31,0.0,180.0,25.9,0.0,0.0
2026-08-25 02:00,-23.8,57.8,0.0,31.2,142.74,0.0,180.0,34.5,0.0,0.0
2026-08-25 03:00,-30.0,40.4,0.0,25.6,159.38,0.0,117.95,23.2,0.0,0.0
2026-08-25 04:00,-26.5,45.9,0.0,34.4,155.67,0.0,180.0,28.8,0.0,0.0
2026-08-25 05:00,-35.0,29.3,0.0,36.8,178.38,0.0,30.18,20.0,112.94,32.8
2026-08-25 06:00,-32.7,36.1,0.0,30.0,163.37,0.0,74.64,20.0,88.73,26.63
2026-08-25 07:00,-35.5,48.2,0.0,29.0,175.23,0.0,180.0,21.1,0.0,0.0
2026-08-25 08:00,-35.4,29.2,0.0,80.8,210.41,0.0,29.71,20.0,176.31,48.96
2026-08-25 09:00,-34.8,36.3,0.0,75.9,215.21,0.0,76.37,20.0,138.84,39.4
2026-08-25 10:00,-25.8,29.5,0.0,82.3,180.14,0.0,31.13,20.0,149.01,42.0
2026-08-25 11:00,-39.6,29.2,0.0,87.8,232.24,0.0,29.71,20.0,202.53,55.65
2026-08-25 12:00,-37.8,38.9,0.0,87.1,222.15,0.0,101.34,20.0,120.81,34.81
2026-08-25 13:00,-30.1,37.6,0.0,75.4,190.33,0.0,88.27,20.0,102.06,30.03
2026-08-25 14:00,-25.4,30.3,0.0,79.1,177.51,0.0,35.12,20.0,142.39,40.31
2026-08-25 15:00,-29.2,36.1,0.0,81.4,201.79,0.0,74.64,20.0,127.15,36.42
2026-08-25 16:00,-32.3,34.8,0.0,88.4,203.43,0.0,64.04,20.0,139.39,39.54
2026-08-25 17:00,-33.8,58.2,0.0,68.2,205.8,0.0,180.0,20.0,25.8,10.58
2026-08-25 18:00,-32.3,31.1,0.0,83.8,200.73,0.0,39.44,20.0,161.29,45.13
2026-08-25 19:00,-25.5,45.9,0.0,89.0,182.74,0.0,180.0,20.0,2.74,4.7
2026-08-25 20:00,-28.4,29.6,0.0,31.2,148.13,0.0,31.61,20.0,116.52,33.71
2026-08-25 21:00,-30.4,30.8,0.0,33.8,167.12,0.0,37.78,20.0,129.34,36.98
2026-08-25 22:00,-31.6,34.9,0.0,32.0,159.09,0.0,64.81,20.0,94.28,28.04
2026-08-25 23:00,-29.8,44.5,0.0,40.2,167.31,0.0,172.4,21.2,0.0,0.0
2026-08-26 00:00,-30.9,29.9,0.0,37.3,174.36,0.0,33.08,20.0,136.6,38.83
2026-08-26 01:00,-34.7,34.7,0.0,39.7,178.55,0.0,63.26,20.0,115.29,33.4
2026-08-26 02:00,-32.4,36.4,0.0,42.0,175.8,0.0,77.25,20.0,98.55,29.13
2026-08-26 03:00,-36.2,33.0,0.0,43.0,185.45,0.0,51.08,20.0,134.37,38.26
2026-08-26 04:00,-35.1,35.4,0.0,41.9,179.02,0.0,68.8,20.0,110.22,32.11
2026-08-26 05:00,-34.2,52.1,0.0,28.2,172.31,0.0,180.0,21.8,0.0,0.0
2026-08-26 06:00,-39.6,36.1,0.0,40.7,196.41,0.0,74.64,20.0,114.7,33.25
2026-08-26 07:00,-33.5,37.6,0.0,42.3,178.71,0.0,88.27,20.0,90.44,27.06
2026-08-26 08:00,-24.6,42.4,0.0,77.8,177.0,0.0,142.79,20.0,34.21,12.72
2026-08-26 09:00,-35.3,39.0,0.0,70.8,202.66,0.0,102.39,20.0,100.27,29.57
2026-08-26 10:00,-36.0,31.5,0.0,87.3,216.57,0.0,41.72,20.0,174.85,48.59
2026-08-26 11:00,-36.0,41.0,0.0,90.3,220.47,0.0,125.07,20.0,95.4,28.33
2026-08-26 12:00,-33.8,53.9,0.0,73.2,204.3,0.0,180.0,20.0,24.3,10.2
2026-08-26 13:00,-35.3,32.4,0.0,91.9,218.25,0.0,47.19,20.0,171.06,47.62
2026-08-26 14:00,-31.4,40.5,0.0,89.8,207.44,0.0,119.12,20.0,88.32,26.52
2026-08-26 15:00,-33.3,40.1,0.0,91.2,208.84,0.0,114.49,20.0,94.35,28.06
2026-08-26 16:00,-26.9,37.2,0.0,86.5,191.79,0.0,84.48,20.0,107.31,31.36
2026-08-26 17:00,-30.1,40.5,0.0,91.3,206.96,0.0,119.12,20.0,87.84,26.4
2026-08-26 18:00,-36.2,38.3,0.0,65.6,196.97,0.0,95.15,20.0,101.82,29.96
2026-08-26 19:00,-37.1,53.5,0.0,67.6,208.3,0.0,180.0,20.0,28.3,11.22
2026-08-26 20:00,-26.9,51.1,0.0,39.0,154.09,0.0,180.0,26.0,0.0,0.0
2026-08-26 21:00,-36.0,36.4,0.0,26.8,176.91,0.0,77.25,20.0,75.82,23.33
2026-08-26 22:00,-32.5,41.7,0.0,32.2,171.45,0.0,133.74,20.0,37.71,13.62
2026-08-26 23:00,-20.7,45.9,0.0,29.2,120.94,0.0,180.0,33.6,0.0,0.0
2026-08-27 00:00,-34.7,33.7,0.0,37.1,176.78,0.0,55.89,20.0,66.55,20.97
2026-08-27 01:00,-31.0,34.4,0.0,26.1,161.57,0.0,60.99,20.0,100.58,29.65
2026-08-27 02:00,-32.3,42.2,0.0,37.8,166.56,0.0,140.16,20.0,26.4,10.73
2026-08-27 03:00,-31.2,37.6,0.0,34.3,160.64,0.0,88.27,20.0,72.37,22.45
2026-08-27 04:00,-35.6,34.9,0.0,42.5,189.06,0.0,64.81,20.0,124.25,35.68
2026-08-27 05:00,-36.5,43.5,0.0,38.7,181.0,0.0,157.83,20.0,23.17,9.91
2026-08-27 06:00,-36.3,37.3,0.0,27.5,177.82,0.0,85.42,20.0,92.4,27.56
2026-08-27 07:00,-41.7,43.3,0.0,25.0,192.63,0.0,155.02,20.0,37.61,13.59
2026-08-27 08:00,-34.9,59.5,0.0,91.7,216.77,0.0,180.0,20.0,36.77,13.38
2026-08-27 09:00,-34.8,43.2,0.0,69.1,201.32,0.0,153.63,20.0,47.69,16.16
2026-08-27 10:00,-35.4,39.5,0.0,71.3,205.22,0.0,107.78,20.0,97.44,28.85
2026-08-27 11:00,-34.5,37.9,0.0,81.1,206.92,0.0,91.18,20.0,115.74,33.51
2026-08-27 12:00,-35.2,47.1,0.0,65.8,202.23,0.0,180.0,20.0,22.23,9.67
2026-08-27 13:00,-24.3,59.9,0.0,82.2,172.95,0.0,180.0,21.6,0.0,0.0
2026-08-27 14:00,-31.7,38.8,0.0,79.4,195.06,0.0,100.29,20.0,88.28,26.51
2026-08-27 15:00,-31.3,36.2,0.0,87.3,198.97,0.0,75.5,20.0,123.47,35.48
2026-08-27 16:00,-33.7,52.6,0.0,83.5,210.13,0.0,180.0,20.0,30.13,11.68
2026-08-27 17:00,-31.3,43.1,0.0,76.2,195.89,0.0,152.25,20.0,43.64,15.13
2026-08-27 18:00,-33.6,44.9,0.0,91.1,217.74,0.0,178.46,20.0,39.28,14.02
2026-08-27 19:00,-30.5,35.5,0.0,66.3,184.87,0.0,69.61,20.0,115.26,33.39
2026-08-27 20:00,-29.8,47.9,0.0,34.9,152.92,0.0,180.0,26.2,0.0,0.0
2026-08-27 21:00,-30.5,42.3,0.0,27.5,157.09,0.0,141.47,22.0,0.0,0.0
2026-08-27 22:00,-32.9,44.6,0.0,37.9,176.1,0.0,173.9,21.4,0.0,0.0
2026-08-27 23:00,-36.0,38.3,0.0,42.3,188.82,0.0,95.15,20.0,88.13,26.47
2026-08-28 00:00,-26.0,39.4,0.0,38.1,152.43,0.0,106.69,20.0,45.74,15.66
2026-08-28 01:00,-34.2,43.8,0.0,41.3,179.79,0.0,162.11,20.0,17.68,8.51
2026-08-28 02:00,-35.8,36.2,0.0,37.3,188.64,0.0,75.5,20.0,113.14,32.85
2026-08-28 03:00,-33.8,38.6,0.0,32.2,167.64,0.0,98.21,20.0,69.43,21.7
2026-08-28 04:00,-42.2,42.7,0.0,29.8,195.92,0.0,146.8,20.0,49.12,16.53
2026-08-28 05:00,-29.8,38.4,0.0,35.2,162.27,0.0,96.17,20.0,66.1,20.86
2026-08-28 06:00,-30.8,40.1,0.0,37.8,173.7,0.0,114.49,20.0,59.21,19.1
2026-08-28 07:00,-34.7,42.7,0.0,25.4,167.96,0.0,146.8,20.0,21.16,9.4
2026-08-28 08:00,-25.8,48.1,0.0,68.4,173.29,0.0,180.0,21.5,0.0,0.0
2026-08-28 09:00,-39.7,43.6,0.0,91.5,231.8,0.0,159.25,20.0,66.38,20.93
2026-08-28 10:00,-25.8,40.4,0.0,76.6,180.08,0.0,117.95,20.0,62.13,19.84
2026-08-28 11:00,-29.8,40.5,0.0,70.7,183.22,0.0,119.12,20.0,64.1,20.35
2026-08-28 12:00,-29.3,47.8,0.0,75.0,187.54,0.0,180.0,20.0,7.54,5.92
2026-08-28 13:00,-28.5,45.5,0.0,85.7,201.14,0.0,180.0,20.0,21.14,9.39
2026-08-28 14:00,-35.0,45.0,0.0,82.4,215.44,0.0,180.0,20.0,35.44,13.04
2026-08-28 15:00,-30.7,48.1,0.0,73.5,190.4,0.0,180.0,20.0,10.4,6.65
2026-08-28 16:00,-33.4,63.1,0.0,68.3,197.53,0.0,180.0,20.0,17.53,8.47
2026-08-28 17:00,-33.8,48.4,0.0,92.0,215.52,0.0,180.0,20.0,35.52,13.06
2026-08-28 18:00,-26.9,37.9,0.0,76.6,177.03,0.0,91.18,20.0,85.85,25.89
2026-08-28 19:00,-33.5,45.9,0.0,68.9,194.88,0.0,180.0,20.0,14.88,7.79
2026-08-28 20:00,-27.9,47.6,0.0,43.7,164.56,0.0,180.0,23.6,0.0,0.0
2026-08-28 21:00,-29.3,43.3,0.0,31.7,159.24,0.0,155.02,22.4,0.0,0.0
2026-08-28 22:00,-28.6,59.5,0.0,29.8,160.03,0.0,180.0,27.0,0.0,0.0
2026-08-28 23:00,-34.7,51.1,0.0,27.0,165.7,0.0,180.0,30.3,0.0,0.0
2026-08-29 00:00,-39.8,38.6,0.0,33.2,185.7,0.0,98.21,20.0,46.34,15.82
2026-08-29 01:00,-34.3,43.8,0.0,44.2,182.0,0.0,162.11,20.0,19.89,9.07
2026-08-29 02:00,-31.9,44.0,0.0,30.7,165.72,0.0,165.01,20.0,0.71,4.18
2026-08-29 03:00,-32.9,41.7,0.0,26.4,164.05,0.0,133.74,20.0,30.31,11.73
2026-08-29 04:00,-31.6,45.1,0.0,30.7,169.58,0.0,180.0,22.4,0.0,0.0
2026-08-29 05:00,-28.9,57.5,0.0,29.7,148.67,0.0,180.0,29.6,0.0,0.0
2026-08-29 06:00,-26.1,55.0,0.0,26.0,150.71,0.0,180.0,36.3,0.0,0.0
2026-08-29 07:00,-39.5,38.7,0.0,27.9,185.12,0.0,99.25,20.0,20.51,9.23
2026-08-29 08:00,-33.7,39.5,0.0,82.5,210.94,0.0,107.78,20.0,103.16,30.31
2026-08-29 09:00,-38.4,43.3,0.0,77.7,213.99,0.0,155.02,20.0,58.97,19.04
2026-08-29 10:00,-29.5,41.9,0.0,92.7,205.77,0.0,136.28,20.0,69.49,21.72
2026-08-29 11:00,-33.9,45.9,0.0,73.3,201.38,0.0,180.0,20.0,21.38,9.45
2026-08-29 12:00,-29.8,46.2,0.0,70.0,182.26,0.0,180.0,20.0,2.26,4.58
2026-08-29 13:00,-31.3,42.5,0.0,85.5,206.22,0.0,144.12,20.0,62.1,19.84
2026-08-29 14:00,-32.3,40.4,0.0,66.2,188.01,0.0,117.95,20.0,70.06,21.87
2026-08-29 15:00,-35.1,47.0,0.0,85.2,213.5,0.0,180.0,20.0,33.5,12.54
2026-08-29 16:00,-31.0,52.7,0.0,90.2,197.23,0.0,180.0,20.0,17.23,8.39
2026-08-29 17:00,-34.0,49.3,0.0,72.4,205.42,0.0,180.0,20.0,25.42,10.48
2026-08-29 18:00,-28.9,48.2,0.0,66.6,175.59,0.0,180.0,21.0,0.0,0.0
2026-08-29 19:00,-28.4,43.7,0.0,90.4,201.81,0.0,160.68,20.0,37.07,13.45
2026-08-29 20:00,-27.3,42.3,0.0,29.0,154.54,0.0,141.47,20.0,13.07,7.33
2026-08-29 21:00,-36.2,42.6,0.0,35.3,178.79,0.0,145.45,20.0,33.34,12.5
2026-08-29 22:00,-28.1,40.6,0.0,34.6,152.98,0.0,120.29,20.0,32.69,12.34
2026-08-29 23:00,-30.6,43.0,0.0,34.5,169.51,0.0,150.87,20.0,18.64,8.75
2026-08-30 00:00,-25.9,39.5,0.0,42.6,156.0,0.0,107.78,20.0,48.22,16.3
2026-08-30 01:00,-31.0,50.7,0.0,35.3,166.95,0.0,180.0,23.0,0.0,0.0
2026-08-30 02:00,-29.0,46.8,0.0,36.6,157.42,0.0,180.0,28.2,0.0,0.0
2026-08-30 03:00,-29.0,50.1,0.0,29.2,155.33,0.0,180.0,33.9,0.0,0.0
2026-08-30 04:00,-31.7,46.0,0.0,43.8,173.18,0.0,180.0,35.4,0.0,0.0
2026-08-30 05:00,-31.6,43.0,0.0,31.1,167.59,0.0,150.87,30.9,0.0,0.0
2026-08-30 06:00,-37.8,52.5,0.0,40.2,197.87,0.0,180.0,26.0,0.0,0.0
2026-08-30 07:00,-29.9,45.1,0.0,31.5,154.12,0.0,180.0,32.0,0.0,0.0
2026-08-30 08:00,-30.9,43.3,0.0,73.6,192.29,0.0,155.02,21.9,0.0,0.0
2026-08-30 09:00,-39.1,46.0,0.0,69.4,213.72,0.0,180.0,20.0,26.27,10.7
2026-08-30 10:00,-36.4,47.1,0.0,68.8,209.61,0.0,180.0,20.0,29.61,11.55
2026-08-30 11:00,-33.9,53.6,0.0,88.1,215.14,0.0,180.0,20.0,35.14,12.96
2026-08-30 12:00,-29.9,40.7,0.0,85.4,200.9,0.0,121.47,20.0,79.43,24.25
2026-08-30 13:00,-29.2,65.0,0.0,92.0,198.65,0.0,180.0,20.0,18.65,8.76
2026-08-30 14:00,-33.2,43.5,0.0,68.7,193.32,0.0,157.83,20.0,35.49,13.05
2026-08-30 15:00,-32.3,78.6,0.0,82.1,200.68,0.0,180.0,20.0,20.68,9.27
2026-08-30 16:00,-32.9,48.6,0.0,93.7,223.71,0.0,180.0,20.0,43.71,15.15
2026-08-30 17:00,-32.9,45.3,0.0,94.8,215.93,0.0,180.0,20.0,35.93,13.16
2026-08-30 18:00,-24.2,40.8,0.0,69.2,161.53,0.0,122.66,20.0,38.87,13.91
2026-08-30 19:00,-31.1,42.9,0.0,76.6,198.83,0.0,149.51,20.0,49.32,16.58
2026-08-30 20:00,-31.6,55.1,0.0,44.8,177.9,0.0,180.0,20.5,0.0,0.0
2026-08-30 21:00,-33.1,41.2,0.0,40.2,173.64,0.0,127.51,20.0,44.2,15.27
2026-08-30 22:00,-31.6,41.8,0.0,32.1,161.59,0.0,135.0,20.0,26.59,10.78
2026-08-30 23:00,-31.3,47.6,0.0,37.8,171.77,0.0,180.0,21.9,0.0,0.0
2026-08-31 00:00,-30.2,45.7,0.0,37.6,170.48,0.0,180.0,24.1,0.0,0.0
2026-08-31 01:00,-35.3,43.2,0.0,30.4,180.01,0.0,153.63,20.0,10.05,6.56
2026-08-31 02:00,-40.3,46.2,0.0,33.1,195.69,0.0,180.0,20.0,15.69,8.0
2026-08-31 03:00,-25.4,43.9,0.0,33.4,152.24,0.0,163.56,22.6,0.0,0.0
2026-08-31 04:00,-35.8,56.4,0.0,42.9,189.25,0.0,180.0,20.1,0.0,0.0
2026-08-31 05:00,-29.0,47.6,0.0,35.5,161.08,0.0,180.0,24.4,0.0,0.0
2026-08-31 06:00,-36.1,47.6,0.0,28.7,172.93,0.0,180.0,26.1,0.0,0.0
2026-08-31 07:00,-35.1,55.2,0.0,30.0,177.12,0.0,180.0,26.7,0.0,0.0
2026-08-31 08:00,-36.0,42.4,0.0,79.7,213.32,0.0,142.79,20.0,43.61,15.12
2026-08-31 09:00,-35.0,48.1,0.0,77.8,211.6,0.0,180.0,20.0,31.6,12.06
2026-08-31 10:00,-34.1,40.5,0.0,91.5,214.24,0.0,119.12,20.0,95.12,28.26
2026-08-31 11:00,-36.4,48.1,0.0,68.4,212.26,0.0,180.0,20.0,32.26,12.23
2026-08-31 12:00,-29.7,53.7,0.0,73.5,191.38,0.0,180.0,20.0,11.38,6.9
2026-08-31 13:00,-32.0,67.4,0.0,92.6,203.97,0.0,180.0,20.0,23.97,10.11
2026-08-31 14:00,-27.1,60.3,0.0,72.8,177.87,0.0,180.0,20.5,0.0,0.0
2026-08-31 15:00,-33.5,43.3,0.0,71.0,202.48,0.0,155.02,20.0,45.5,15.6
2026-08-31 16:00,-25.8,45.9,0.0,68.7,173.19,0.0,180.0,21.6,0.0,0.0
2026-08-31 17:00,-28.6,46.9,0.0,82.3,185.9,0.0,180.0,20.0,0.0,0.0
2026-08-31 18:00,-29.4,59.1,0.0,80.3,192.5,0.0,180.0,20.0,12.5,7.19
2026-08-31 19:00,-27.8,48.1,0.0,85.2,192.82,0.0,180.0,20.0,12.82,7.27
2026-08-31 20:00,-33.3,46.8,0.0,41.8,180.46,0.0,180.0,20.0,0.46,4.12
2026-08-31 21:00,-27.2,47.5,0.0,33.5,149.94,0.0,180.0,26.9,0.0,0.0
2026-08-31 22:00,-35.2,54.3,0.0,34.6,184.32,0.0,180.0,25.7,0.0,0.0
2026-08-31 23:00,-30.1,48.4,0.0,45.0,172.82,0.0,180.0,27.4,0.0,0.0
2026-09-01 00:00,-23.0,54.3,0.0,36.9,141.95,0.0,180.0,36.1,0.0,0.0
2026-09-01 01:00,-20.4,45.5,0.0,28.4,121.48,0.0,180.0,49.6,0.0,0.0
2026-09-01 02:00,-24.1,56.2,0.0,41.1,147.29,0.0,180.0,57.1,0.0,0.0
2026-09-01 03:00,-22.1,43.0,0.0,31.9,133.71,0.0,150.87,61.1,0.0,0.0
2026-09-01 04:00,-19.3,40.4,0.0,34.3,131.91,0.0,117.95,57.3,0.0,0.0
2026-09-01 05:00,-16.6,53.1,0.0,38.7,120.84,0.0,180.0,70.9,0.0,0.0
2026-09-01 06:00,-28.2,53.1,0.0,29.3,149.65,0.0,180.0,77.9,0.0,0.0
2026-09-01 07:00,-19.5,43.5,109.85,44.8,136.83,20.6,157.83,87.4,0.0,0.0
2026-09-01 08:00,-24.7,48.4,85.96,85.6,185.02,16.12,180.0,90.0,0.0,0.0
2026-09-01 09:00,-21.9,49.3,286.25,87.5,182.35,53.67,180.0,95.0,0.0,0.0
2026-09-01 10:00,-24.3,47.0,135.91,93.7,177.64,25.48,180.0,95.0,0.0,0.0
2026-09-01 11:00,-23.1,41.3,201.96,83.5,181.92,37.87,128.74,90.8,0.0,0.0
2026-09-01 12:00,-23.2,39.7,438.18,74.6,164.92,82.16,109.99,95.0,0.0,0.0
2026-09-01 13:00,-20.9,44.2,302.74,92.3,178.03,56.76,167.94,95.0,0.0,0.0
2026-09-01 14:00,-22.6,57.5,172.32,88.9,184.52,32.31,180.0,95.0,0.0,0.0
2026-09-01 15:00,-19.1,49.8,293.12,87.3,161.18,54.96,180.0,95.0,0.0,0.0
2026-09-01 16:00,-17.7,53.7,135.72,68.1,144.96,25.45,180.0,95.0,0.0,0.0
2026-09-01 17:00,-21.4,40.9,111.79,90.8,170.58,20.96,123.86,88.0,0.0,0.0
2026-09-01 18:00,-15.1,40.6,0.0,76.5,140.32,0.0,120.29,82.6,0.0,0.0
2026-09-01 19:00,-17.9,48.0,0.0,73.4,149.99,0.0,180.0,89.5,0.0,0.0
2026-09-01 20:00,-25.7,48.5,0.0,33.2,147.0,0.0,180.0,95.0,0.0,0.0
2026-09-01 21:00,-19.7,42.8,0.0,32.6,126.8,0.0,148.15,95.0,0.0,0.0
2026-09-01 22:00,-22.3,54.7,0.0,40.3,136.59,0.0,180.0,95.0,0.0,0.0
2026-09-01 23:00,-18.3,41.1,0.0,26.5,105.14,0.0,126.28,95.0,0.0,0.0
2026-09-02 00:00,-23.2,39.3,0.0,30.3,135.94,0.0,105.6,86.8,0.0,0.0
2026-09-02 01:00,-24.6,40.6,0.0,30.2,139.34,0.0,120.29,81.6,0.0,0.0
2026-09-02 02:00,-23.8,48.2,0.0,32.7,138.84,0.0,180.0,91.0,0.0,0.0
2026-09-02 03:00,-23.8,40.5,0.0,44.7,146.89,0.0,119.12,83.5,0.0,0.0
2026-09-02 04:00,-23.2,40.7,0.0,27.1,133.16,0.0,121.47,80.3,0.0,0.0
2026-09-02 05:00,-24.3,46.2,0.0,36.1,139.55,0.0,180.0,89.6,0.0,0.0
2026-09-02 06:00,-21.8,41.7,0.0,25.2,130.45,0.0,133.74,90.4,0.0,0.0
2026-09-02 07:00,-27.4,43.2,91.72,40.9,155.23,17.2,153.63,94.0,0.0,0.0
2026-09-02 08:00,-24.2,43.0,106.32,88.6,186.46,19.93,150.87,89.7,0.0,0.0
2026-09-02 09:00,-27.0,40.6,89.46,83.0,190.77,16.77,120.29,75.1,0.0,0.0
2026-09-02 10:00,-17.7,49.9,359.14,72.8,154.13,67.34,180.0,93.5,0.0,0.0
2026-09-02 11:00,-28.1,41.2,374.59,72.4,181.98,70.24,127.51,95.0,0.0,0.0
2026-09-02 12:00,-26.2,46.5,172.34,82.4,182.35,32.31,180.0,95.0,0.0,0.0
2026-09-02 13:00,-18.5,38.7,312.42,82.1,157.02,58.58,99.25,95.0,0.0,0.0
2026-09-02 14:00,-29.0,50.0,163.82,91.7,201.83,30.72,180.0,95.0,0.0,0.0
2026-09-02 15:00,-23.3,57.6,252.67,78.1,168.94,47.38,180.0,95.0,0.0,0.0
2026-09-02 16:00,-18.9,58.2,214.41,84.8,162.58,40.2,180.0,95.0,0.0,0.0
2026-09-02 17:00,-17.5,54.6,24.12,70.6,147.18,4.52,180.0,95.0,0.0,0.0
2026-09-02 18:00,-18.9,52.2,0.0,89.8,171.59,0.0,180.0,95.0,0.0,0.0
2026-09-02 19:00,-22.2,40.2,0.0,75.5,166.5,0.0,115.63,81.2,0.0,0.0
2026-09-02 20:00,-16.4,37.2,0.0,43.2,128.3,0.0,84.48,69.3,0.0,0.0
2026-09-02 21:00,-21.6,37.6,0.0,25.2,127.7,0.0,88.27,58.6,0.0,0.0
2026-09-02 22:00,-21.6,39.6,0.0,42.0,140.19,0.0,108.88,50.0,0.0,0.0
2026-09-02 23:00,-21.5,51.5,0.0,30.1,124.73,0.0,180.0,62.8,0.0,0.0
2026-09-03 00:00,-25.1,37.7,0.0,38.6,141.98,0.0,89.23,48.4,0.0,0.0
2026-09-03 01:00,-25.8,40.5,0.0,42.1,155.51,0.0,119.12,38.5,0.0,0.0
2026-09-03 02:00,-20.8,44.4,0.0,26.8,121.32,0.0,170.9,49.9,0.0,0.0
2026-09-03 03:00,-23.5,48.4,0.0,28.2,128.59,0.0,180.0,61.8,0.0,0.0
2026-09-03 04:00,-28.5,44.4,0.0,34.2,153.42,0.0,170.9,65.8,0.0,0.0
2026-09-03 05:00,-22.2,45.8,0.0,41.5,135.61,0.0,180.0,76.0,0.0,0.0
2026-09-03 06:00,-28.1,40.6,0.0,42.9,165.4,0.0,120.29,63.7,0.0,0.0
2026-09-03 07:00,-27.3,49.7,111.8,25.5,151.22,20.96,180.0,75.2,0.0,0.0
2026-09-03 08:00,-28.9,60.1,63.49,78.1,193.97,11.9,180.0,74.6,0.0,0.0
2026-09-03 09:00,-20.5,40.9,172.94,71.4,161.1,32.43,123.86,73.3,0.0,0.0
2026-09-03 10:00,-27.5,43.6,319.04,67.7,175.66,59.82,159.25,83.3,0.0,0.0
2026-09-03 11:00,-23.3,36.8,424.7,66.2,163.05,79.63,80.81,82.6,0.0,0.0
2026-09-03 12:00,-26.2,41.2,101.87,74.8,178.66,19.1,127.51,73.9,0.0,0.0
2026-09-03 13:00,-26.3,47.0,203.64,82.5,186.72,38.18,180.0,81.1,0.0,0.0
2026-09-03 14:00,-20.6,35.4,363.19,86.8,170.28,68.1,68.8,72.0,0.0,0.0
2026-09-03 15:00,-21.0,48.1,271.52,81.8,165.1,50.91,180.0,87.2,0.0,0.0
2026-09-03 16:00,-22.0,48.6,56.49,66.3,159.77,10.59,180.0,94.3,0.0,0.0
2026-09-03 17:00,-17.4,64.9,36.1,68.5,140.51,6.77,180.0,95.0,0.0,0.0
2026-09-03 18:00,-16.1,39.8,0.0,74.6,144.81,0.0,111.1,85.8,0.0,0.0
2026-09-03 19:00,-21.8,37.9,0.0,89.1,169.59,0.0,91.18,64.5,0.0,0.0
2026-09-03 20:00,-20.8,40.2,0.0,27.5,132.36,0.0,115.63,60.0,0.0,0.0
2026-09-03 21:00,-16.6,36.2,0.0,40.2,123.08,0.0,75.5,47.1,0.0,0.0
2026-09-03 22:00,-16.8,55.0,0.0,43.4,120.47,0.0,180.0,60.7,0.0,0.0
2026-09-03 23:00,-24.8,35.9,0.0,27.3,143.14,0.0,72.94,41.7,0.0,0.0
2026-09-04 00:00,-23.6,34.3,0.0,32.9,142.29,0.0,60.24,20.0,0.0,0.0
2026-09-04 01:00,-19.3,34.6,0.0,36.1,123.84,0.0,62.5,20.0,61.34,19.64
2026-09-04 02:00,-23.5,34.7,0.0,28.5,130.58,0.0,63.26,20.0,67.32,21.17
2026-09-04 03:00,-18.5,34.3,0.0,42.2,126.64,0.0,60.24,20.0,66.4,20.93
2026-09-04 04:00,-25.9,47.4,0.0,28.7,147.64,0.0,180.0,27.4,0.0,0.0
2026-09-04 05:00,-21.9,36.0,0.0,43.2,140.51,0.0,73.79,20.0,36.95,13.42
2026-09-04 06:00,-24.2,49.4,0.0,44.0,152.7,0.0,180.0,26.3,0.0,0.0
2026-09-04 07:00,-18.7,36.1,53.54,40.1,126.49,10.04,74.64,20.0,16.69,8.26
2026-09-04 08:00,-28.2,35.9,58.3,72.8,184.1,10.93,72.94,20.0,100.23,29.56
2026-09-04 09:00,-22.6,45.6,277.2,80.0,169.21,51.97,180.0,34.4,0.0,0.0
2026-09-04 10:00,-24.9,32.9,150.85,80.9,173.23,28.28,50.42,20.0,36.79,13.38
2026-09-04 11:00,-22.9,58.8,418.25,90.8,175.76,78.42,180.0,38.4,0.0,0.0
2026-09-04 12:00,-25.2,50.3,396.14,93.2,193.24,74.28,180.0,52.4,0.0,0.0
2026-09-04 13:00,-26.4,35.7,259.34,71.4,169.85,48.63,71.26,38.9,0.0,0.0
2026-09-04 14:00,-27.0,33.1,270.76,88.9,201.6,50.77,51.75,20.0,23.63,10.03
2026-09-04 15:00,-20.4,36.3,108.17,66.8,150.87,20.28,76.37,20.0,54.22,17.83
2026-09-04 16:00,-18.8,35.7,109.0,70.8,157.61,20.44,71.26,20.0,65.91,20.81
2026-09-04 17:00,-19.2,45.3,82.16,80.6,164.14,15.4,180.0,27.2,0.0,0.0
2026-09-04 18:00,-19.1,51.0,0.0,77.9,159.83,0.0,180.0,31.8,0.0,0.0
2026-09-04 19:00,-16.3,32.0,0.0,84.7,155.93,0.0,44.7,20.0,63.91,20.3
2026-09-04 20:00,-17.7,45.5,0.0,30.8,114.7,0.0,180.0,35.0,0.0,0.0
2026-09-04 21:00,-17.0,31.7,0.0,27.0,124.38,0.0,42.9,20.0,21.4,9.46
2026-09-04 22:00,-22.9,42.1,0.0,36.5,136.36,0.0,138.86,20.6,0.0,0.0
2026-09-04 23:00,-20.3,34.2,0.0,42.0,132.36,0.0,59.5,20.0,70.56,21.99
2026-09-05 00:00,-19.6,44.9,0.0,35.1,135.09,0.0,178.46,30.0,0.0,0.0
2026-09-05 01:00,-20.8,33.4,0.0,25.4,123.05,0.0,53.79,20.0,29.36,11.49
2026-09-05 02:00,-22.4,46.9,0.0,44.2,145.26,0.0,180.0,28.0,0.0,0.0
2026-09-05 03:00,-25.4,38.7,0.0,34.8,144.51,0.0,99.25,20.0,13.3,7.39
2026-09-05 04:00,-20.9,46.3,0.0,37.2,141.23,0.0,180.0,28.9,0.0,0.0
2026-09-05 05:00,-29.0,55.0,0.0,27.8,143.15,0.0,180.0,37.4,0.0,0.0
2026-09-05 06:00,-27.0,32.8,0.0,30.7,156.07,0.0,49.76,20.0,36.74,13.37
2026-09-05 07:00,-21.4,35.6,45.06,29.8,128.39,8.45,70.43,20.0,49.51,16.63
2026-09-05 08:00,-23.5,33.3,114.21,90.1,181.55,21.41,53.11,20.0,107.03,31.29
2026-09-05 09:00,-30.0,34.4,128.9,89.6,205.8,24.17,60.99,20.0,120.64,34.76
2026-09-05 10:00,-21.2,35.0,155.29,89.8,172.31,29.12,65.6,20.0,77.59,23.79
2026-09-05 11:00,-27.8,49.3,217.15,91.9,195.48,40.72,180.0,25.8,0.0,0.0
2026-09-05 12:00,-19.0,33.6,444.32,78.6,157.26,83.31,55.18,20.7,0.0,0.0
2026-09-05 13:00,-24.5,32.2,375.55,88.6,181.45,70.42,45.93,20.0,62.28,19.88
2026-09-05 14:00,-26.9,36.8,194.12,89.1,189.34,36.4,80.81,20.0,72.13,22.39
2026-09-05 15:00,-22.7,34.8,81.36,72.7,166.57,15.26,64.04,20.0,87.27,26.25
2026-09-05 16:00,-18.0,38.6,100.2,93.1,166.18,18.79,98.21,20.0,49.18,16.54
2026-09-05 17:00,-19.3,60.6,84.79,69.7,155.96,15.9,180.0,29.2,0.0,0.0
2026-09-05 18:00,-24.8,30.7,0.0,78.3,172.6,0.0,37.24,20.0,98.62,29.15
2026-09-05 19:00,-21.4,38.1,0.0,78.8,165.64,0.0,93.15,20.0,72.49,22.48
2026-09-05 20:00,-16.1,34.7,0.0,43.5,122.7,0.0,63.26,20.0,59.44,19.16
2026-09-05 21:00,-22.9,33.9,0.0,35.6,133.56,0.0,57.31,20.0,76.25,23.44
2026-09-05 22:00,-17.5,39.9,0.0,38.5,119.21,0.0,112.22,20.0,6.99,5.78
2026-09-05 23:00,-17.8,29.3,0.0,25.3,111.22,0.0,30.18,20.0,81.04,24.67
2026-09-06 00:00,-23.7,29.3,0.0,40.3,144.02,0.0,30.18,20.0,113.84,33.03
2026-09-06 01:00,-20.0,31.8,0.0,42.4,136.25,0.0,43.49,20.0,92.76,27.65
2026-09-06 02:00,-15.7,29.2,0.0,40.8,118.87,0.0,29.71,20.0,89.16,26.74
2026-09-06 03:00,-26.0,41.0,0.0,29.2,141.26,0.0,125.07,20.0,16.19,8.13
2026-09-06 04:00,-20.8,33.4,0.0,38.8,135.86,0.0,53.79,20.0,82.07,24.93
2026-09-06 05:00,-22.6,33.9,0.0,37.7,140.95,0.0,57.31,20.0,83.64,25.33
2026-09-06 06:00,-23.4,26.7,0.0,27.1,136.36,0.0,19.55,20.0,116.81,33.79
2026-09-06 07:00,-22.6,33.4,103.23,30.8,128.84,19.36,53.79,20.0,55.69,18.2
2026-09-06 08:00,-20.5,38.9,82.37,86.6,171.68,15.44,101.34,20.0,54.9,18.0
2026-09-06 09:00,-25.4,33.8,289.54,89.7,186.71,54.29,56.6,20.0,75.82,23.33
2026-09-06 10:00,-25.3,27.0,259.41,88.5,186.95,48.64,20.63,20.0,117.68,34.01
2026-09-06 11:00,-24.6,38.0,155.87,66.4,168.78,29.23,92.16,20.0,47.39,16.08
2026-09-06 12:00,-18.6,25.8,192.62,74.8,157.12,36.12,16.56,20.0,104.44,30.63
2026-09-06 13:00,-25.2,32.9,161.47,84.3,182.22,30.28,50.42,20.0,101.52,29.89
2026-09-06 14:00,-28.2,28.9,332.47,80.6,187.59,62.34,28.34,20.0,96.91,28.71
2026-09-06 15:00,-19.5,26.7,302.08,69.5,159.9,56.64,19.55,20.0,83.71,25.35
2026-09-06 16:00,-17.5,27.2,135.4,68.0,149.35,25.39,21.36,20.0,102.6,30.16
2026-09-06 17:00,-19.9,28.1,59.12,74.7,162.01,11.08,24.89,20.0,126.04,36.14
2026-09-06 18:00,-14.7,52.5,0.0,80.0,145.5,0.0,180.0,27.9,0.0,0.0
2026-09-06 19:00,-15.7,25.3,0.0,90.5,160.27,0.0,15.04,20.0,113.49,32.94
2026-09-06 20:00,-10.4,34.6,0.0,38.5,96.45,0.0,62.5,20.0,33.95,12.66
2026-09-06 21:00,-20.9,30.7,0.0,40.5,142.51,0.0,37.24,20.0,105.27,30.84
2026-09-06 22:00,-21.1,28.0,0.0,31.7,136.68,0.0,24.48,20.0,112.2,32.61
2026-09-06 23:00,-16.9,31.8,0.0,30.5,110.01,0.0,43.49,20.0,66.52,20.96
2026-09-07 00:00,-28.3,30.2,0.0,43.9,163.44,0.0,34.6,20.0,128.84,36.85
2026-09-07 01:00,-14.9,30.8,0.0,34.9,111.53,0.0,37.78,20.0,73.75,22.81
2026-09-07 02:00,-25.4,31.2,0.0,28.4,135.62,0.0,40.0,20.0,95.62,28.38
2026-09-07 03:00,-28.3,29.1,0.0,44.3,164.89,0.0,29.25,20.0,135.64,38.59
2026-09-07 04:00,-24.1,31.5,0.0,29.2,132.47,0.0,41.72,20.0,90.75,27.14
2026-09-07 05:00,-20.7,26.4,0.0,41.6,137.75,0.0,18.52,20.0,119.23,34.4
2026-09-07 06:00,-23.0,23.8,0.0,43.9,144.7,0.0,11.03,20.0,133.67,38.09
2026-09-07 07:00,-24.4,34.2,66.02,25.1,136.77,12.38,59.5,20.0,64.89,20.55
2026-09-07 08:00,-21.5,24.1,134.4,77.6,168.83,25.2,11.77,20.0,131.86,37.62
2026-09-07 09:00,-24.9,35.8,170.32,74.0,170.45,31.93,72.1,20.0,66.42,20.94
2026-09-07 10:00,-18.9,33.9,212.81,86.5,166.63,39.9,57.31,20.0,69.42,21.7
2026-09-07 11:00,-23.6,34.5,339.54,67.8,162.58,63.66,61.74,20.0,37.18,13.48
2026-09-07 12:00,-21.2,26.4,94.34,93.2,180.22,17.69,18.52,20.0,144.01,40.72
2026-09-07 13:00,-16.9,30.9,353.51,89.3,159.57,66.28,38.33,20.0,54.96,18.01
2026-09-07 14:00,-23.6,24.3,323.52,89.6,179.4,60.66,12.28,20.0,106.46,31.15
2026-09-07 15:00,-11.9,35.8,270.02,74.4,132.26,50.63,72.1,20.0,9.53,6.43
2026-09-07 16:00,-17.7,34.1,54.03,76.0,152.49,10.13,58.77,20.0,83.59,25.32
2026-09-07 17:00,-16.5,30.2,29.33,77.8,151.88,5.5,34.6,20.0,111.78,32.5
2026-09-07 18:00,-20.7,23.3,0.0,89.5,174.17,0.0,9.88,20.0,164.29,45.89
2026-09-07 19:00,-15.5,24.2,0.0,65.6,143.79,0.0,12.02,20.0,131.77,37.6
2026-09-07 20:00,-23.4,38.2,0.0,28.8,136.56,0.0,94.15,20.0,42.41,14.81
2026-09-07 21:00,-10.9,24.0,0.0,42.5,106.9,0.0,11.52,20.0,95.38,28.32
2026-09-07 22:00,-16.5,21.7,0.0,37.5,125.56,0.0,6.72,20.0,118.84,34.3
2026-09-07 23:00,-14.6,22.5,0.0,29.5,112.63,0.0,8.2,20.0,104.43,30.63
2026-09-08 00:00,-20.2,24.5,0.0,30.9,123.48,0.0,12.8,20.0,110.68,32.22
2026-09-08 01:00,-22.8,22.1,0.0,39.0,135.84,0.0,7.44,20.0,128.4,36.74
2026-09-08 02:00,-19.9,21.3,0.0,28.5,125.1,0.0,6.06,20.0,119.04,34.36
2026-09-08 03:00,-25.5,26.9,0.0,25.6,135.47,0.0,20.26,20.0,115.21,33.38
2026-09-08 04:00,-21.2,53.5,0.0,35.4,127.69,0.0,180.0,32.0,0.0,0.0
2026-09-08 05:00,-19.4,20.3,0.0,44.2,131.94,0.0,4.59,20.0,79.22,24.2
2026-09-08 06:00,-23.5,19.7,0.0,40.0,146.44,0.0,3.83,20.0,142.61,40.37
2026-09-08 07:00,-28.2,25.4,54.56,39.9,157.73,10.23,15.33,20.0,132.17,37.7
2026-09-08 08:00,-23.8,34.4,94.14,93.6,183.09,17.65,60.99,20.0,104.45,30.63
2026-09-08 09:00,-17.9,23.8,258.93,94.5,175.01,48.55,11.03,20.0,115.43,33.43
2026-09-08 10:00,-28.4,25.0,96.53,88.4,198.29,18.1,14.17,20.0,166.02,46.34
2026-09-08 11:00,-21.9,30.4,172.73,82.2,170.22,32.39,35.64,20.0,102.19,30.06
2026-09-08 12:00,-18.2,32.5,169.92,72.3,149.88,31.86,47.82,20.0,70.2,21.9
2026-09-08 13:00,-27.9,19.3,317.15,86.9,194.51,59.47,3.38,20.0,131.66,37.57
2026-09-08 14:00,-19.9,28.9,233.2,74.2,162.7,43.72,28.34,20.0,90.64,27.11
2026-09-08 15:00,-25.8,31.9,130.66,80.7,183.81,24.5,44.1,20.0,115.21,33.38
2026-09-08 16:00,-18.9,18.9,85.86,68.3,151.31,16.1,2.96,20.0,132.25,37.72
2026-09-08 17:00,-21.8,24.8,101.92,80.2,160.47,19.11,13.61,20.0,127.75,36.58
2026-09-08 18:00,-22.8,42.8,0.0,65.1,160.59,0.0,148.15,20.0,12.44,7.17
2026-09-08 19:00,-20.1,20.0,0.0,71.8,159.64,0.0,4.2,20.0,155.44,43.64
2026-09-08 20:00,-17.7,21.4,0.0,31.5,115.41,0.0,6.22,20.0,109.19,31.84
2026-09-08 21:00,-23.6,27.4,0.0,42.7,147.09,0.0,22.12,20.0,124.97,35.87
2026-09-08 22:00,-17.9,19.0,0.0,25.8,112.91,0.0,3.06,20.0,109.85,32.01
2026-09-08 23:00,-22.5,49.3,0.0,30.8,132.01,0.0,180.0,31.0,0.0,0.0
2026-09-09 00:00,-19.2,22.7,0.0,26.6,118.61,0.0,8.6,20.0,65.86,20.79
2026-09-09 01:00,-22.8,28.3,0.0,39.3,148.24,0.0,25.73,20.0,122.51,35.24
2026-09-09 02:00,-22.4,38.6,0.0,31.8,129.26,0.0,98.21,20.0,31.05,11.92
2026-09-09 03:00,-17.2,35.6,0.0,27.9,117.93,0.0,70.43,20.0,47.5,16.11
2026-09-09 04:00,-19.9,25.8,0.0,29.5,128.61,0.0,16.56,20.0,112.05,32.57
2026-09-09 05:00,-27.4,25.2,0.0,34.9,155.05,0.0,14.74,20.0,140.31,39.78
2026-09-09 06:00,-23.3,22.1,0.0,36.2,140.25,0.0,7.44,20.0,132.81,37.87
2026-09-09 07:00,-23.2,17.2,111.74,41.9,145.14,20.95,1.57,20.0,122.62,35.27
2026-09-09 08:00,-23.2,18.7,105.37,77.3,172.48,19.76,2.76,20.0,149.96,42.24
2026-09-09 09:00,-23.6,17.0,248.45,92.4,182.31,46.58,1.44,20.0,134.29,38.24
2026-09-09 10:00,-27.6,18.4,164.1,77.1,185.92,30.77,2.49,20.0,152.66,42.93
2026-09-09 11:00,-16.7,17.7,256.3,83.2,144.86,48.06,1.92,20.0,94.88,28.19
2026-09-09 12:00,-25.0,16.2,283.4,67.0,166.72,53.14,1.0,20.0,112.58,32.71
2026-09-09 13:00,-20.2,18.6,91.72,75.3,155.81,17.2,2.67,20.0,135.94,38.66
2026-09-09 14:00,-28.5,24.5,119.07,87.2,199.14,22.33,12.8,20.0,164.01,45.82
2026-09-09 15:00,-21.1,17.7,212.48,92.1,168.43,39.84,1.92,20.0,126.67,36.3
2026-09-09 16:00,-18.9,21.6,182.95,74.9,155.62,34.3,6.55,20.0,114.77,33.27
2026-09-09 17:00,-16.3,31.2,32.19,83.1,154.03,6.04,40.0,20.0,107.99,31.54
2026-09-09 18:00,-15.5,19.2,0.0,79.3,150.9,0.0,3.27,20.0,147.63,41.65
2026-09-09 19:00,-18.6,15.1,0.0,68.7,151.45,0.0,0.56,20.0,150.89,42.48
2026-09-09 20:00,-20.8,21.8,0.0,43.1,142.38,0.0,6.9,20.0,135.48,38.55
2026-09-09 21:00,-21.9,25.2,0.0,27.0,131.88,0.0,14.74,20.0,117.14,33.87
2026-09-09 22:00,-18.3,22.1,0.0,40.5,124.25,0.0,7.44,20.0,116.81,33.79
2026-09-09 23:00,-19.7,18.3,0.0,31.4,124.38,0.0,2.4,20.0,121.98,35.1
2026-09-10 00:00,-15.1,20.3,0.0,40.4,120.4,0.0,4.59,20.0,115.81,33.53
2026-09-10 01:00,-15.0,27.0,0.0,32.5,109.95,0.0,20.63,20.0,89.32,26.78
2026-09-10 02:00,-22.6,14.2,0.0,43.0,135.18,0.0,0.31,20.0,134.87,38.39
2026-09-10 03:00,-20.0,16.6,0.0,38.2,129.39,0.0,1.21,20.0,128.18,36.69
2026-09-10 04:00,-21.0,14.7,0.0,26.6,128.77,0.0,0.44,20.0,128.33,36.72
2026-09-10 05:00,-23.8,17.9,0.0,36.1,140.05,0.0,2.07,20.0,137.98,39.18
2026-09-10 06:00,-31.5,15.5,0.0,38.0,167.58,0.0,0.7,20.0,166.88,46.55
2026-09-10 07:00,-24.2,23.4,86.04,38.7,145.72,16.13,10.1,20.0,119.49,34.47
2026-09-10 08:00,-24.5,15.7,55.2,75.7,174.12,10.35,0.78,20.0,162.99,45.56
2026-09-10 09:00,-22.3,15.9,100.63,78.5,166.6,18.87,0.86,20.0,146.87,41.45
2026-09-10 10:00,-20.1,16.9,125.23,88.5,173.33,23.48,1.38,20.0,148.47,41.86
2026-09-10 11:00,-19.9,41.0,170.36,72.0,160.35,31.94,125.07,20.0,3.34,4.85
2026-09-10 12:00,-25.3,14.6,123.74,75.0,174.76,23.2,0.41,20.0,151.15,42.54
2026-09-10 13:00,-19.9,17.7,230.89,80.3,165.61,43.29,1.92,20.0,120.4,34.7
2026-09-10 14:00,-23.6,24.5,368.66,82.2,175.69,69.12,12.8,20.0,93.77,27.91
2026-09-10 15:00,-20.7,15.2,271.07,92.1,171.6,50.83,0.59,20.0,120.18,34.65
2026-09-10 16:00,-16.8,13.9,64.78,78.1,145.39,12.15,0.25,20.0,132.99,37.91
2026-09-10 17:00,-15.7,32.3,42.33,91.0,151.75,7.94,46.56,20.0,97.25,28.8
2026-09-10 18:00,-19.0,15.6,0.0,92.4,169.74,0.0,0.74,20.0,169.0,47.1
2026-09-10 19:00,-23.3,17.0,0.0,81.4,182.17,0.0,1.44,20.0,180.73,50.09
2026-09-10 20:00,-17.6,21.8,0.0,29.6,122.35,0.0,6.9,20.0,115.45,33.44
2026-09-10 21:00,-23.4,23.5,0.0,28.5,137.56,0.0,10.33,20.0,127.23,36.44
2026-09-10 22:00,-10.8,14.0,0.0,32.0,102.89,0.0,0.27,20.0,102.62,30.17
2026-09-10 23:00,-22.9,51.4,0.0,31.0,133.6,0.0,180.0,30.7,0.0,0.0
2026-09-11 00:00,-19.8,16.0,0.0,44.2,129.39,0.0,0.91,20.0,85.79,25.88
2026-09-11 01:00,-19.2,48.3,0.0,27.0,121.16,0.0,180.0,33.5,0.0,0.0
2026-09-11 02:00,-17.2,15.8,0.0,33.0,111.97,0.0,0.82,20.0,57.02,18.54
2026-09-11 03:00,-17.6,13.6,0.0,35.8,131.09,0.0,0.2,20.0,130.89,37.38
2026-09-11 04:00,-23.8,31.7,0.0,36.5,149.85,0.0,42.9,20.0,106.95,31.27
2026-09-11 05:00,-28.4,23.4,0.0,44.3,163.89,0.0,10.1,20.0,153.79,43.22
2026-09-11 06:00,-31.0,14.4,0.0,40.9,162.44,0.0,0.36,20.0,162.08,45.33
2026-09-11 07:00,-19.4,12.3,80.85,31.9,118.96,15.16,0.05,20.0,103.75,30.46
2026-09-11 08:00,-21.3,18.4,189.42,92.9,176.63,35.52,2.49,20.0,138.62,39.35
2026-09-11 09:00,-16.7,25.9,313.77,71.6,139.88,58.83,16.88,20.0,64.17,20.36
2026-09-11 10:00,-18.7,12.1,346.57,88.0,167.4,64.98,0.04,20.0,102.38,30.11
2026-09-11 11:00,-23.6,13.9,195.0,93.6,190.34,36.56,0.25,20.0,153.53,43.15
2026-09-11 12:00,-19.1,20.6,365.42,66.1,156.06,68.52,5.0,20.0,82.54,25.05
2026-09-11 13:00,-23.2,37.1,188.37,71.4,170.15,35.32,83.56,20.0,51.27,17.07
2026-09-11 14:00,-18.5,15.2,388.91,92.2,170.24,72.92,0.59,20.0,96.73,28.67
2026-09-11 15:00,-23.6,19.1,202.49,91.4,184.2,37.97,3.16,20.0,143.07,40.48
2026-09-11 16:00,-23.5,19.7,77.09,65.9,162.46,14.45,3.83,20.0,144.18,40.77
2026-09-11 17:00,-20.9,11.2,68.25,66.5,148.75,12.8,0.01,20.0,135.94,38.66
2026-09-11 18:00,-16.2,13.1,0.0,84.4,162.35,0.0,0.13,20.0,162.22,45.37
2026-09-11 19:00,-16.8,19.6,0.0,66.0,140.15,0.0,3.71,20.0,136.44,38.79
2026-09-11 20:00,-13.4,13.6,0.0,44.7,115.64,0.0,0.2,20.0,115.44,33.44
2026-09-11 21:00,-22.3,12.4,0.0,34.8,135.47,0.0,0.06,20.0,135.41,38.53
2026-09-11 22:00,-17.1,12.6,0.0,36.9,125.04,0.0,0.07,20.0,124.97,35.87
2026-09-11 23:00,-15.3,14.8,0.0,41.7,117.07,0.0,0.46,20.0,116.61,33.74
2026-09-12 00:00,-24.4,14.5,0.0,25.2,137.24,0.0,0.38,20.0,136.86,38.9
2026-09-12 01:00,-19.8,23.0,0.0,41.0,137.6,0.0,9.22,20.0,128.38,36.74
2026-09-12 02:00,-19.9,19.1,0.0,30.8,124.24,0.0,3.16,20.0,121.08,34.88
2026-09-12 03:00,-22.3,25.4,0.0,30.2,135.4,0.0,15.33,20.0,120.07,34.62
2026-09-12 04:00,-22.9,16.0,0.0,29.3,128.86,0.0,0.91,20.0,127.95,36.63
2026-09-12 05:00,-28.6,13.6,0.0,30.2,146.19,0.0,0.2,20.0,145.99,41.23
2026-09-12 06:00,-25.3,29.2,0.0,29.5,137.5,0.0,29.71,20.0,107.79,31.49
2026-09-12 07:00,-25.8,13.5,87.07,43.7,150.58,16.33,0.18,20.0,134.07,38.19
2026-09-12 08:00,-21.5,11.6,122.04,93.2,184.15,22.88,0.02,20.0,161.25,45.12
2026-09-12 09:00,-24.6,13.6,151.68,67.8,168.01,28.44,0.2,20.0,139.37,39.54
2026-09-12 10:00,-19.9,10.4,271.23,94.5,167.71,50.86,0.0,20.0,116.85,33.8
2026-09-12 11:00,-19.3,11.8,146.23,68.4,155.81,27.42,0.02,20.0,128.37,36.73
2026-09-12 12:00,-25.6,19.2,144.93,77.6,177.06,27.17,3.27,20.0,146.62,41.39
2026-09-12 13:00,-24.2,10.8,273.94,69.1,164.01,51.36,0.0,20.0,112.65,32.73
2026-09-12 14:00,-18.2,16.6,285.52,93.6,172.18,53.54,1.21,20.0,117.43,33.94
2026-09-12 15:00,-26.9,11.0,192.75,81.4,184.85,36.14,0.0,20.0,148.71,41.92
2026-09-12 16:00,-25.8,24.7,101.68,95.0,193.28,19.07,13.34,20.0,160.87,45.02
2026-09-12 17:00,-23.0,18.0,53.33,86.1,180.15,10.0,2.15,20.0,168.0,46.84
2026-09-12 18:00,-18.2,14.5,0.0,71.5,149.29,0.0,0.38,20.0,148.91,41.97
2026-09-12 19:00,-20.4,13.4,0.0,68.4,152.28,0.0,0.17,20.0,152.11,42.79
2026-09-12 20:00,-15.1,13.8,0.0,33.2,114.17,0.0,0.23,20.0,113.94,33.05
2026-09-12 21:00,-12.4,15.5,0.0,41.8,105.46,0.0,0.7,20.0,104.76,30.71
2026-09-12 22:00,-25.4,33.3,0.0,39.7,149.31,0.0,53.11,20.0,96.2,28.53
2026-09-12 23:00,-21.1,10.6,0.0,28.1,128.17,0.0,0.0,20.0,128.17,36.68
2026-09-13 00:00,-24.8,25.4,0.0,36.6,144.74,0.0,15.33,20.0,129.41,37.0
2026-09-13 01:00,-20.8,11.0,0.0,39.9,132.68,0.0,0.0,20.0,132.68,37.83
2026-09-13 02:00,-26.1,22.4,0.0,31.2,146.51,0.0,8.0,20.0,138.51,39.32
2026-09-13 03:00,-19.8,12.8,0.0,43.1,134.46,0.0,0.09,20.0,134.37,38.26
2026-09-13 04:00,-22.4,11.7,0.0,31.3,132.11,0.0,0.02,20.0,132.09,37.68
2026-09-13 05:00,-28.1,20.7,0.0,39.0,154.43,0.0,5.14,20.0,149.29,42.07
2026-09-13 06:00,-20.9,19.5,0.0,42.7,142.26,0.0,3.6,20.0,138.66,39.36
2026-09-13 07:00,-20.7,12.1,50.9,43.2,134.15,9.54,0.04,20.0,124.57,35.77
2026-09-13 08:00,-21.0,13.0,141.26,93.9,173.72,26.49,0.11,20.0,147.12,41.52
2026-09-13 09:00,-27.1,12.4,313.87,80.5,187.41,58.85,0.06,20.0,128.5,36.77
2026-09-13 10:00,-24.1,27.3,343.4,66.3,162.63,64.39,21.74,20.0,76.5,23.51
2026-09-13 11:00,-20.6,23.2,160.76,88.6,173.52,30.14,9.66,20.0,133.72,38.1
2026-09-13 12:00,-22.6,46.0,136.73,83.1,173.49,25.64,180.0,27.4,0.0,0.0
2026-09-13 13:00,-22.9,11.2,333.57,85.1,178.57,62.54,0.01,20.0,86.44,26.04
2026-09-13 14:00,-18.7,14.4,377.27,67.9,152.25,70.74,0.36,20.0,81.15,24.69
2026-09-13 15:00,-21.4,10.2,106.63,93.7,179.26,19.99,0.0,20.0,159.27,44.61
2026-09-13 16:00,-20.1,10.9,134.6,83.5,170.87,25.24,0.0,20.0,145.63,41.14
2026-09-13 17:00,-22.2,13.8,116.23,92.0,173.47,21.79,0.23,20.0,151.45,42.62
2026-09-13 18:00,-15.3,10.5,0.0,67.6,137.79,0.0,0.0,20.0,137.79,39.14
2026-09-13 19:00,-18.7,26.8,0.0,80.0,166.64,0.0,19.91,20.0,146.73,41.42
2026-09-13 20:00,-21.7,32.1,0.0,30.0,134.61,0.0,45.32,20.0,89.29,26.77
2026-09-13 21:00,-21.9,10.5,0.0,34.9,135.22,0.0,0.0,20.0,135.22,38.48
2026-09-13 22:00,-28.3,11.4,0.0,36.6,154.94,0.0,0.01,20.0,154.93,43.51
2026-09-13 23:00,-23.7,11.4,0.0,35.0,147.55,0.0,0.01,20.0,147.54,41.62
2026-09-14 00:00,-25.6,11.0,0.0,43.9,153.27,0.0,0.0,20.0,153.27,43.08
2026-09-14 01:00,-25.3,28.3,0.0,28.6,137.27,0.0,25.73,20.0,111.54,32.44
2026-09-14 02:00,-24.6,10.6,0.0,29.6,146.13,0.0,0.0,20.0,146.13,41.26
2026-09-14 03:00,-17.9,16.8,0.0,43.9,129.6,0.0,1.32,20.0,128.28,36.71
2026-09-14 04:00,-30.2,17.7,0.0,38.5,163.76,0.0,1.92,20.0,161.84,45.27
2026-09-14 05:00,-25.3,13.6,0.0,38.7,150.8,0.0,0.2,20.0,150.6,42.4
2026-09-14 06:00,-22.4,18.3,0.0,44.0,143.41,0.0,2.4,20.0,141.01,39.96
2026-09-14 07:00,-22.2,11.7,90.61,35.4,142.89,16.99,0.02,20.0,125.88,36.1
2026-09-14 08:00,-22.4,16.2,90.48,65.6,154.63,16.96,1.0,20.0,136.67,38.85
2026-09-14 09:00,-24.7,11.8,96.61,79.0,182.79,18.11,0.02,20.0,164.66,45.99
2026-09-14 10:00,-25.7,38.7,156.87,88.8,187.3,29.41,99.25,20.0,58.64,18.95
2026-09-14 11:00,-20.1,14.2,175.4,82.0,163.77,32.89,0.31,20.0,130.57,37.3
2026-09-14 12:00,-17.3,15.8,282.55,65.6,138.77,52.98,0.82,20.0,84.97,25.67
2026-09-14 13:00,-23.0,17.6,370.12,86.2,173.25,69.4,1.84,20.0,102.01,30.01
2026-09-14 14:00,-24.2,19.2,206.02,89.8,185.36,38.63,3.27,20.0,143.46,40.58
2026-09-14 15:00,-27.5,12.2,290.06,75.4,186.52,54.39,0.04,20.0,132.09,37.68
2026-09-14 16:00,-15.8,13.1,142.2,80.7,151.3,26.66,0.13,20.0,124.51,35.75
2026-09-14 17:00,-18.6,51.4,61.12,76.0,150.6,11.46,180.0,29.4,0.0,0.0
2026-09-14 18:00,-17.1,27.0,0.0,70.4,145.08,0.0,20.63,20.0,86.86,26.15
2026-09-14 19:00,-23.7,17.1,0.0,84.6,184.58,0.0,1.5,20.0,183.08,50.69
2026-09-14 20:00,-20.7,13.5,0.0,26.0,117.43,0.0,0.18,20.0,117.25,33.9
2026-09-14 21:00,-21.2,19.6,0.0,44.1,137.37,0.0,3.71,20.0,133.66,38.08
2026-09-14 22:00,-19.8,36.3,0.0,27.7,127.81,0.0,76.37,20.0,51.44,17.12
2026-09-14 23:00,-18.1,16.1,0.0,35.6,123.31,0.0,0.95,20.0,122.36,35.2
2026-09-15 00:00,-18.0,15.6,0.0,40.8,133.02,0.0,0.74,20.0,132.28,37.73
2026-09-15 01:00,-21.3,27.4,0.0,38.1,135.24,0.0,22.12,20.0,113.12,32.85
2026-09-15 02:00,-21.0,21.5,0.0,44.3,141.16,0.0,6.39,20.0,134.77,38.37
2026-09-15 03:00,-21.5,21.4,0.0,31.1,124.93,0.0,6.22,20.0,118.71,34.27
2026-09-15 04:00,-19.6,28.3,0.0,43.3,131.25,0.0,25.73,20.0,105.52,30.91
2026-09-15 05:00,-28.2,15.4,0.0,38.3,151.04,0.0,0.66,20.0,150.38,42.35
2026-09-15 06:00,-24.3,13.7,0.0,25.6,134.51,0.0,0.21,20.0,134.3,38.25
2026-09-15 07:00,-25.2,14.4,67.16,37.1,141.78,12.59,0.36,20.0,128.83,36.85
2026-09-15 08:00,-17.3,32.0,223.36,76.2,154.17,41.88,44.7,20.0,67.59,21.24
2026-09-15 09:00,-26.9,20.2,106.04,65.1,167.61,19.88,4.46,20.0,143.27,40.53
2026-09-15 10:00,-25.4,21.8,344.0,71.1,174.83,64.5,6.9,20.0,103.43,30.37
2026-09-15 11:00,-27.7,32.0,398.89,65.4,171.88,74.79,44.7,20.0,52.39,17.36
2026-09-15 12:00,-17.3,20.5,159.83,85.1,155.52,29.97,4.86,20.0,120.69,34.78
2026-09-15 13:00,-22.4,22.5,392.95,84.1,169.56,73.68,8.2,20.0,87.68,26.36
2026-09-15 14:00,-23.2,13.3,217.71,77.8,168.34,40.82,0.15,20.0,127.37,36.48
2026-09-15 15:00,-19.8,16.3,109.11,80.3,163.89,20.46,1.05,20.0,142.38,40.31
2026-09-15 16:00,-20.2,13.7,216.63,90.9,171.86,40.62,0.21,20.0,131.03,37.41
2026-09-15 17:00,-20.6,37.2,69.62,69.2,158.41,13.05,84.48,20.0,60.88,19.52
2026-09-15 18:00,-21.9,24.7,0.0,76.3,163.37,0.0,13.34,20.0,150.03,42.26
2026-09-15 19:00,-24.6,21.9,0.0,70.8,169.02,0.0,7.07,20.0,161.95,45.3
2026-09-15 20:00,-21.9,15.6,0.0,37.9,131.56,0.0,0.74,20.0,130.82,37.36
2026-09-15 21:00,-26.9,30.1,0.0,26.5,143.86,0.0,34.09,20.0,109.77,31.99
2026-09-15 22:00,-20.3,18.8,0.0,44.8,137.16,0.0,2.86,20.0,134.3,38.25
2026-09-15 23:00,-28.1,16.4,0.0,31.6,149.54,0.0,1.1,20.0,148.44,41.85
2026-09-16 00:00,-23.1,17.5,0.0,31.1,130.62,0.0,1.77,20.0,128.85,36.86
2026-09-16 01:00,-22.6,27.0,0.0,27.7,129.46,0.0,20.63,20.0,108.83,31.75
2026-09-16 02:00,-19.8,17.8,0.0,28.4,122.25,0.0,1.99,20.0,120.26,34.67
2026-09-16 03:00,-21.7,20.2,0.0,32.5,127.77,0.0,4.46,20.0,123.31,35.44
2026-09-16 04:00,-22.2,42.8,0.0,34.1,136.88,0.0,148.15,22.6,0.0,0.0
2026-09-16 05:00,-25.9,15.3,0.0,34.7,153.27,0.0,0.63,20.0,142.27,40.28
2026-09-16 06:00,-23.1,18.0,0.0,27.7,132.56,0.0,2.15,20.0,130.41,37.25
2026-09-16 07:00,-27.5,27.3,102.34,25.2,139.65,19.19,21.74,20.0,98.72,29.17
2026-09-16 08:00,-27.1,17.1,85.31,91.2,200.59,16.0,1.5,20.0,183.09,50.69
2026-09-16 09:00,-23.6,15.4,297.15,83.3,178.54,55.72,0.66,20.0,122.16,35.15
2026-09-16 10:00,-20.6,26.6,86.15,70.2,161.21,16.15,19.2,20.0,125.86,36.09
2026-09-16 11:00,-26.0,15.9,305.4,84.9,187.0,57.26,0.86,20.0,128.88,36.86
2026-09-16 12:00,-26.4,22.9,261.6,70.3,180.09,49.05,9.01,20.0,122.03,35.12
2026-09-16 13:00,-22.2,14.8,276.0,94.7,182.79,51.75,0.46,20.0,130.58,37.3
2026-09-16 14:00,-21.1,17.3,126.85,70.3,166.4,23.78,1.63,20.0,140.99,39.95
2026-09-16 15:00,-24.7,31.9,108.88,79.6,177.41,20.42,44.1,20.0,112.89,32.79
2026-09-16 16:00,-26.8,20.7,123.98,83.1,182.3,23.25,5.14,20.0,153.91,43.25
2026-09-16 17:00,-21.3,21.8,66.75,74.0,165.34,12.52,6.9,20.0,145.92,41.21
2026-09-16 18:00,-21.7,22.8,0.0,94.1,181.04,0.0,8.8,20.0,172.24,47.92
2026-09-16 19:00,-21.6,29.0,0.0,75.5,160.77,0.0,28.8,20.0,131.97,37.65
2026-09-16 20:00,-19.5,27.4,0.0,31.3,131.02,0.0,22.12,20.0,108.9,31.77
2026-09-16 21:00,-22.8,17.9,0.0,38.0,142.51,0.0,2.07,20.0,140.44,39.81
2026-09-16 22:00,-14.8,20.7,0.0,42.6,118.18,0.0,5.14,20.0,113.04,32.83
2026-09-16 23:00,-23.4,24.4,0.0,42.9,139.62,0.0,12.54,20.0,127.08,36.41
2026-09-17 00:00,-24.4,18.3,0.0,38.7,146.26,0.0,2.4,20.0,143.86,40.68
2026-09-17 01:00,-18.9,43.7,0.0,29.3,122.6,0.0,160.68,28.8,0.0,0.0
2026-09-17 02:00,-19.3,17.7,0.0,43.7,132.9,0.0,1.92,20.0,95.95,28.47
2026-09-17 03:00,-23.1,19.2,0.0,30.6,132.19,0.0,3.27,20.0,128.92,36.87
2026-09-17 04:00,-32.2,16.9,0.0,41.0,163.43,0.0,1.38,20.0,162.05,45.32
2026-09-17 05:00,-22.3,19.3,0.0,25.1,130.88,0.0,3.38,20.0,127.5,36.51
2026-09-17 06:00,-25.6,26.1,0.0,25.4,141.04,0.0,17.52,20.0,123.52,35.5
2026-09-17 07:00,-27.6,43.2,25.88,42.9,159.73,4.85,153.63,20.0,1.25,4.32
2026-09-17 08:00,-25.1,20.3,161.97,79.4,177.03,30.37,4.59,20.0,142.07,40.23
2026-09-17 09:00,-30.1,40.3,106.64,93.1,212.94,20.0,116.79,20.0,76.15,23.42
2026-09-17 10:00,-27.4,18.9,254.24,92.0,197.16,47.67,2.96,20.0,146.53,41.37
2026-09-17 11:00,-22.7,38.8,330.06,75.4,162.95,61.89,100.29,20.0,0.77,4.2
2026-09-17 12:00,-23.5,21.5,156.9,73.0,171.7,29.42,6.39,20.0,135.89,38.65
2026-09-17 13:00,-23.7,17.5,396.97,78.4,178.07,74.43,1.77,20.0,101.87,29.98
2026-09-17 14:00,-23.1,18.2,134.33,93.7,179.04,25.19,2.31,20.0,151.54,42.64
2026-09-17 15:00,-25.3,26.9,75.74,67.4,169.18,14.2,20.26,20.0,134.72,38.35
2026-09-17 16:00,-22.8,18.4,143.43,86.9,178.32,26.89,2.49,20.0,148.94,41.98
2026-09-17 17:00,-18.8,31.5,43.36,90.4,166.78,8.13,41.72,20.0,116.93,33.82
2026-09-17 18:00,-14.9,21.5,0.0,95.0,160.68,0.0,6.39,20.0,154.29,43.34
2026-09-17 19:00,-25.2,19.0,0.0,82.0,183.79,0.0,3.06,20.0,180.73,50.09
2026-09-17 20:00,-14.4,24.4,0.0,27.5,113.95,0.0,12.54,20.0,101.41,29.86
2026-09-17 21:00,-21.6,23.0,0.0,34.9,138.2,0.0,9.22,20.0,128.98,36.89
2026-09-17 22:00,-22.4,34.5,0.0,41.6,143.02,0.0,61.74,20.0,81.28,24.73
2026-09-17 23:00,-14.6,23.8,0.0,39.7,114.65,0.0,11.03,20.0,103.62,30.42
2026-09-18 00:00,-21.1,34.4,0.0,27.0,130.67,0.0,60.99,20.0,69.68,21.77
2026-09-18 01:00,-14.2,20.2,0.0,34.4,112.83,0.0,4.46,20.0,108.37,31.63
2026-09-18 02:00,-18.3,29.7,0.0,32.6,123.23,0.0,32.1,20.0,91.13,27.24
2026-09-18 03:00,-19.0,28.0,0.0,44.8,135.55,0.0,24.48,20.0,111.07,32.32
2026-09-18 04:00,-31.2,28.4,0.0,36.8,167.76,0.0,26.15,20.0,141.61,40.11
2026-09-18 05:00,-26.8,25.9,0.0,41.8,148.59,0.0,16.88,20.0,131.71,37.59
2026-09-18 06:00,-25.3,19.8,0.0,25.2,136.9,0.0,3.95,20.0,132.95,37.9
2026-09-18 07:00,-20.3,29.5,44.2,44.1,128.91,8.29,31.13,20.0,89.49,26.82
2026-09-18 08:00,-24.0,29.7,209.33,74.2,169.38,39.25,32.1,20.0,98.03,29.0
2026-09-18 09:00,-22.1,44.1,280.99,77.4,165.83,52.69,166.47,32.3,0.0,0.0
2026-09-18 10:00,-28.4,33.1,380.34,73.9,192.57,71.31,51.75,20.0,20.45,9.21
2026-09-18 11:00,-27.7,21.4,179.36,67.0,184.32,33.63,6.22,20.0,144.47,40.84
2026-09-18 12:00,-26.3,38.5,373.62,77.3,188.04,70.05,97.19,20.0,20.8,9.3
2026-09-18 13:00,-15.6,24.8,333.93,84.4,152.71,62.61,13.61,20.0,76.49,23.5
2026-09-18 14:00,-26.9,21.0,158.24,82.7,185.84,29.67,5.59,20.0,150.58,42.4
2026-09-18 15:00,-14.3,22.3,283.69,66.7,132.85,53.19,7.81,20.0,71.85,22.32
2026-09-18 16:00,-16.1,22.1,138.43,72.1,139.72,25.96,7.44,20.0,106.32,31.11
2026-09-18 17:00,-29.0,39.3,73.19,67.2,180.95,13.72,105.6,20.0,61.63,19.72
2026-09-18 18:00,-23.0,25.5,0.0,75.6,175.3,0.0,15.63,20.0,159.67,44.72
2026-09-18 19:00,-16.9,25.7,0.0,86.5,160.23,0.0,16.25,20.0,143.98,40.71
2026-09-18 20:00,-18.7,29.7,0.0,35.6,127.4,0.0,32.1,20.0,95.3,28.3
2026-09-18 21:00,-19.7,23.1,0.0,36.5,125.16,0.0,9.44,20.0,115.72,33.51
2026-09-18 22:00,-21.7,22.3,0.0,27.3,129.04,0.0,7.81,20.0,121.23,34.91
2026-09-18 23:00,-20.9,30.1,0.0,38.0,134.0,0.0,34.09,20.0,99.91,29.48
2026-09-19 00:00,-21.0,27.0,0.0,32.0,123.93,0.0,20.63,20.0,103.3,30.34
2026-09-19 01:00,-22.1,26.8,0.0,34.4,131.82,0.0,19.91,20.0,111.91,32.54
2026-09-19 02:00,-22.9,30.1,0.0,28.5,132.9,0.0,34.09,20.0,98.81,29.2
2026-09-19 03:00,-27.6,26.2,0.0,30.2,148.47,0.0,17.85,20.0,130.62,37.31
2026-09-19 04:00,-24.8,49.9,0.0,31.8,142.43,0.0,180.0,28.6,0.0,0.0
2026-09-19 05:00,-25.9,33.9,0.0,41.6,156.48,0.0,57.31,20.0,64.61,20.48
2026-09-19 06:00,-21.8,24.8,0.0,39.0,135.3,0.0,13.61,20.0,121.69,35.03
2026-09-19 07:00,-24.5,51.5,103.01,33.2,144.61,19.31,180.0,32.6,0.0,0.0
2026-09-19 08:00,-16.9,28.2,84.26,82.0,155.39,15.8,25.31,20.0,63.96,20.31
2026-09-19 09:00,-22.2,29.0,169.64,72.6,164.63,31.81,28.8,20.0,104.02,30.53
2026-09-19 10:00,-20.5,24.1,314.5,75.0,158.72,58.97,11.77,20.0,87.98,26.43
2026-09-19 11:00,-22.9,27.7,119.75,91.1,178.03,22.45,23.28,20.0,132.3,37.74
2026-09-19 12:00,-19.6,31.7,275.91,89.0,164.6,51.73,42.9,20.0,69.97,21.84
2026-09-19 13:00,-20.9,28.0,310.73,78.9,161.22,58.26,24.48,20.0,78.48,24.01
2026-09-19 14:00,-17.6,27.8,365.26,67.8,139.84,68.49,23.68,20.0,47.67,16.16
2026-09-19 15:00,-26.9,28.3,179.09,89.6,198.92,33.58,25.73,20.0,139.61,39.6
2026-09-19 16:00,-17.6,44.8,50.34,77.4,150.99,9.44,176.93,28.1,0.0,0.0
2026-09-19 17:00,-22.3,39.6,106.11,92.1,176.82,19.9,108.88,20.0,15.49,7.95
2026-09-19 18:00,-16.8,30.5,0.0,78.7,148.62,0.0,36.17,20.0,112.45,32.67
2026-09-19 19:00,-18.0,26.9,0.0,90.1,165.01,0.0,20.26,20.0,144.75,40.91
2026-09-19 20:00,-19.3,31.1,0.0,29.6,132.92,0.0,39.44,20.0,93.48,27.84
2026-09-19 21:00,-22.0,29.0,0.0,38.4,132.33,0.0,28.8,20.0,103.53,30.4
2026-09-19 22:00,-21.9,26.3,0.0,29.2,128.64,0.0,18.18,20.0,110.46,32.17
2026-09-19 23:00,-17.2,30.7,0.0,26.0,118.52,0.0,37.24,20.0,81.28,24.73
2026-09-20 00:00,-19.0,45.2,0.0,39.0,125.17,0.0,180.0,32.6,0.0,0.0
2026-09-20 01:00,-16.1,36.2,0.0,25.2,115.46,0.0,75.5,21.8,0.0,0.0
2026-09-20 02:00,-24.2,29.4,0.0,37.8,146.49,0.0,30.65,20.0,108.83,31.75
2026-09-20 03:00,-24.5,27.7,0.0,41.6,150.34,0.0,23.28,20.0,127.06,36.4
2026-09-20 04:00,-24.9,33.1,0.0,37.0,156.18,0.0,51.75,20.0,104.43,30.63
2026-09-20 05:00,-26.2,26.9,0.0,38.2,148.83,0.0,20.26,20.0,128.57,36.79
2026-09-20 06:00,-25.2,28.2,0.0,31.6,140.01,0.0,25.31,20.0,114.7,33.25
2026-09-20 07:00,-25.3,67.7,111.93,39.7,156.97,20.99,180.0,30.1,0.0,0.0
2026-09-20 08:00,-22.3,29.2,138.22,80.9,174.73,25.92,29.71,20.0,78.6,24.04
2026-09-20 09:00,-29.0,29.1,205.17,73.4,186.06,38.47,29.25,20.0,118.34,34.18
2026-09-20 10:00,-23.3,36.6,81.14,82.2,177.41,15.21,79.02,20.0,83.18,25.21
2026-09-20 11:00,-23.9,37.3,326.63,75.8,173.08,61.24,85.42,20.0,26.42,10.74
2026-09-20 12:00,-23.7,33.0,397.54,72.7,164.99,74.54,51.08,20.0,39.37,14.04
2026-09-20 13:00,-20.2,29.2,338.5,76.0,158.85,63.47,29.71,20.0,65.67,20.75
2026-09-20 14:00,-24.5,42.8,271.94,82.9,180.3,50.99,148.15,24.3,0.0,0.0
2026-09-20 15:00,-20.9,47.3,285.07,90.5,178.1,53.45,180.0,37.1,0.0,0.0
2026-09-20 16:00,-19.7,33.2,217.46,71.4,156.91,40.77,52.42,20.0,0.0,0.0
2026-09-20 17:00,-23.6,31.6,108.15,85.6,182.65,20.28,42.31,20.0,120.06,34.62
2026-09-20 18:00,-22.7,34.1,0.0,88.0,182.34,0.0,58.77,20.0,123.57,35.51
2026-09-20 19:00,-14.3,29.8,0.0,76.2,144.21,0.0,32.59,20.0,111.62,32.46
2026-09-20 20:00,-19.7,29.3,0.0,30.2,127.36,0.0,30.18,20.0,97.18,28.78
2026-09-20 21:00,-19.7,35.8,0.0,27.5,116.22,0.0,72.1,20.0,44.12,15.25
2026-09-20 22:00,-15.1,63.9,0.0,37.6,122.26,0.0,180.0,33.3,0.0,0.0
2026-09-20 23:00,-23.6,34.9,0.0,35.2,137.72,0.0,64.81,20.0,19.79,9.05
2026-09-21 00:00,-22.2,38.6,0.0,34.5,143.48,0.0,98.21,20.0,45.27,15.54
2026-09-21 01:00,-20.7,34.3,0.0,41.4,134.53,0.0,60.24,20.0,74.29,22.94
2026-09-21 02:00,-23.8,29.8,0.0,29.4,139.52,0.0,32.59,20.0,106.93,31.27
2026-09-21 03:00,-25.5,30.7,0.0,37.9,151.87,0.0,37.24,20.0,114.63,33.23
2026-09-21 04:00,-17.6,36.4,0.0,40.6,129.19,0.0,77.25,20.0,51.94,17.24
2026-09-21 05:00,-31.8,45.7,0.0,44.4,178.9,0.0,180.0,20.3,0.0,0.0
2026-09-21 06:00,-19.4,36.2,0.0,33.2,127.44,0.0,75.5,20.0,50.93,16.99
2026-09-21 07:00,-27.4,69.2,84.34,37.7,149.78,15.81,180.0,30.6,0.0,0.0
2026-09-21 08:00,-22.6,45.1,202.13,73.6,170.92,37.9,180.0,41.4,0.0,0.0
2026-09-21 09:00,-18.3,32.0,225.82,73.3,157.72,42.34,44.7,22.2,0.0,0.0
2026-09-21 10:00,-22.9,55.3,167.31,71.8,166.44,31.37,180.0,32.5,0.0,0.0
2026-09-21 11:00,-24.1,45.2,192.94,92.5,183.72,36.18,180.0,40.0,0.0,0.0
2026-09-21 12:00,-26.3,34.4,175.14,89.1,187.09,32.84,60.99,20.0,13.32,7.4
2026-09-21 13:00,-21.2,33.5,311.87,71.8,166.22,58.48,54.48,20.0,53.26,17.58
2026-09-21 14:00,-20.2,42.9,80.75,67.2,155.73,15.14,149.51,22.1,0.0,0.0
2026-09-21 15:00,-25.1,44.9,257.67,85.4,172.73,48.31,178.46,34.5,0.0,0.0
2026-09-21 16:00,-23.3,32.6,72.6,73.6,164.96,13.61,48.46,20.0,44.97,15.47
2026-09-21 17:00,-18.0,36.7,91.18,74.7,150.63,17.1,79.91,20.0,53.62,17.67
2026-09-21 18:00,-19.3,31.8,0.0,92.7,177.71,0.0,43.49,20.0,134.22,38.23
2026-09-21 19:00,-18.9,37.5,0.0,67.2,156.05,0.0,87.31,20.0,68.74,21.53
2026-09-21 20:00,-18.3,38.1,0.0,32.1,122.58,0.0,93.15,20.0,29.43,11.5
2026-09-21 21:00,-23.6,32.6,0.0,38.3,147.03,0.0,48.46,20.0,98.57,29.14
2026-09-21 22:00,-21.1,48.4,0.0,31.2,130.6,0.0,180.0,31.4,0.0,0.0
2026-09-21 23:00,-19.7,35.4,0.0,33.1,133.29,0.0,68.8,20.0,19.04,8.86
2026-09-22 00:00,-24.9,42.6,0.0,37.6,152.61,0.0,145.45,20.0,7.16,5.83
2026-09-22 01:00,-19.4,37.0,0.0,32.8,130.54,0.0,82.63,20.0,47.91,16.22
2026-09-22 02:00,-19.5,35.1,0.0,42.3,136.15,0.0,66.39,20.0,69.76,21.79
2026-09-22 03:00,-23.9,36.8,0.0,37.8,143.76,0.0,80.81,20.0,62.95,20.05
2026-09-22 04:00,-22.6,43.2,0.0,35.9,138.18,0.0,153.63,23.6,0.0,0.0
2026-09-22 05:00,-23.0,34.0,0.0,29.2,136.47,0.0,58.04,20.0,64.22,20.38
2026-09-22 06:00,-29.3,42.8,0.0,35.9,160.08,0.0,148.15,20.0,11.93,7.04
2026-09-22 07:00,-27.1,47.4,24.94,32.1,152.19,4.68,180.0,27.5,0.0,0.0
2026-09-22 08:00,-29.0,34.4,105.95,86.0,203.81,19.87,60.99,20.0,93.06,27.73
2026-09-22 09:00,-25.5,36.0,135.61,67.2,168.77,25.43,73.79,20.0,69.55,21.74
2026-09-22 10:00,-26.3,34.0,381.05,65.2,177.33,71.45,58.04,20.0,47.84,16.2
2026-09-22 11:00,-34.6,41.0,157.87,88.2,214.06,29.6,125.07,20.0,59.39,19.14
2026-09-22 12:00,-21.8,37.3,225.85,73.6,162.08,42.35,85.42,20.0,34.31,12.75
2026-09-22 13:00,-22.6,35.0,352.71,93.8,177.13,66.13,65.6,20.0,45.4,15.58
2026-09-22 14:00,-21.3,61.8,145.04,85.9,170.99,27.19,180.0,28.3,0.0,0.0
2026-09-22 15:00,-16.6,41.2,94.44,69.0,143.63,17.71,127.51,28.7,0.0,0.0
2026-09-22 16:00,-20.5,44.3,75.94,76.2,166.22,14.24,169.41,32.7,0.0,0.0
2026-09-22 17:00,-23.6,35.7,72.91,88.5,182.95,13.67,71.26,20.0,47.22,16.04
2026-09-22 18:00,-23.1,37.0,0.0,92.3,183.99,0.0,82.63,20.0,101.36,29.85
2026-09-22 19:00,-21.6,57.3,0.0,92.4,180.83,0.0,180.0,20.0,0.83,4.21
2026-09-22 20:00,-21.7,36.9,0.0,34.2,136.1,0.0,81.72,20.0,54.38,17.87
2026-09-22 21:00,-16.8,36.6,0.0,25.4,104.58,0.0,79.02,20.0,25.56,10.52
2026-09-22 22:00,-13.0,43.6,0.0,42.9,113.49,0.0,159.25,30.5,0.0,0.0
2026-09-22 23:00,-19.4,44.7,0.0,31.5,132.81,0.0,175.41,40.3,0.0,0.0
2026-09-23 00:00,-24.9,40.3,0.0,34.8,147.85,0.0,116.79,31.9,0.0,0.0
2026-09-23 01:00,-22.7,72.1,0.0,39.3,141.44,0.0,180.0,40.8,0.0,0.0
2026-09-23 02:00,-26.2,37.7,0.0,32.6,151.84,0.0,89.23,23.7,0.0,0.0
2026-09-23 03:00,-18.6,51.7,0.0,29.4,126.03,0.0,180.0,36.2,0.0,0.0
2026-09-23 04:00,-22.9,42.9,0.0,29.3,130.54,0.0,149.51,40.5,0.0,0.0
2026-09-23 05:00,-24.8,40.5,0.0,43.7,152.23,0.0,119.12,31.5,0.0,0.0
2026-09-23 06:00,-21.4,37.9,0.0,29.4,131.71,0.0,91.18,20.5,0.0,0.0
2026-09-23 07:00,-27.7,50.3,93.98,33.4,146.12,17.62,180.0,32.3,0.0,0.0
2026-09-23 08:00,-28.2,36.8,211.67,82.2,197.34,39.69,80.81,20.0,27.45,11.0
2026-09-23 09:00,-19.7,41.3,155.71,87.6,163.47,29.2,128.74,20.0,5.53,5.41
2026-09-23 10:00,-24.6,60.6,202.08,89.0,179.75,37.89,180.0,28.8,0.0,0.0
2026-09-23 11:00,-21.4,37.6,158.48,72.6,161.23,29.72,88.27,20.0,8.15,6.08
2026-09-23 12:00,-29.9,37.3,184.4,83.9,203.66,34.58,85.42,20.0,83.66,25.33
2026-09-23 13:00,-22.1,42.2,121.39,67.0,169.89,22.76,140.16,20.0,6.97,5.78
2026-09-23 14:00,-28.8,44.1,277.23,83.2,187.58,51.98,166.47,27.1,0.0,0.0
2026-09-23 15:00,-22.5,46.0,67.47,82.3,170.79,12.65,180.0,32.1,0.0,0.0
2026-09-23 16:00,-18.5,40.8,181.37,75.4,156.53,34.01,122.66,32.2,0.0,0.0
2026-09-23 17:00,-21.0,38.8,100.72,92.4,169.2,18.89,100.29,20.0,1.38,4.35
2026-09-23 18:00,-17.5,39.4,0.0,93.3,160.93,0.0,106.69,20.0,54.24,17.83
2026-09-23 19:00,-23.9,50.4,0.0,91.9,189.6,0.0,180.0,20.0,9.6,6.45
2026-09-23 20:00,-18.8,53.6,0.0,38.7,130.88,0.0,180.0,31.3,0.0,0.0
2026-09-23 21:00,-22.3,47.0,0.0,33.2,136.1,0.0,180.0,41.4,0.0,0.0
2026-09-23 22:00,-19.2,46.9,0.0,38.1,130.01,0.0,180.0,52.9,0.0,0.0
2026-09-23 23:00,-19.6,44.1,0.0,34.0,127.66,0.0,166.47,61.8,0.0,0.0
2026-09-24 00:00,-13.2,41.4,0.0,37.7,107.33,0.0,129.97,67.0,0.0,0.0
2026-09-24 01:00,-20.4,40.6,0.0,37.9,142.05,0.0,120.29,61.1,0.0,0.0
2026-09-24 02:00,-20.7,44.8,0.0,34.2,131.43,0.0,176.93,71.6,0.0,0.0
2026-09-24 03:00,-24.0,42.9,0.0,31.0,134.71,0.0,149.51,75.0,0.0,0.0
2026-09-24 04:00,-19.4,39.6,0.0,31.9,122.58,0.0,108.88,71.3,0.0,0.0
2026-09-24 05:00,-16.4,54.1,0.0,41.4,126.83,0.0,180.0,83.5,0.0,0.0
2026-09-24 06:00,-24.1,38.5,0.0,27.7,136.98,0.0,97.19,72.7,0.0,0.0
2026-09-24 07:00,-22.3,45.0,68.56,37.3,136.04,12.86,180.0,85.7,0.0,0.0
2026-09-24 08:00,-22.6,48.4,128.31,76.1,162.32,24.06,180.0,95.0,0.0,0.0
2026-09-24 09:00,-25.2,44.7,192.18,75.5,177.11,36.03,175.41,95.0,0.0,0.0
2026-09-24 10:00,-21.2,56.4,297.05,80.6,172.7,55.7,180.0,95.0,0.0,0.0
2026-09-24 11:00,-27.3,38.8,271.24,71.9,185.03,50.86,100.29,85.8,0.0,0.0
2026-09-24 12:00,-21.7,51.6,175.68,93.1,177.61,32.94,180.0,93.9,0.0,0.0
2026-09-24 13:00,-27.8,45.2,434.18,91.4,195.08,81.41,180.0,95.0,0.0,0.0
2026-09-24 14:00,-25.9,43.0,223.14,76.6,179.4,41.84,150.87,95.0,0.0,0.0
2026-09-24 15:00,-21.1,48.4,153.16,70.6,162.1,28.72,180.0,95.0,0.0,0.0
2026-09-24 16:00,-22.1,40.2,162.76,68.3,158.01,30.52,115.63,91.8,0.0,0.0
2026-09-24 17:00,-18.0,54.7,86.5,84.6,155.62,16.22,180.0,95.0,0.0,0.0
2026-09-24 18:00,-26.5,42.3,0.0,74.6,185.04,0.0,141.47,83.2,0.0,0.0
2026-09-24 19:00,-21.7,44.1,0.0,74.5,165.91,0.0,166.47,83.3,0.0,0.0
2026-09-24 20:00,-15.5,44.2,0.0,29.3,103.83,0.0,167.94,95.0,0.0,0.0
2026-09-24 21:00,-15.3,42.9,0.0,39.0,111.98,0.0,149.51,95.0,0.0,0.0
2026-09-24 22:00,-13.2,44.1,0.0,27.3,102.04,0.0,166.47,95.0,0.0,0.0
2026-09-24 23:00,-23.3,40.0,0.0,41.4,150.26,0.0,113.35,85.0,0.0,0.0
2026-09-25 00:00,-26.4,40.5,0.0,34.2,147.92,0.0,119.12,77.1,0.0,0.0
2026-09-25 01:00,-20.3,65.4,0.0,37.7,127.0,0.0,180.0,89.3,0.0,0.0
2026-09-25 02:00,-19.1,46.5,0.0,42.4,134.13,0.0,180.0,95.0,0.0,0.0
2026-09-25 03:00,-13.9,46.9,0.0,40.6,114.05,0.0,180.0,95.0,0.0,0.0
2026-09-25 04:00,-20.8,49.4,0.0,25.8,128.85,0.0,180.0,95.0,0.0,0.0
2026-09-25 05:00,-22.3,52.5,0.0,40.0,134.55,0.0,180.0,95.0,0.0,0.0
2026-09-25 06:00,-21.6,51.1,0.0,33.6,136.98,0.0,180.0,95.0,0.0,0.0
2026-09-25 07:00,-22.9,61.3,115.89,43.2,150.49,21.73,180.0,95.0,0.0,0.0
2026-09-25 08:00,-20.6,42.7,191.62,72.5,169.65,35.93,146.8,95.0,0.0,0.0
2026-09-25 09:00,-29.7,60.1,194.07,81.7,197.16,36.39,180.0,95.0,0.0,0.0
2026-09-25 10:00,-26.5,56.8,242.09,74.5,179.29,45.39,180.0,95.0,0.0,0.0
2026-09-25 11:00,-18.8,45.6,310.34,70.4,159.12,58.19,180.0,95.0,0.0,0.0
2026-09-25 12:00,-18.1,44.2,191.02,71.1,150.74,35.82,167.94,95.0,0.0,0.0
2026-09-25 13:00,-25.7,40.8,117.51,85.2,192.45,22.03,122.66,82.0,0.0,0.0
2026-09-25 14:00,-28.8,61.2,142.66,71.8,185.37,26.75,180.0,86.9,0.0,0.0
2026-09-25 15:00,-21.6,48.1,170.53,74.5,164.82,31.97,180.0,95.0,0.0,0.0
2026-09-25 16:00,-18.3,44.6,64.92,83.8,161.28,12.17,173.9,95.0,0.0,0.0
2026-09-25 17:00,-13.9,42.2,80.03,76.3,135.38,15.01,140.16,95.0,0.0,0.0
2026-09-25 18:00,-21.1,47.9,0.0,71.4,163.67,0.0,180.0,95.0,0.0,0.0
2026-09-25 19:00,-15.3,44.8,0.0,75.1,147.09,0.0,176.93,95.0,0.0,0.0
2026-09-25 20:00,-18.0,49.3,0.0,38.8,122.96,0.0,180.0,95.0,0.0,0.0
2026-09-25 21:00,-22.8,43.4,0.0,32.8,140.84,0.0,156.43,95.0,0.0,0.0
2026-09-25 22:00,-16.1,54.8,0.0,36.1,121.28,0.0,180.0,95.0,0.0,0.0
2026-09-25 23:00,-16.5,43.3,0.0,43.1,120.72,0.0,155.02,95.0,0.0,0.0
2026-09-26 00:00,-20.8,51.9,0.0,40.0,127.57,0.0,180.0,95.0,0.0,0.0
2026-09-26 01:00,-22.9,45.2,0.0,35.8,135.94,0.0,180.0,95.0,0.0,0.0
2026-09-26 02:00,-24.9,63.4,0.0,30.2,148.75,0.0,180.0,95.0,0.0,0.0
2026-09-26 03:00,-27.9,44.2,0.0,32.3,155.57,0.0,167.94,95.0,0.0,0.0
2026-09-26 04:00,-31.6,41.6,0.0,34.0,163.72,0.0,132.47,86.5,0.0,0.0
2026-09-26 05:00,-19.1,62.7,0.0,26.7,123.97,0.0,180.0,95.0,0.0,0.0
2026-09-26 06:00,-24.0,47.8,0.0,33.1,138.02,0.0,180.0,95.0,0.0,0.0
2026-09-26 07:00,-25.1,46.4,97.64,31.4,144.52,18.31,180.0,95.0,0.0,0.0
2026-09-26 08:00,-26.1,47.6,89.25,94.1,189.58,16.73,180.0,95.0,0.0,0.0
2026-09-26 09:00,-26.3,54.7,205.71,66.3,173.03,38.57,180.0,95.0,0.0,0.0
2026-09-26 10:00,-28.6,44.8,360.48,94.8,202.21,67.59,176.93,95.0,0.0,0.0
2026-09-26 11:00,-25.8,47.3,193.02,67.7,170.94,36.19,180.0,95.0,0.0,0.0
2026-09-26 12:00,-22.8,40.8,365.76,82.2,169.8,68.58,122.66,95.0,0.0,0.0
2026-09-26 13:00,-18.9,52.9,370.33,73.3,154.89,69.44,180.0,95.0,0.0,0.0
2026-09-26 14:00,-16.0,50.5,274.39,88.2,152.13,51.45,180.0,95.0,0.0,0.0
2026-09-26 15:00,-17.8,46.3,250.94,82.9,153.58,47.05,180.0,95.0,0.0,0.0
2026-09-26 16:00,-20.1,42.7,45.15,78.1,161.46,8.47,146.8,93.3,0.0,0.0
2026-09-26 17:00,-21.4,46.4,40.69,92.6,175.23,7.63,180.0,95.0,0.0,0.0
2026-09-26 18:00,-17.5,43.5,0.0,92.3,156.79,0.0,157.83,95.0,0.0,0.0
2026-09-26 19:00,-8.6,52.1,0.0,81.9,124.35,0.0,180.0,95.0,0.0,0.0
2026-09-26 20:00,-18.3,45.8,0.0,25.2,121.35,0.0,180.0,95.0,0.0,0.0
2026-09-26 21:00,-17.4,40.0,0.0,40.9,121.98,0.0,113.35,92.7,0.0,0.0
2026-09-26 22:00,-22.6,41.2,0.0,34.6,133.7,0.0,127.51,91.0,0.0,0.0
2026-09-26 23:00,-20.2,46.5,0.0,29.4,125.87,0.0,180.0,95.0,0.0,0.0
2026-09-27 00:00,-19.6,43.0,0.0,40.0,129.79,0.0,150.87,95.0,0.0,0.0
2026-09-27 01:00,-20.9,40.5,0.0,35.8,134.41,0.0,119.12,90.8,0.0,0.0
2026-09-27 02:00,-21.7,49.0,0.0,39.1,134.27,0.0,180.0,95.0,0.0,0.0
2026-09-27 03:00,-23.4,40.1,0.0,32.2,140.75,0.0,114.49,87.9,0.0,0.0
2026-09-27 04:00,-21.1,41.7,0.0,25.2,123.19,0.0,133.74,90.3,0.0,0.0
2026-09-27 05:00,-26.8,50.7,0.0,33.8,155.31,0.0,180.0,95.0,0.0,0.0
2026-09-27 06:00,-23.2,43.5,0.0,43.3,143.67,0.0,157.83,95.0,0.0,0.0
2026-09-27 07:00,-29.0,40.7,73.63,36.9,154.25,13.81,121.47,89.8,0.0,0.0
2026-09-27 08:00,-26.5,42.3,149.79,67.9,177.04,28.09,141.47,87.8,0.0,0.0
2026-09-27 09:00,-22.7,48.0,138.82,88.5,177.71,26.03,180.0,94.3,0.0,0.0
2026-09-27 10:00,-25.7,41.9,179.43,82.5,180.57,33.64,136.28,91.4,0.0,0.0
2026-09-27 11:00,-19.2,48.0,205.67,70.8,149.59,38.56,180.0,95.0,0.0,0.0
2026-09-27 12:00,-21.0,42.8,420.48,76.0,159.95,78.84,148.15,95.0,0.0,0.0
2026-09-27 13:00,-23.1,39.8,245.31,85.6,174.75,46.0,111.1,90.2,0.0,0.0
2026-09-27 14:00,-20.5,59.2,314.99,87.4,172.7,59.06,180.0,95.0,0.0,0.0
2026-09-27 15:00,-21.4,80.1,301.93,85.4,165.94,56.61,180.0,95.0,0.0,0.0
2026-09-27 16:00,-23.8,39.5,203.16,72.8,171.88,38.09,107.78,87.9,0.0,0.0
2026-09-27 17:00,-18.2,43.9,108.62,93.1,168.01,20.37,163.56,91.6,0.0,0.0
2026-09-27 18:00,-21.4,79.8,0.0,75.0,162.18,0.0,180.0,95.0,0.0,0.0
2026-09-27 19:00,-19.3,47.1,0.0,92.7,174.25,0.0,180.0,95.0,0.0,0.0
2026-09-27 20:00,-21.2,69.3,0.0,26.6,130.48,0.0,180.0,95.0,0.0,0.0
2026-09-27 21:00,-23.3,42.9,0.0,31.3,139.26,0.0,149.51,95.0,0.0,0.0
2026-09-27 22:00,-14.0,39.3,0.0,27.8,113.43,0.0,105.6,92.9,0.0,0.0
2026-09-27 23:00,-18.3,45.3,0.0,38.7,118.46,0.0,180.0,95.0,0.0,0.0
2026-09-28 00:00,-17.8,44.2,0.0,26.3,115.5,0.0,167.94,95.0,0.0,0.0
2026-09-28 01:00,-24.2,43.2,0.0,31.6,140.77,0.0,153.63,95.0,0.0,0.0
2026-09-28 02:00,-20.9,42.9,0.0,36.8,130.68,0.0,149.51,95.0,0.0,0.0
2026-09-28 03:00,-17.1,39.2,0.0,41.5,128.87,0.0,104.52,88.4,0.0,0.0
2026-09-28 04:00,-22.7,45.8,0.0,25.2,127.97,0.0,180.0,95.0,0.0,0.0
2026-09-28 05:00,-23.6,60.2,0.0,38.5,145.3,0.0,180.0,95.0,0.0,0.0
2026-09-28 06:00,-23.5,44.9,0.0,27.5,133.29,0.0,178.46,95.0,0.0,0.0
2026-09-28 07:00,-22.3,40.7,80.51,30.2,135.93,15.1,121.47,95.0,0.0,0.0
2026-09-28 08:00,-25.7,52.2,219.21,69.9,176.52,41.1,180.0,95.0,0.0,0.0
2026-09-28 09:00,-23.6,40.7,113.75,90.5,186.81,21.33,121.47,83.0,0.0,0.0
2026-09-28 10:00,-23.2,48.4,328.18,86.5,175.07,61.53,180.0,95.0,0.0,0.0
2026-09-28 11:00,-25.6,53.0,338.39,92.0,186.24,63.45,180.0,95.0,0.0,0.0
2026-09-28 12:00,-28.5,41.4,190.51,77.5,183.97,35.72,129.97,90.0,0.0,0.0
2026-09-28 13:00,-25.4,66.4,218.47,93.1,190.6,40.96,180.0,95.0,0.0,0.0
2026-09-28 14:00,-20.8,39.9,369.26,66.5,158.68,69.24,112.22,95.0,0.0,0.0
2026-09-28 15:00,-21.2,77.8,88.92,78.1,157.24,16.67,180.0,95.0,0.0,0.0
2026-09-28 16:00,-24.0,59.3,139.44,80.9,178.72,26.15,180.0,95.0,0.0,0.0
2026-09-28 17:00,-19.6,42.9,49.03,82.4,165.94,9.19,149.51,93.0,0.0,0.0
2026-09-28 18:00,-19.6,46.7,0.0,90.8,171.97,0.0,180.0,94.9,0.0,0.0
2026-09-28 19:00,-13.3,43.4,0.0,68.3,129.71,0.0,156.43,95.0,0.0,0.0
2026-09-28 20:00,-14.7,38.7,0.0,35.8,114.09,0.0,99.25,91.0,0.0,0.0
2026-09-28 21:00,-21.0,51.9,0.0,28.4,129.78,0.0,180.0,95.0,0.0,0.0
2026-09-28 22:00,-18.3,54.2,0.0,33.4,116.47,0.0,180.0,95.0,0.0,0.0
2026-09-28 23:00,-22.1,38.3,0.0,33.2,131.66,0.0,95.15,85.1,0.0,0.0
2026-09-29 00:00,-18.1,68.9,0.0,27.4,115.56,0.0,180.0,95.0,0.0,0.0
2026-09-29 01:00,-23.4,40.5,0.0,32.9,140.78,0.0,119.12,89.1,0.0,0.0
2026-09-29 02:00,-23.1,37.0,0.0,29.0,135.11,0.0,82.63,74.9,0.0,0.0
2026-09-29 03:00,-18.3,39.8,0.0,32.5,121.71,0.0,111.1,72.0,0.0,0.0
2026-09-29 04:00,-24.7,37.8,0.0,34.8,141.24,0.0,90.2,58.1,0.0,0.0
2026-09-29 05:00,-24.2,36.8,0.0,40.4,143.08,0.0,80.81,41.2,0.0,0.0
2026-09-29 06:00,-25.1,55.6,0.0,33.2,151.77,0.0,180.0,47.7,0.0,0.0
2026-09-29 07:00,-23.7,38.1,71.19,31.3,146.01,13.35,93.15,36.9,0.0,0.0
2026-09-29 08:00,-17.6,37.3,61.61,83.9,153.35,11.55,85.42,21.6,0.0,0.0
2026-09-29 09:00,-28.4,54.1,290.93,85.8,191.55,54.55,180.0,31.5,0.0,0.0
2026-09-29 10:00,-18.2,42.9,110.8,83.6,156.33,20.78,149.51,34.7,0.0,0.0
2026-09-29 11:00,-25.9,45.9,284.15,94.7,197.03,53.28,180.0,43.1,0.0,0.0
2026-09-29 12:00,-25.6,38.5,230.39,93.0,193.73,43.2,97.19,28.6,0.0,0.0
2026-09-29 13:00,-23.0,39.9,95.95,83.9,169.5,17.99,112.22,20.0,5.05,5.29
2026-09-29 14:00,-22.7,41.6,138.03,81.9,170.55,25.88,132.47,20.0,12.2,7.11
2026-09-29 15:00,-26.9,47.2,216.75,67.6,177.0,40.64,180.0,30.0,0.0,0.0
2026-09-29 16:00,-23.9,40.9,80.7,74.8,175.44,15.13,123.86,20.1,0.0,0.0
2026-09-29 17:00,-15.7,52.9,70.53,84.1,146.46,13.22,180.0,30.9,0.0,0.0
2026-09-29 18:00,-20.3,48.4,0.0,66.5,165.07,0.0,180.0,34.3,0.0,0.0
2026-09-29 19:00,-15.7,35.2,0.0,91.1,158.67,0.0,67.18,20.0,34.21,12.72
2026-09-29 20:00,-21.6,44.2,0.0,37.6,142.8,0.0,167.94,25.8,0.0,0.0
2026-09-29 21:00,-25.9,41.5,0.0,39.8,152.2,0.0,131.22,20.1,0.0,0.0
2026-09-29 22:00,-11.5,37.6,0.0,44.1,110.15,0.0,88.27,20.0,21.56,9.5
2026-09-29 23:00,-27.9,36.4,0.0,25.6,150.41,0.0,77.25,20.0,73.16,22.66
2026-09-30 00:00,-24.4,42.0,0.0,44.0,151.24,0.0,137.57,20.0,13.67,7.49
2026-09-30 01:00,-20.9,36.4,0.0,28.1,127.57,0.0,77.25,20.0,50.32,16.83
2026-09-30 02:00,-18.4,36.5,0.0,34.6,125.24,0.0,78.13,20.0,47.11,16.01
2026-09-30 03:00,-28.9,36.3,0.0,44.7,156.46,0.0,76.37,20.0,80.09,24.42
2026-09-30 04:00,-28.5,39.9,0.0,30.1,153.47,0.0,112.22,20.0,41.25,14.52
2026-09-30 05:00,-30.6,52.3,0.0,25.8,161.15,0.0,180.0,24.3,0.0,0.0
2026-09-30 06:00,-22.5,37.2,0.0,38.4,141.83,0.0,84.48,20.0,40.01,14.2
2026-09-30 07:00,-26.0,37.7,70.56,28.8,145.5,13.23,89.23,20.0,43.04,14.98
2026-09-30 08:00,-22.7,43.2,171.47,84.2,182.5,32.15,153.63,20.8,0.0,0.0
2026-09-30 09:00,-25.9,34.8,261.29,77.9,174.25,48.99,64.04,20.0,58.2,18.84
2026-09-30 10:00,-20.3,36.3,296.71,84.9,171.7,55.63,76.37,20.0,39.7,14.12
2026-09-30 11:00,-24.3,40.7,214.71,87.5,184.22,40.26,121.47,20.0,22.49,9.73
2026-09-30 12:00,-30.2,37.6,416.31,74.7,188.12,78.06,88.27,20.0,21.79,9.56
2026-09-30 13:00,-19.4,33.9,314.32,79.8,161.49,58.93,57.31,20.0,45.25,15.54
2026-09-30 14:00,-21.9,33.1,347.69,68.2,163.99,65.19,51.75,20.0,47.05,16.0
2026-09-30 15:00,-18.8,47.6,212.99,68.2,153.54,39.94,180.0,35.3,0.0,0.0
2026-09-30 16:00,-18.9,45.7,80.67,94.7,173.66,15.13,180.0,40.2,0.0,0.0
2026-09-30 17:00,-27.1,39.2,103.84,84.2,189.72,19.47,104.52,22.3,0.0,0.0
2026-09-30 18:00,-20.7,44.5,0.0,66.0,155.4,0.0,172.4,26.3,0.0,0.0
2026-09-30 19:00,-23.9,50.3,0.0,90.0,183.24,0.0,180.0,25.4,0.0,0.0
2026-09-30 20:00,-18.2,33.7,0.0,31.1,122.91,0.0,55.89,20.0,45.51,15.61
2026-09-30 21:00,-14.7,34.0,0.0,27.6,108.48,0.0,58.04,20.0,50.44,16.86
2026-09-30 22:00,-18.1,38.7,0.0,39.8,123.36,0.0,99.25,20.0,24.11,10.15
2026-09-30 23:00,-16.1,32.1,0.0,26.7,105.91,0.0,45.32,20.0,60.59,19.45
2026-10-01 00:00,-17.6,38.1,0.0,37.1,123.89,0.0,93.15,20.0,30.74,11.84
2026-10-01 01:00,-20.1,35.0,0.0,39.7,133.65,0.0,65.6,20.0,68.05,21.35
2026-10-01 02:00,-25.4,45.1,0.0,30.1,140.31,0.0,180.0,29.1,0.0,0.0
2026-10-01 03:00,-22.0,34.9,0.0,32.3,133.51,0.0,64.81,20.0,32.19,12.21
2026-10-01 04:00,-27.0,35.4,0.0,39.0,151.63,0.0,68.8,20.0,82.83,25.12
2026-10-01 05:00,-29.0,33.1,0.0,38.1,155.5,0.0,51.75,20.0,103.75,30.46
2026-10-01 06:00,-23.8,32.7,0.0,30.3,147.82,0.0,49.11,20.0,98.71,29.17
2026-10-01 07:00,-23.9,39.5,39.19,28.3,134.45,7.35,107.78,20.0,19.32,8.93
2026-10-01 08:00,-18.4,30.8,155.77,88.3,163.82,29.21,37.78,20.0,96.83,28.69
2026-10-01 09:00,-28.0,35.8,312.98,67.1,177.55,58.68,72.1,20.0,46.77,15.93
2026-10-01 10:00,-34.7,31.9,240.72,75.8,203.36,45.14,44.1,20.0,114.12,33.1
2026-10-01 11:00,-26.6,37.7,150.18,73.4,181.73,28.16,89.23,20.0,64.34,20.41
2026-10-01 12:00,-31.4,38.9,326.51,77.5,202.55,61.22,101.34,20.0,39.99,14.2
2026-10-01 13:00,-21.6,46.5,372.55,89.9,182.43,69.85,180.0,35.5,0.0,0.0
2026-10-01 14:00,-21.6,33.1,243.75,81.2,166.11,45.7,51.75,20.0,6.63,5.69
2026-10-01 15:00,-16.6,38.6,228.37,68.3,147.91,42.82,98.21,20.0,6.88,5.75
2026-10-01 16:00,-25.1,40.9,79.51,68.7,177.84,14.91,123.86,20.0,39.07,13.96
2026-10-01 17:00,-20.1,31.7,41.14,77.3,173.01,7.71,42.9,20.0,122.4,35.21
2026-10-01 18:00,-16.1,31.5,0.0,66.0,140.92,0.0,41.72,20.0,99.2,29.3
2026-10-01 19:00,-23.4,29.8,0.0,84.4,175.72,0.0,32.59,20.0,143.13,40.5
2026-10-01 20:00,-16.3,30.6,0.0,27.4,111.11,0.0,36.7,20.0,74.41,22.97
2026-10-01 21:00,-24.7,37.5,0.0,31.7,137.67,0.0,87.31,20.0,50.36,16.84
2026-10-01 22:00,-16.4,31.5,0.0,35.7,115.47,0.0,41.72,20.0,73.75,22.81
2026-10-01 23:00,-18.4,30.0,0.0,29.3,124.87,0.0,33.59,20.0,91.28,27.28
2026-10-02 00:00,-15.9,30.7,0.0,38.9,127.9,0.0,37.24,20.0,90.66,27.12
2026-10-02 01:00,-21.7,35.2,0.0,36.7,133.81,0.0,67.18,20.0,66.63,20.99
2026-10-02 02:00,-15.3,29.3,0.0,31.7,115.39,0.0,30.18,20.0,85.21,25.73
2026-10-02 03:00,-24.3,34.1,0.0,40.7,149.31,0.0,58.77,20.0,90.54,27.09
2026-10-02 04:00,-27.6,41.4,0.0,39.8,161.3,0.0,129.97,20.0,31.33,11.99
2026-10-02 05:00,-22.7,39.3,0.0,41.6,143.39,0.0,105.6,20.0,37.79,13.64
2026-10-02 06:00,-20.4,37.3,0.0,38.5,128.43,0.0,85.42,20.0,43.01,14.97
2026-10-02 07:00,-25.8,46.3,111.5,28.2,142.25,20.91,180.0,33.5,0.0,0.0
2026-10-02 08:00,-25.8,41.2,170.52,75.0,180.81,31.97,127.51,27.7,0.0,0.0
2026-10-02 09:00,-23.7,35.9,265.82,79.7,172.37,49.84,72.94,20.0,18.81,8.8
2026-10-02 10:00,-23.5,52.7,292.16,78.5,174.36,54.78,180.0,33.9,0.0,0.0
2026-10-02 11:00,-24.3,29.4,270.64,76.6,172.21,50.74,30.65,20.0,35.23,12.98
2026-10-02 12:00,-20.8,30.8,420.38,90.6,172.63,78.82,37.78,20.0,56.03,18.29
2026-10-02 13:00,-24.4,30.7,268.36,72.8,164.19,50.32,37.24,20.0,76.63,23.54
2026-10-02 14:00,-23.9,33.9,168.24,76.6,168.76,31.54,57.31,20.0,79.91,24.38
2026-10-02 15:00,-25.7,29.9,244.97,86.8,185.79,45.93,33.08,20.0,106.78,31.23
2026-10-02 16:00,-22.3,39.5,84.13,83.7,168.52,15.77,107.78,20.0,44.97,15.47
2026-10-02 17:00,-20.6,31.6,112.52,80.5,163.3,21.1,42.31,20.0,99.89,29.47
2026-10-02 18:00,-20.7,26.3,0.0,91.3,172.41,0.0,18.18,20.0,154.23,43.33
2026-10-02 19:00,-22.7,29.0,0.0,80.1,167.43,0.0,28.8,20.0,138.63,39.35
2026-10-02 20:00,-17.3,26.0,0.0,41.0,125.14,0.0,17.2,20.0,107.94,31.52
2026-10-02 21:00,-14.4,46.3,0.0,39.3,111.11,0.0,180.0,35.8,0.0,0.0
2026-10-02 22:00,-22.7,36.2,0.0,40.7,146.7,0.0,75.5,20.0,7.82,5.99
2026-10-02 23:00,-14.7,38.3,0.0,31.7,110.72,0.0,95.15,20.0,15.57,7.97
2026-10-03 00:00,-22.7,34.7,0.0,28.7,135.86,0.0,63.26,20.0,72.6,22.51
2026-10-03 01:00,-18.4,24.7,0.0,41.5,129.62,0.0,13.34,20.0,116.28,33.65
2026-10-03 02:00,-21.7,41.0,0.0,40.4,139.09,0.0,125.07,20.0,14.02,7.58
2026-10-03 03:00,-24.6,26.4,0.0,39.8,143.96,0.0,18.52,20.0,125.44,35.99
2026-10-03 04:00,-22.7,33.8,0.0,42.5,142.98,0.0,56.6,20.0,86.38,26.03
2026-10-03 05:00,-29.2,23.9,0.0,30.7,152.56,0.0,11.27,20.0,141.29,40.03
2026-10-03 06:00,-23.7,27.6,0.0,25.9,130.82,0.0,22.89,20.0,107.93,31.52
2026-10-03 07:00,-21.8,28.9,88.89,44.4,144.13,16.67,28.34,20.0,99.12,29.28
2026-10-03 08:00,-31.5,23.4,209.53,86.3,212.03,39.29,10.1,20.0,162.64,45.47
2026-10-03 09:00,-23.9,62.8,207.45,90.6,186.03,38.9,180.0,27.6,0.0,0.0
2026-10-03 10:00,-27.3,35.9,375.24,88.6,191.06,70.36,72.94,20.0,17.52,8.47
2026-10-03 11:00,-22.2,23.9,160.46,80.1,175.99,30.09,11.27,20.0,134.63,38.33
2026-10-03 12:00,-18.1,23.0,425.21,86.8,162.15,79.73,9.22,20.0,73.2,22.67
2026-10-03 13:00,-30.1,31.0,416.18,92.5,204.67,78.03,38.88,20.0,87.76,26.38
2026-10-03 14:00,-25.9,28.0,133.05,81.2,181.53,24.95,24.48,20.0,132.1,37.69
2026-10-03 15:00,-16.1,39.7,303.99,74.6,138.66,57.0,109.99,26.5,0.0,0.0
2026-10-03 16:00,-23.4,23.7,166.35,80.1,178.6,31.19,10.8,20.0,110.55,32.19
2026-10-03 17:00,-16.2,23.8,56.54,93.2,160.77,10.6,11.03,20.0,139.14,39.48
2026-10-03 18:00,-21.4,27.2,0.0,82.8,174.48,0.0,21.36,20.0,153.12,43.05
2026-10-03 19:00,-24.0,35.4,0.0,81.5,178.41,0.0,68.8,20.0,109.61,31.95
2026-10-03 20:00,-20.8,45.0,0.0,30.9,138.51,0.0,180.0,29.5,0.0,0.0
2026-10-03 21:00,-23.6,28.2,0.0,37.3,146.73,0.0,25.31,20.0,83.25,25.23
2026-10-03 22:00,-24.2,29.3,0.0,33.1,133.43,0.0,30.18,20.0,103.25,30.33
2026-10-03 23:00,-20.6,24.6,0.0,33.9,132.75,0.0,13.07,20.0,119.68,34.52
2026-10-04 00:00,-22.3,25.4,0.0,37.5,136.56,0.0,15.33,20.0,121.23,34.91
2026-10-04 01:00,-16.5,22.4,0.0,41.3,118.03,0.0,8.0,20.0,110.03,32.06
2026-10-04 02:00,-22.4,28.0,0.0,36.2,129.63,0.0,24.48,20.0,105.15,30.81
2026-10-04 03:00,-20.0,37.1,0.0,36.8,130.03,0.0,83.56,20.0,46.47,15.85
2026-10-04 04:00,-23.8,22.8,0.0,34.8,140.39,0.0,8.8,20.0,131.59,37.56
2026-10-04 05:00,-27.5,25.0,0.0,28.3,147.78,0.0,14.17,20.0,133.61,38.07
2026-10-04 06:00,-24.4,29.6,0.0,29.6,134.2,0.0,31.61,20.0,102.59,30.16
2026-10-04 07:00,-26.7,27.1,30.38,40.1,154.88,5.7,20.99,20.0,128.19,36.69
2026-10-04 08:00,-21.8,25.0,104.28,94.9,179.85,19.55,14.17,20.0,146.13,41.26
2026-10-04 09:00,-21.1,36.2,103.61,67.8,162.61,19.43,75.5,20.0,67.68,21.26
2026-10-04 10:00,-21.2,22.4,165.3,68.8,157.84,30.99,8.0,20.0,118.85,34.31
2026-10-04 11:00,-19.9,23.4,190.05,92.4,173.23,35.63,10.1,20.0,127.5,36.51
2026-10-04 12:00,-19.4,21.9,177.92,65.8,154.0,33.36,7.07,20.0,113.57,32.96
2026-10-04 13:00,-25.9,19.8,213.94,89.1,191.92,40.11,3.95,20.0,147.86,41.7
2026-10-04 14:00,-18.3,23.3,252.27,69.3,152.31,47.3,9.88,20.0,95.13,28.26
2026-10-04 15:00,-16.9,23.5,266.02,71.5,145.98,49.88,10.33,20.0,85.77,25.87
2026-10-04 16:00,-19.1,22.9,75.78,79.8,166.24,14.21,9.01,20.0,143.02,40.47
2026-10-04 17:00,-22.4,21.4,74.51,76.7,162.82,13.97,6.22,20.0,142.63,40.37
2026-10-04 18:00,-21.2,22.4,0.0,73.6,157.38,0.0,8.0,20.0,149.38,42.09
2026-10-04 19:00,-18.9,19.9,0.0,90.2,164.66,0.0,4.07,20.0,160.59,44.95
2026-10-04 20:00,-15.3,20.6,0.0,27.8,107.35,0.0,5.0,20.0,102.35,30.1
2026-10-04 21:00,-23.3,21.9,0.0,33.2,131.83,0.0,7.07,20.0,124.76,35.81
2026-10-04 22:00,-30.1,18.5,0.0,27.7,153.75,0.0,2.58,20.0,151.17,42.55
2026-10-04 23:00,-18.6,19.4,0.0,25.4,116.27,0.0,3.49,20.0,112.78,32.76
2026-10-05 00:00,-25.8,26.1,0.0,36.7,148.79,0.0,17.52,20.0,131.27,37.47
2026-10-05 01:00,-17.3,20.0,0.0,38.1,124.08,0.0,4.2,20.0,119.88,34.57
2026-10-05 02:00,-18.6,31.4,0.0,31.4,116.91,0.0,41.14,20.0,75.77,23.32
2026-10-05 03:00,-26.6,34.1,0.0,35.2,155.84,0.0,58.77,20.0,97.07,28.75
2026-10-05 04:00,-33.9,32.3,0.0,30.9,169.53,0.0,46.56,20.0,122.97,35.36
2026-10-05 05:00,-23.7,20.7,0.0,28.7,136.46,0.0,5.14,20.0,131.32,37.49
2026-10-05 06:00,-24.7,17.7,0.0,37.0,142.69,0.0,1.92,20.0,140.77,39.9
2026-10-05 07:00,-19.3,22.2,25.83,28.5,126.52,4.84,7.62,20.0,114.06,33.09
2026-10-05 08:00,-25.8,24.9,63.25,65.0,162.57,11.86,13.89,20.0,136.82,38.89
2026-10-05 09:00,-26.0,19.9,244.65,90.3,196.94,45.87,4.07,20.0,147.0,41.48
2026-10-05 10:00,-24.2,35.4,322.55,67.6,167.21,60.48,68.8,20.0,37.93,13.67
2026-10-05 11:00,-32.3,24.2,230.01,70.1,189.24,43.13,12.02,20.0,134.09,38.19
2026-10-05 12:00,-20.1,16.2,401.92,83.9,166.7,75.36,1.0,20.0,90.34,27.04
2026-10-05 13:00,-16.7,18.1,230.36,71.1,145.91,43.19,2.23,20.0,100.49,29.62
2026-10-05 14:00,-27.5,21.3,297.12,78.8,186.61,55.71,6.06,20.0,124.84,35.83
2026-10-05 15:00,-16.3,33.4,239.65,78.2,152.31,44.93,53.79,20.0,53.59,17.67
2026-10-05 16:00,-21.8,16.3,106.65,89.1,172.71,20.0,1.05,20.0,151.66,42.67
2026-10-05 17:00,-25.7,16.6,98.49,90.5,186.97,18.47,1.21,20.0,167.29,46.66
2026-10-05 18:00,-17.2,17.9,0.0,71.8,142.21,0.0,2.07,20.0,140.14,39.74
2026-10-05 19:00,-23.5,15.5,0.0,68.1,166.27,0.0,0.7,20.0,165.57,46.22
2026-10-05 20:00,-23.2,32.7,0.0,30.8,138.78,0.0,49.11,20.0,89.67,26.87
2026-10-05 21:00,-22.1,15.8,0.0,30.9,129.65,0.0,0.82,20.0,128.83,36.85
2026-10-05 22:00,-17.2,15.9,0.0,34.1,121.11,0.0,0.86,20.0,120.25,34.66
2026-10-05 23:00,-23.6,19.0,0.0,33.1,135.0,0.0,3.06,20.0,131.94,37.64
2026-10-06 00:00,-21.2,22.7,0.0,36.4,133.6,0.0,8.6,20.0,125.0,35.88
2026-10-06 01:00,-22.9,18.4,0.0,33.4,140.89,0.0,2.49,20.0,138.4,39.29
2026-10-06 02:00,-29.3,17.0,0.0,43.1,169.4,0.0,1.44,20.0,167.96,46.83
2026-10-06 03:00,-26.2,19.1,0.0,29.7,150.39,0.0,3.16,20.0,147.23,41.54
2026-10-06 04:00,-23.2,19.8,0.0,41.2,148.15,0.0,3.95,20.0,144.2,40.77
2026-10-06 05:00,-24.9,25.2,0.0,25.6,146.42,0.0,14.74,20.0,131.68,37.58
2026-10-06 06:00,-20.0,23.2,0.0,42.6,135.75,0.0,9.66,20.0,126.09,36.15
2026-10-06 07:00,-28.1,22.0,105.97,42.5,159.74,19.87,7.25,20.0,132.62,37.82
2026-10-06 08:00,-28.0,14.2,58.49,85.4,193.25,10.97,0.31,20.0,181.97,50.4
2026-10-06 09:00,-20.8,14.5,237.21,68.2,157.88,44.48,0.38,20.0,113.02,32.82
2026-10-06 10:00,-30.4,24.5,347.48,91.8,205.23,65.15,12.8,20.0,127.28,36.46
2026-10-06 11:00,-26.1,16.4,326.73,90.9,194.31,61.26,1.1,20.0,131.95,37.65
2026-10-06 12:00,-22.7,22.8,311.35,71.6,159.03,58.38,8.8,20.0,91.85,27.42
2026-10-06 13:00,-22.8,22.4,314.67,69.5,163.64,59.0,8.0,20.0,96.64,28.64
2026-10-06 14:00,-20.8,18.9,147.22,71.3,162.13,27.6,2.96,20.0,131.57,37.55
2026-10-06 15:00,-25.4,18.5,150.55,77.3,179.25,28.23,2.58,20.0,148.44,41.85
2026-10-06 16:00,-15.9,21.7,130.8,68.5,139.83,24.52,6.72,20.0,108.59,31.69
2026-10-06 17:00,-17.2,20.0,50.94,92.7,156.93,9.55,4.2,20.0,143.18,40.51
2026-10-06 18:00,-21.9,14.9,0.0,82.2,175.0,0.0,0.49,20.0,174.51,48.5
2026-10-06 19:00,-15.9,38.8,0.0,82.1,150.07,0.0,100.29,20.0,49.78,16.69
2026-10-06 20:00,-21.5,30.4,0.0,32.0,138.12,0.0,35.64,20.0,102.48,30.13
2026-10-06 21:00,-23.5,15.4,0.0,43.3,148.6,0.0,0.66,20.0,147.94,41.72
2026-10-06 22:00,-20.1,13.4,0.0,42.9,130.29,0.0,0.17,20.0,130.12,37.18
2026-10-06 23:00,-25.7,25.6,0.0,36.8,153.37,0.0,15.94,20.0,137.43,39.04
2026-10-07 00:00,-20.1,21.9,0.0,39.8,133.29,0.0,7.07,20.0,126.22,36.19
2026-10-07 01:00,-25.7,13.7,0.0,31.6,141.0,0.0,0.21,20.0,140.79,39.9
2026-10-07 02:00,-20.0,23.3,0.0,37.9,132.99,0.0,9.88,20.0,123.11,35.39
2026-10-07 03:00,-23.3,15.5,0.0,30.7,143.41,0.0,0.7,20.0,142.71,40.39
2026-10-07 04:00,-22.9,31.7,0.0,25.3,133.33,0.0,42.9,20.0,90.43,27.06
2026-10-07 05:00,-22.5,33.8,0.0,36.8,142.58,0.0,56.6,20.0,85.98,25.92
2026-10-07 06:00,-23.2,31.0,0.0,26.4,127.24,0.0,38.88,20.0,88.36,26.53
2026-10-07 07:00,-25.8,12.9,79.61,32.3,146.93,14.93,0.1,20.0,131.9,37.63
2026-10-07 08:00,-26.5,13.0,94.3,83.3,184.02,17.68,0.11,20.0,166.23,46.39
2026-10-07 09:00,-23.4,36.2,238.81,91.4,189.88,44.78,75.5,20.0,69.6,21.75
2026-10-07 10:00,-20.9,23.2,376.5,75.2,161.18,70.59,9.66,20.0,80.93,24.64
2026-10-07 11:00,-26.6,14.4,124.0,80.0,185.75,23.25,0.36,20.0,162.14,45.35
2026-10-07 12:00,-22.7,20.5,334.76,74.3,170.25,62.77,4.86,20.0,102.62,30.17
2026-10-07 13:00,-18.7,15.5,325.93,79.0,157.31,61.11,0.7,20.0,95.5,28.35
2026-10-07 14:00,-23.0,21.2,212.81,91.9,173.4,39.9,5.9,20.0,127.6,36.54
2026-10-07 15:00,-22.3,17.8,189.32,77.5,165.16,35.5,1.99,20.0,127.67,36.56
2026-10-07 16:00,-20.7,50.7,78.58,92.6,174.46,14.73,180.0,24.7,0.0,0.0
2026-10-07 17:00,-21.9,19.1,86.96,66.8,161.9,16.3,3.16,20.0,123.79,35.57
2026-10-07 18:00,-14.7,34.3,0.0,71.5,140.36,0.0,60.24,20.0,80.12,24.43
2026-10-07 19:00,-17.5,12.0,0.0,70.3,146.26,0.0,0.03,20.0,146.23,41.29
2026-10-07 20:00,-20.7,17.6,0.0,41.7,135.19,0.0,1.84,20.0,133.35,38.0
2026-10-07 21:00,-18.2,18.0,0.0,37.9,127.39,0.0,2.15,20.0,125.24,35.94
2026-10-07 22:00,-24.6,12.3,0.0,32.8,139.26,0.0,0.05,20.0,139.21,39.5
2026-10-07 23:00,-17.9,30.5,0.0,27.9,123.34,0.0,36.17,20.0,87.17,26.23
2026-10-08 00:00,-20.6,16.2,0.0,32.2,135.01,0.0,1.0,20.0,134.01,38.17
2026-10-08 01:00,-22.4,11.5,0.0,35.1,136.84,0.0,0.01,20.0,136.83,38.89
2026-10-08 02:00,-24.5,11.6,0.0,29.7,143.26,0.0,0.02,20.0,143.24,40.53
2026-10-08 03:00,-26.8,23.6,0.0,41.9,151.76,0.0,10.56,20.0,141.2,40.01
2026-10-08 04:00,-22.1,23.8,0.0,44.3,139.37,0.0,11.03,20.0,128.34,36.73
2026-10-08 05:00,-18.3,24.8,0.0,26.2,114.9,0.0,13.61,20.0,101.29,29.83
2026-10-08 06:00,-25.6,16.0,0.0,28.2,141.26,0.0,0.91,20.0,140.35,39.79
2026-10-08 07:00,-22.0,14.4,91.96,25.3,130.32,17.24,0.36,20.0,112.72,32.74
2026-10-08 08:00,-17.8,14.4,91.75,81.1,155.52,17.2,0.36,20.0,137.96,39.18
2026-10-08 09:00,-23.0,15.1,197.1,89.2,175.14,36.96,0.56,20.0,137.62,39.09
2026-10-08 10:00,-24.3,20.1,293.25,67.6,163.45,54.98,4.33,20.0,104.14,30.56
2026-10-08 11:00,-23.7,33.0,362.51,82.1,170.29,67.97,51.08,20.0,51.24,17.07
2026-10-08 12:00,-24.0,14.0,242.66,92.7,196.16,45.5,0.27,20.0,150.39,42.35
2026-10-08 13:00,-14.3,16.3,202.55,79.3,149.42,37.98,1.05,20.0,110.39,32.15
2026-10-08 14:00,-22.4,16.3,183.03,84.7,177.71,34.32,1.05,20.0,142.34,40.3
2026-10-08 15:00,-21.1,18.8,80.86,88.2,178.73,15.16,2.86,20.0,160.71,44.98
2026-10-08 16:00,-16.5,12.7,202.34,84.8,153.71,37.94,0.08,20.0,115.69,33.5
2026-10-08 17:00,-25.3,20.9,32.86,66.4,173.9,6.16,5.44,20.0,162.3,45.39
2026-10-08 18:00,-25.9,11.3,0.0,94.8,187.55,0.0,0.01,20.0,187.54,51.82
2026-10-08 19:00,-22.8,27.0,0.0,76.6,172.29,0.0,20.63,20.0,151.66,42.67
2026-10-08 20:00,-9.8,11.2,0.0,29.7,100.23,0.0,0.01,20.0,100.22,29.56
2026-10-08 21:00,-19.6,16.2,0.0,38.8,128.61,0.0,1.0,20.0,127.61,36.54
2026-10-08 22:00,-19.8,29.5,0.0,27.5,116.03,0.0,31.13,20.0,84.9,25.65
2026-10-08 23:00,-24.1,17.9,0.0,44.9,155.78,0.0,2.07,20.0,153.71,43.2
2026-10-09 00:00,-20.5,28.9,0.0,26.8,115.84,0.0,28.34,20.0,87.5,26.31
2026-10-09 01:00,-26.5,51.3,0.0,39.7,150.05,0.0,180.0,26.9,0.0,0.0
2026-10-09 02:00,-22.1,26.6,0.0,30.3,137.61,0.0,19.2,20.0,90.86,27.17
2026-10-09 03:00,-21.8,12.8,0.0,27.9,123.21,0.0,0.09,20.0,123.12,35.4
2026-10-09 04:00,-22.3,27.8,0.0,43.7,146.24,0.0,23.68,20.0,122.56,35.25
2026-10-09 05:00,-20.1,16.7,0.0,27.5,124.15,0.0,1.26,20.0,122.89,35.34
2026-10-09 06:00,-21.7,18.6,0.0,42.5,139.96,0.0,2.67,20.0,137.29,39.01
2026-10-09 07:00,-20.5,11.7,93.88,33.2,125.62,17.6,0.02,20.0,108.0,31.54
2026-10-09 08:00,-20.5,12.4,190.1,87.5,171.82,35.64,0.06,20.0,136.12,38.71
2026-10-09 09:00,-32.2,16.5,115.14,69.1,199.96,21.59,1.15,20.0,177.22,49.19
2026-10-09 10:00,-21.8,16.4,190.56,80.3,176.68,35.73,1.1,20.0,139.85,39.66
2026-10-09 11:00,-24.4,13.5,415.15,81.6,180.58,77.84,0.18,20.0,102.56,30.15
2026-10-09 12:00,-26.8,12.0,124.42,84.2,184.9,23.33,0.03,20.0,161.54,45.19
2026-10-09 13:00,-24.7,10.9,220.58,73.3,172.44,41.36,0.0,20.0,131.08,37.43
2026-10-09 14:00,-20.0,17.1,146.52,88.1,172.28,27.47,1.5,20.0,143.31,40.54
2026-10-09 15:00,-25.2,11.4,304.71,82.5,182.81,57.13,0.01,20.0,125.67,36.05
2026-10-09 16:00,-20.0,19.1,105.02,65.2,155.01,19.69,3.16,20.0,132.16,37.7
2026-10-09 17:00,-14.2,13.9,69.77,94.3,152.85,13.08,0.25,20.0,139.52,39.58
2026-10-09 18:00,-17.7,52.8,0.0,70.9,149.75,0.0,180.0,27.0,0.0,0.0
2026-10-09 19:00,-20.1,10.9,0.0,83.7,161.17,0.0,0.0,20.0,133.34,38.0
2026-10-09 20:00,-14.4,17.8,0.0,30.9,112.51,0.0,1.99,20.0,110.52,32.18
2026-10-09 21:00,-21.6,44.9,0.0,30.7,142.92,0.0,178.46,28.2,0.0,0.0
2026-10-09 22:00,-22.5,13.6,0.0,41.0,143.24,0.0,0.2,20.0,110.34,32.14
2026-10-09 23:00,-12.1,19.0,0.0,39.6,106.94,0.0,3.06,20.0,103.88,30.49
2026-10-10 00:00,-15.3,20.7,0.0,31.0,107.99,0.0,5.14,20.0,102.85,30.23
2026-10-10 01:00,-22.8,19.2,0.0,39.4,144.38,0.0,3.27,20.0,141.11,39.98
2026-10-10 02:00,-20.6,18.8,0.0,29.4,130.12,0.0,2.86,20.0,127.26,36.45
2026-10-10 03:00,-16.9,17.9,0.0,26.7,111.25,0.0,2.07,20.0,109.18,31.84
2026-10-10 04:00,-17.3,21.1,0.0,34.8,119.68,0.0,5.74,20.0,113.94,33.05
2026-10-10 05:00,-27.3,22.4,0.0,28.6,144.37,0.0,8.0,20.0,136.37,38.77
2026-10-10 06:00,-23.5,67.8,0.0,44.1,147.55,0.0,180.0,27.5,0.0,0.0
2026-10-10 07:00,-21.5,26.2,90.22,44.0,143.99,16.92,17.85,20.0,79.37,24.24
2026-10-10 08:00,-28.4,19.0,125.23,88.3,186.71,23.48,3.06,20.0,160.17,44.84
2026-10-10 09:00,-31.9,43.1,285.24,72.0,192.35,53.48,152.25,23.1,0.0,0.0
2026-10-10 10:00,-27.1,14.5,147.16,73.8,183.34,27.59,0.38,20.0,143.06,40.48
2026-10-10 11:00,-30.3,15.4,145.6,70.9,193.82,27.3,0.66,20.0,165.86,46.29
2026-10-10 12:00,-27.1,12.8,366.43,78.0,179.04,68.71,0.09,20.0,110.24,32.11
2026-10-10 13:00,-20.9,29.3,248.13,83.3,168.48,46.52,30.18,20.0,91.78,27.4
2026-10-10 14:00,-24.7,20.5,90.07,76.7,176.41,16.89,4.86,20.0,154.66,43.44
2026-10-10 15:00,-21.8,15.5,276.88,82.7,173.33,51.92,0.7,20.0,120.71,34.78
2026-10-10 16:00,-21.2,12.1,80.48,87.9,175.77,15.09,0.04,20.0,160.64,44.96
2026-10-10 17:00,-19.5,19.6,43.71,82.1,158.5,8.2,3.71,20.0,146.59,41.38
2026-10-10 18:00,-20.1,14.3,0.0,94.2,169.89,0.0,0.33,20.0,169.56,47.24
2026-10-10 19:00,-18.5,43.6,0.0,89.7,164.91,0.0,159.25,20.0,5.66,5.44
2026-10-10 20:00,-26.7,24.0,0.0,26.1,149.06,0.0,11.52,20.0,137.54,39.07
2026-10-10 21:00,-23.9,20.3,0.0,41.4,146.37,0.0,4.59,20.0,141.78,40.15
2026-10-10 22:00,-16.3,12.1,0.0,30.2,113.17,0.0,0.04,20.0,113.13,32.85
2026-10-10 23:00,-18.2,30.1,0.0,34.3,122.42,0.0,34.09,20.0,88.33,26.52
2026-10-11 00:00,-22.3,12.9,0.0,26.7,125.82,0.0,0.1,20.0,125.72,36.06
2026-10-11 01:00,-27.2,23.2,0.0,40.5,159.02,0.0,9.66,20.0,149.36,42.09
2026-10-11 02:00,-26.1,18.7,0.0,33.1,150.48,0.0,2.76,20.0,147.72,41.67
2026-10-11 03:00,-28.4,21.9,0.0,37.3,146.12,0.0,7.07,20.0,139.05,39.46
2026-10-11 04:00,-23.9,15.8,0.0,30.5,136.75,0.0,0.82,20.0,135.93,38.66
2026-10-11 05:00,-21.6,23.2,0.0,27.5,125.05,0.0,9.66,20.0,115.39,33.42
2026-10-11 06:00,-23.4,18.6,0.0,26.0,136.55,0.0,2.67,20.0,133.88,38.14
2026-10-11 07:00,-18.1,24.7,93.02,35.5,122.84,17.44,13.34,20.0,92.06,27.48
2026-10-11 08:00,-25.0,27.7,92.46,68.7,169.87,17.34,23.28,20.0,129.25,36.96
2026-10-11 09:00,-21.4,16.8,161.57,94.9,177.11,30.29,1.32,20.0,145.5,41.1
2026-10-11 10:00,-26.2,16.6,307.73,86.5,186.12,57.7,1.21,20.0,127.21,36.44
2026-10-11 11:00,-22.7,13.8,145.72,79.4,167.33,27.32,0.23,20.0,139.78,39.64
2026-10-11 12:00,-21.7,20.1,108.4,73.3,171.19,20.33,4.33,20.0,146.53,41.37
2026-10-11 13:00,-20.4,18.8,183.81,83.8,170.65,34.46,2.86,20.0,133.33,38.0
2026-10-11 14:00,-20.6,19.1,107.26,92.6,176.51,20.11,3.16,20.0,153.24,43.08
2026-10-11 15:00,-21.1,15.0,106.57,65.5,155.77,19.98,0.52,20.0,135.27,38.49
2026-10-11 16:00,-20.2,15.9,177.28,71.1,155.06,33.24,0.86,20.0,120.96,34.84
2026-10-11 17:00,-23.0,14.9,106.99,87.1,182.83,20.06,0.49,20.0,162.28,45.38
2026-10-11 18:00,-16.7,14.3,0.0,90.6,165.86,0.0,0.33,20.0,165.53,46.21
2026-10-11 19:00,-12.6,19.1,0.0,89.8,158.52,0.0,3.16,20.0,155.36,43.62
2026-10-11 20:00,-19.4,20.3,0.0,42.1,137.31,0.0,4.59,20.0,132.72,37.84
2026-10-11 21:00,-12.3,32.2,0.0,25.3,93.46,0.0,45.93,20.0,47.53,16.12
2026-10-11 22:00,-22.4,15.2,0.0,36.8,133.76,0.0,0.59,20.0,133.17,37.96
2026-10-11 23:00,-24.8,28.6,0.0,37.6,149.3,0.0,27.02,20.0,122.28,35.18
2026-10-12 00:00,-16.5,23.5,0.0,36.5,116.88,0.0,10.33,20.0,106.55,31.17
2026-10-12 01:00,-23.5,24.7,0.0,38.0,146.58,0.0,13.34,20.0,133.24,37.98
2026-10-12 02:00,-23.4,15.1,0.0,28.2,133.76,0.0,0.56,20.0,133.2,37.97
2026-10-12 03:00,-17.3,21.2,0.0,41.3,132.31,0.0,5.9,20.0,126.41,36.23
2026-10-12 04:00,-21.6,13.8,0.0,27.4,122.94,0.0,0.23,20.0,122.71,35.29
2026-10-12 05:00,-18.1,17.6,0.0,27.6,117.28,0.0,1.84,20.0,115.44,33.44
2026-10-12 06:00,-24.0,25.0,0.0,37.7,133.36,0.0,14.17,20.0,119.19,34.39
2026-10-12 07:00,-22.7,26.1,101.69,33.0,136.34,19.07,17.52,20.0,99.75,29.44
2026-10-12 08:00,-23.8,21.3,113.63,87.7,182.84,21.31,6.06,20.0,155.47,43.64
2026-10-12 09:00,-26.1,20.1,206.4,65.5,168.05,38.7,4.33,20.0,125.02,35.88
2026-10-12 10:00,-26.5,14.2,214.29,90.1,193.37,40.18,0.31,20.0,152.88,42.98
2026-10-12 11:00,-22.1,22.4,301.58,75.0,164.0,56.55,8.0,20.0,99.45,29.36
2026-10-12 12:00,-22.3,19.6,225.43,81.7,170.49,42.27,3.71,20.0,124.51,35.75
2026-10-12 13:00,-18.4,15.9,394.15,69.5,155.74,73.9,0.86,20.0,80.98,24.65
2026-10-12 14:00,-21.7,21.1,123.36,74.7,165.35,23.13,5.74,20.0,136.48,38.8
2026-10-12 15:00,-19.1,21.3,173.87,80.1,165.65,32.6,6.06,20.0,126.99,36.38
2026-10-12 16:00,-19.8,14.9,91.34,67.2,146.73,17.13,0.49,20.0,129.11,36.92
2026-10-12 17:00,-16.3,39.1,75.55,90.8,160.33,14.17,103.45,20.0,42.71,14.89
2026-10-12 18:00,-19.4,14.8,0.0,87.2,164.42,0.0,0.46,20.0,163.96,45.81
2026-10-12 19:00,-16.4,33.2,0.0,70.9,144.85,0.0,52.42,20.0,92.43,27.57
2026-10-12 20:00,-18.2,20.3,0.0,43.6,128.03,0.0,4.59,20.0,123.44,35.48
2026-10-12 21:00,-21.4,21.9,0.0,28.6,129.74,0.0,7.07,20.0,122.67,35.28
2026-10-12 22:00,-24.1,27.4,0.0,32.5,137.05,0.0,22.12,20.0,114.93,33.31
2026-10-12 23:00,-15.5,49.2,0.0,32.1,106.29,0.0,180.0,37.0,0.0,0.0
2026-10-13 00:00,-17.3,16.2,0.0,27.7,117.82,0.0,1.0,20.0,49.01,16.5
2026-10-13 01:00,-22.6,23.5,0.0,35.3,139.59,0.0,10.33,20.0,129.26,36.96
2026-10-13 02:00,-20.2,15.7,0.0,44.9,132.66,0.0,0.78,20.0,131.88,37.63
2026-10-13 03:00,-23.1,29.8,0.0,30.1,134.1,0.0,32.59,20.0,101.51,29.89
2026-10-13 04:00,-27.6,25.1,0.0,40.7,159.6,0.0,14.45,20.0,145.15,41.01
2026-10-13 05:00,-24.2,39.3,0.0,40.4,142.36,0.0,105.6,20.0,36.76,13.37
2026-10-13 06:00,-21.3,20.5,0.0,41.7,138.45,0.0,4.86,20.0,133.59,38.07
2026-10-13 07:00,-23.4,26.7,69.49,37.4,145.02,13.03,19.55,20.0,112.44,32.67
2026-10-13 08:00,-34.1,60.5,114.58,76.5,214.1,21.48,180.0,20.0,12.62,7.22
2026-10-13 09:00,-25.8,17.0,281.06,94.3,194.37,52.7,1.44,20.0,140.23,39.76
2026-10-13 10:00,-24.2,24.1,210.72,88.3,182.13,39.51,11.77,20.0,130.85,37.37
2026-10-13 11:00,-26.0,29.4,414.83,77.5,178.06,77.78,30.65,20.0,69.63,21.76
2026-10-13 12:00,-24.0,21.8,419.98,76.9,172.48,78.75,6.9,20.0,86.83,26.14
2026-10-13 13:00,-22.0,19.5,255.99,70.2,164.01,48.0,3.6,20.0,112.41,32.66
2026-10-13 14:00,-14.3,19.3,208.9,88.0,146.55,39.17,3.38,20.0,104.0,30.52
2026-10-13 15:00,-14.2,18.8,88.7,89.8,155.79,16.63,2.86,20.0,136.3,38.76
2026-10-13 16:00,-20.9,36.3,155.78,85.8,179.11,29.21,76.37,20.0,73.53,22.75
2026-10-13 17:00,-17.2,18.7,58.87,77.8,151.58,11.04,2.76,20.0,137.78,39.13
2026-10-13 18:00,-19.2,37.5,0.0,93.5,167.3,0.0,87.31,20.0,79.99,24.4
2026-10-13 19:00,-18.2,19.5,0.0,86.9,166.14,0.0,3.6,20.0,162.54,45.45
2026-10-13 20:00,-25.5,24.4,0.0,38.8,150.44,0.0,12.54,20.0,137.9,39.16
2026-10-13 21:00,-17.3,25.3,0.0,31.1,124.12,0.0,15.04,20.0,109.08,31.82
2026-10-13 22:00,-15.4,21.2,0.0,30.9,118.64,0.0,5.9,20.0,112.74,32.75
2026-10-13 23:00,-18.6,29.5,0.0,42.0,129.98,0.0,31.13,20.0,98.85,29.21
2026-10-14 00:00,-25.8,28.4,0.0,33.4,147.12,0.0,26.15,20.0,120.97,34.85
2026-10-14 01:00,-24.5,19.8,0.0,41.2,147.45,0.0,3.95,20.0,143.5,40.59
2026-10-14 02:00,-21.1,27.0,0.0,27.3,126.44,0.0,20.63,20.0,105.81,30.98
2026-10-14 03:00,-20.4,29.7,0.0,30.5,120.93,0.0,32.1,20.0,88.83,26.65
2026-10-14 04:00,-23.9,46.9,0.0,27.7,135.26,0.0,180.0,30.3,0.0,0.0
2026-10-14 05:00,-25.3,24.1,0.0,35.4,147.32,0.0,11.77,20.0,94.39,28.07
2026-10-14 06:00,-29.2,19.9,0.0,37.8,152.25,0.0,4.07,20.0,148.18,41.79
2026-10-14 07:00,-26.8,28.7,42.94,41.4,154.09,8.05,27.45,20.0,118.59,34.24
2026-10-14 08:00,-24.0,26.3,56.53,84.9,177.96,10.6,18.18,20.0,149.18,42.04
2026-10-14 09:00,-23.7,39.4,192.36,79.6,179.81,36.07,106.69,20.0,37.05,13.45
2026-10-14 10:00,-29.1,34.6,324.45,68.2,175.28,60.83,62.5,20.0,51.95,17.25
2026-10-14 11:00,-20.5,26.8,283.37,78.4,166.76,53.13,19.91,20.0,93.72,27.9
2026-10-14 12:00,-24.1,32.6,183.88,65.9,168.51,34.48,48.46,20.0,85.57,25.82
2026-10-14 13:00,-18.1,23.0,167.67,66.2,141.86,31.44,9.22,20.0,101.2,29.81
2026-10-14 14:00,-24.6,21.9,132.15,88.1,181.59,24.78,7.07,20.0,149.74,42.18
2026-10-14 15:00,-19.8,24.9,168.53,92.8,171.61,31.6,13.89,20.0,126.12,36.16
2026-10-14 16:00,-26.4,26.7,98.83,82.5,179.17,18.53,19.55,20.0,141.09,39.98
2026-10-14 17:00,-20.3,20.6,46.41,82.7,171.82,8.7,5.0,20.0,158.12,44.32
2026-10-14 18:00,-18.0,29.0,0.0,91.7,164.7,0.0,28.8,20.0,135.9,38.65
2026-10-14 19:00,-23.4,25.7,0.0,93.6,184.38,0.0,16.25,20.0,168.13,46.87
2026-10-14 20:00,-27.9,28.9,0.0,28.9,149.03,0.0,28.34,20.0,120.69,34.78
2026-10-14 21:00,-18.5,33.5,0.0,40.4,129.87,0.0,54.48,20.0,75.39,23.22
2026-10-14 22:00,-22.4,22.1,0.0,32.9,141.24,0.0,7.44,20.0,133.8,38.12
2026-10-14 23:00,-25.7,28.7,0.0,32.2,142.05,0.0,27.45,20.0,114.6,33.22
2026-10-15 00:00,-17.8,22.3,0.0,38.8,125.16,0.0,7.81,20.0,117.35,33.92
2026-10-15 01:00,-21.8,24.6,0.0,28.4,132.02,0.0,13.07,20.0,118.95,34.33
2026-10-15 02:00,-17.6,24.5,0.0,28.2,116.5,0.0,12.8,20.0,103.7,30.44
2026-10-15 03:00,-24.0,24.2,0.0,43.1,151.12,0.0,12.02,20.0,139.1,39.47
2026-10-15 04:00,-20.6,27.8,0.0,25.1,124.49,0.0,23.68,20.0,100.81,29.71
2026-10-15 05:00,-19.2,36.8,0.0,34.6,124.49,0.0,80.81,20.0,43.68,15.14
2026-10-15 06:00,-29.4,24.7,0.0,41.2,166.52,0.0,13.34,20.0,153.18,43.06
2026-10-15 07:00,-17.8,34.7,37.67,38.3,124.35,7.06,63.26,20.0,54.03,17.78
2026-10-15 08:00,-28.8,26.5,157.77,83.5,197.34,29.58,18.86,20.0,148.9,41.97
2026-10-15 09:00,-27.0,28.9,80.33,79.6,178.6,15.06,28.34,20.0,135.2,38.48
2026-10-15 10:00,-21.0,26.8,301.83,80.8,166.56,56.59,19.91,20.0,90.06,26.97
2026-10-15 11:00,-21.0,26.4,88.05,72.6,159.04,16.51,18.52,20.0,124.01,35.62
2026-10-15 12:00,-23.0,26.2,285.67,76.5,166.7,53.56,17.85,20.0,95.29,28.3
2026-10-15 13:00,-24.9,30.3,362.12,88.0,192.55,67.9,35.12,20.0,89.53,26.83
2026-10-15 14:00,-24.0,27.0,310.45,70.6,165.08,58.21,20.63,20.0,86.24,25.99
2026-10-15 15:00,-19.8,30.0,66.74,75.2,156.85,12.51,33.59,20.0,110.75,32.24
2026-10-15 16:00,-23.5,28.9,154.5,66.9,169.57,28.97,28.34,20.0,112.26,32.63
2026-10-15 17:00,-23.4,28.4,78.93,84.0,169.09,14.8,26.15,20.0,128.14,36.68
2026-10-15 18:00,-20.9,31.9,0.0,91.4,174.24,0.0,44.1,20.0,130.14,37.19
2026-10-15 19:00,-18.8,26.5,0.0,66.0,142.63,0.0,18.86,20.0,123.77,35.56
2026-10-15 20:00,-23.0,49.0,0.0,29.8,131.35,0.0,180.0,31.2,0.0,0.0
2026-10-15 21:00,-18.8,34.7,0.0,27.6,118.74,0.0,63.26,20.0,10.72,6.73
2026-10-15 22:00,-22.8,56.7,0.0,35.8,142.56,0.0,180.0,28.6,0.0,0.0
2026-10-15 23:00,-21.7,27.7,0.0,31.5,135.41,0.0,23.28,20.0,77.69,23.81
2026-10-16 00:00,-22.2,25.3,0.0,41.5,136.63,0.0,15.04,20.0,121.59,35.01
2026-10-16 01:00,-19.7,35.0,0.0,41.3,126.92,0.0,65.6,20.0,61.32,19.64
2026-10-16 02:00,-22.5,26.2,0.0,41.9,147.84,0.0,17.85,20.0,129.99,37.15
2026-10-16 03:00,-20.4,32.1,0.0,25.1,123.7,0.0,45.32,20.0,78.38,23.99
2026-10-16 04:00,-23.2,27.5,0.0,30.9,129.07,0.0,22.5,20.0,106.57,31.18
2026-10-16 05:00,-17.0,39.7,0.0,31.8,112.94,0.0,109.99,20.0,2.95,4.75
2026-10-16 06:00,-21.6,32.2,0.0,32.7,136.4,0.0,45.93,20.0,90.47,27.07
2026-10-16 07:00,-31.2,35.7,61.26,27.5,156.06,11.49,71.26,20.0,73.31,22.69
2026-10-16 08:00,-27.0,26.6,219.14,86.3,194.08,41.09,19.2,20.0,133.79,38.12
2026-10-16 09:00,-21.3,26.9,250.58,87.8,169.18,46.98,20.26,20.0,101.94,29.99
2026-10-16 10:00,-23.1,51.5,117.55,66.1,170.09,22.04,180.0,27.3,0.0,0.0
2026-10-16 11:00,-20.7,27.8,188.49,79.7,174.52,35.34,23.68,20.0,86.11,25.96
2026-10-16 12:00,-19.5,27.4,233.53,84.4,161.8,43.79,22.12,20.0,95.89,28.45
2026-10-16 13:00,-21.8,29.7,373.12,83.0,172.54,69.96,32.1,20.0,70.48,21.97
2026-10-16 14:00,-20.9,42.4,122.03,67.0,152.72,22.88,142.79,23.0,0.0,0.0
2026-10-16 15:00,-26.4,34.9,90.62,71.4,178.37,16.99,64.81,20.0,84.66,25.59
2026-10-16 16:00,-16.9,36.7,65.97,89.6,160.84,12.37,79.91,20.0,68.56,21.48
2026-10-16 17:00,-21.2,42.9,48.11,79.1,169.66,9.02,149.51,20.0,11.13,6.84
2026-10-16 18:00,-18.2,28.4,0.0,92.9,160.49,0.0,26.15,20.0,134.34,38.26
2026-10-16 19:00,-23.7,27.9,0.0,85.8,176.32,0.0,24.08,20.0,152.24,42.82
2026-10-16 20:00,-20.2,47.6,0.0,27.1,126.09,0.0,180.0,32.4,0.0,0.0
2026-10-16 21:00,-26.1,28.9,0.0,37.1,154.49,0.0,28.34,20.0,76.55,23.52
2026-10-16 22:00,-11.1,38.9,0.0,44.8,108.24,0.0,101.34,20.0,6.9,5.76
2026-10-16 23:00,-24.2,39.0,0.0,43.6,144.01,0.0,102.39,20.0,41.62,14.61
2026-10-17 00:00,-18.4,36.6,0.0,29.5,117.29,0.0,79.02,20.0,38.27,13.76
2026-10-17 01:00,-20.5,41.4,0.0,44.5,136.83,0.0,129.97,20.0,6.86,5.75
2026-10-17 02:00,-22.9,33.2,0.0,34.4,140.82,0.0,52.42,20.0,88.4,26.54
2026-10-17 03:00,-23.1,33.1,0.0,35.1,140.12,0.0,51.75,20.0,88.37,26.53
2026-10-17 04:00,-17.5,34.3,0.0,25.3,113.42,0.0,60.24,20.0,53.18,17.56
2026-10-17 05:00,-23.3,29.7,0.0,35.2,140.11,0.0,32.1,20.0,108.01,31.54
2026-10-17 06:00,-23.0,31.6,0.0,40.0,138.37,0.0,42.31,20.0,96.06,28.5
2026-10-17 07:00,-24.5,29.7,71.2,42.3,143.07,13.35,32.1,20.0,97.62,28.89
2026-10-17 08:00,-27.2,37.7,47.28,89.7,190.81,8.86,89.23,20.0,92.72,27.64
2026-10-17 09:00,-27.8,31.3,155.81,82.1,188.85,29.21,40.57,20.0,119.07,34.36
2026-10-17 10:00,-26.4,34.8,109.95,66.4,170.44,20.62,64.04,20.0,85.78,25.87
2026-10-17 11:00,-20.0,33.2,260.72,68.9,156.34,48.89,52.42,20.0,55.03,18.03
2026-10-17 12:00,-20.7,32.4,105.6,89.9,180.85,19.8,47.19,20.0,113.86,33.03
2026-10-17 13:00,-19.4,32.7,342.69,85.3,161.74,64.25,49.11,20.0,48.38,16.34
2026-10-17 14:00,-25.7,37.4,114.9,70.2,177.01,21.54,86.36,20.0,69.11,21.62
2026-10-17 15:00,-19.7,30.8,248.44,68.5,154.91,46.58,37.78,20.0,70.55,21.99
2026-10-17 16:00,-24.3,32.2,145.62,75.9,172.25,27.3,45.93,20.0,99.02,29.25
2026-10-17 17:00,-20.4,47.3,89.8,70.6,157.91,16.84,180.0,29.0,0.0,0.0
2026-10-17 18:00,-12.6,42.2,0.0,75.3,145.5,0.0,140.16,27.5,0.0,0.0
2026-10-17 19:00,-11.7,58.1,0.0,79.1,134.79,0.0,180.0,37.9,0.0,0.0
2026-10-17 20:00,-19.4,34.8,0.0,29.8,124.22,0.0,64.04,21.5,0.0,0.0
2026-10-17 21:00,-22.8,39.1,0.0,43.3,147.53,0.0,103.45,20.0,37.89,13.66
2026-10-17 22:00,-19.4,44.9,0.0,42.1,137.61,0.0,178.46,29.4,0.0,0.0
2026-10-17 23:00,-22.6,40.3,0.0,32.3,127.13,0.0,116.79,26.6,0.0,0.0
2026-10-18 00:00,-21.7,58.8,0.0,37.5,138.63,0.0,180.0,36.1,0.0,0.0
2026-10-18 01:00,-22.3,35.2,0.0,31.1,131.93,0.0,67.18,20.0,0.35,4.09
2026-10-18 02:00,-22.8,58.7,0.0,36.7,143.63,0.0,180.0,28.4,0.0,0.0
2026-10-18 03:00,-22.0,39.0,0.0,25.0,128.22,0.0,102.39,21.3,0.0,0.0
2026-10-18 04:00,-20.6,38.3,0.0,31.5,124.27,0.0,95.15,20.0,23.74,10.05
2026-10-18 05:00,-29.7,33.5,0.0,28.1,155.49,0.0,54.48,20.0,101.01,29.76
2026-10-18 06:00,-24.7,37.6,0.0,39.9,147.71,0.0,88.27,20.0,59.44,19.16
2026-10-18 07:00,-18.8,36.5,106.38,34.9,127.79,19.95,78.13,20.0,29.71,11.58
2026-10-18 08:00,-26.4,39.3,176.33,92.7,199.51,33.06,105.6,20.0,60.85,19.52
2026-10-18 09:00,-20.2,34.1,224.52,80.7,166.57,42.1,58.77,20.0,65.7,20.75
2026-10-18 10:00,-29.0,40.6,377.06,71.6,181.75,70.7,120.29,22.1,0.0,0.0
2026-10-18 11:00,-22.8,40.8,280.25,77.6,165.57,52.55,122.66,24.3,0.0,0.0
2026-10-18 12:00,-26.0,39.0,227.79,72.4,171.82,42.71,102.39,20.0,9.35,6.38
2026-10-18 13:00,-26.2,34.5,359.15,65.0,175.29,67.34,61.74,20.0,46.21,15.78
2026-10-18 14:00,-20.8,43.1,263.98,90.7,173.15,49.5,152.25,26.6,0.0,0.0
2026-10-18 15:00,-21.6,38.8,100.48,76.8,166.23,18.84,100.29,20.0,20.79,9.3
2026-10-18 16:00,-19.5,77.4,176.48,78.3,152.46,33.09,180.0,33.9,0.0,0.0
2026-10-18 17:00,-15.3,36.6,74.66,70.1,140.58,14.0,79.02,21.0,0.0,0.0
2026-10-18 18:00,-17.0,42.5,0.0,81.9,154.17,0.0,144.12,20.0,5.97,5.52
2026-10-18 19:00,-16.4,42.5,0.0,73.0,150.73,0.0,144.12,20.0,6.61,5.69
2026-10-18 20:00,-22.6,69.4,0.0,39.9,139.43,0.0,180.0,29.3,0.0,0.0
2026-10-18 21:00,-18.7,36.2,0.0,43.3,128.96,0.0,75.5,20.0,16.14,8.12
2026-10-18 22:00,-17.5,35.1,0.0,36.0,120.66,0.0,66.39,20.0,54.27,17.84
2026-10-18 23:00,-21.6,36.4,0.0,29.2,133.84,0.0,77.25,20.0,56.59,18.43
2026-10-19 00:00,-22.2,39.2,0.0,41.6,141.59,0.0,104.52,20.0,37.07,13.45
2026-10-19 01:00,-18.5,36.8,0.0,33.5,120.73,0.0,80.81,20.0,39.92,14.18
2026-10-19 02:00,-9.1,37.2,0.0,35.3,95.16,0.0,84.48,20.0,10.68,6.72
2026-10-19 03:00,-25.8,42.0,0.0,41.4,154.55,0.0,137.57,20.0,16.98,8.33
2026-10-19 04:00,-32.0,37.3,0.0,32.6,165.45,0.0,85.42,20.0,80.03,24.41
2026-10-19 05:00,-27.1,42.9,0.0,29.9,152.4,0.0,149.51,20.0,2.89,4.74
2026-10-19 06:00,-23.7,46.2,0.0,34.1,144.15,0.0,180.0,28.2,0.0,0.0
2026-10-19 07:00,-21.1,44.3,72.13,44.5,142.24,13.52,169.41,37.6,0.0,0.0
2026-10-19 08:00,-22.6,38.5,192.57,78.0,171.57,36.11,97.19,27.2,0.0,0.0
2026-10-19 09:00,-20.3,36.1,207.33,71.3,156.92,38.87,74.64,20.0,14.59,7.72
2026-10-19 10:00,-19.7,42.6,352.83,93.6,169.24,66.16,145.45,29.7,0.0,0.0
2026-10-19 11:00,-25.1,38.4,166.17,80.0,181.99,31.16,96.17,20.0,15.68,8.0
2026-10-19 12:00,-28.7,37.6,115.63,90.8,193.95,21.68,88.27,20.0,84.0,25.42
2026-10-19 13:00,-22.6,43.7,221.12,89.6,172.9,41.46,160.68,26.7,0.0,0.0
2026-10-19 14:00,-23.3,41.7,354.06,91.5,182.59,66.39,133.74,30.8,0.0,0.0
2026-10-19 15:00,-20.0,36.9,245.42,94.0,176.74,46.02,81.72,20.0,5.96,5.52
2026-10-19 16:00,-15.2,40.5,210.24,69.1,140.44,39.42,119.12,24.2,0.0,0.0
2026-10-19 17:00,-24.5,45.0,70.86,91.6,180.74,13.29,180.0,27.0,0.0,0.0
2026-10-19 18:00,-16.0,43.2,0.0,74.3,151.04,0.0,153.63,27.6,0.0,0.0
2026-10-19 19:00,-17.7,50.9,0.0,82.4,156.46,0.0,180.0,33.1,0.0,0.0
2026-10-19 20:00,-17.0,44.5,0.0,39.7,119.46,0.0,172.4,45.2,0.0,0.0
2026-10-19 21:00,-22.3,51.4,0.0,40.9,147.71,0.0,180.0,52.7,0.0,0.0
2026-10-19 22:00,-17.8,43.6,0.0,36.1,119.65,0.0,159.25,61.8,0.0,0.0
2026-10-19 23:00,-21.7,43.7,0.0,41.6,141.93,0.0,160.68,66.1,0.0,0.0
2026-10-20 00:00,-22.8,39.5,0.0,43.9,143.65,0.0,107.78,56.3,0.0,0.0
2026-10-20 01:00,-22.1,37.8,0.0,38.4,138.37,0.0,90.2,43.2,0.0,0.0
2026-10-20 02:00,-25.3,41.0,0.0,41.2,151.59,0.0,125.07,36.0,0.0,0.0
2026-10-20 03:00,-22.9,60.8,0.0,31.6,130.86,0.0,180.0,47.3,0.0,0.0
2026-10-20 04:00,-27.1,39.9,0.0,43.6,159.54,0.0,112.22,34.5,0.0,0.0
2026-10-20 05:00,-24.6,39.8,0.0,29.4,135.99,0.0,111.1,27.7,0.0,0.0
2026-10-20 06:00,-19.7,46.9,0.0,43.5,137.75,0.0,180.0,37.4,0.0,0.0
2026-10-20 07:00,-28.4,40.0,36.87,27.8,145.51,6.91,113.35,30.6,0.0,0.0
2026-10-20 08:00,-23.9,51.9,132.61,76.7,172.23,24.86,180.0,38.1,0.0,0.0
2026-10-20 09:00,-24.5,42.1,91.65,72.4,173.21,17.18,138.86,33.4,0.0,0.0
2026-10-20 10:00,-32.4,40.5,384.59,84.0,206.63,72.11,119.12,29.2,0.0,0.0
2026-10-20 11:00,-24.9,45.3,213.6,68.7,169.94,40.05,180.0,40.8,0.0,0.0
2026-10-20 12:00,-26.7,39.7,166.97,82.3,190.69,31.31,109.99,27.3,0.0,0.0
2026-10-20 13:00,-20.0,49.1,161.66,87.2,162.67,30.31,180.0,38.3,0.0,0.0
2026-10-20 14:00,-16.9,40.1,228.29,69.6,144.36,42.8,114.49,41.3,0.0,0.0
2026-10-20 15:00,-15.7,40.8,232.84,74.7,142.46,43.66,122.66,46.8,0.0,0.0
2026-10-20 16:00,-14.4,39.4,206.4,70.4,131.64,38.7,106.69,49.9,0.0,0.0
2026-10-20 17:00,-19.5,55.2,26.64,84.0,164.27,5.0,180.0,54.7,0.0,0.0
2026-10-20 18:00,-25.9,40.2,0.0,84.6,190.29,0.0,115.63,34.4,0.0,0.0
2026-10-20 19:00,-15.3,39.8,0.0,68.9,138.4,0.0,111.1,27.0,0.0,0.0
2026-10-20 20:00,-25.1,44.4,0.0,31.0,143.92,0.0,170.9,33.2,0.0,0.0
2026-10-20 21:00,-13.7,48.5,0.0,34.8,108.74,0.0,180.0,49.6,0.0,0.0
2026-10-20 22:00,-12.8,43.8,0.0,26.6,100.39,0.0,162.11,63.8,0.0,0.0
2026-10-20 23:00,-23.4,57.9,0.0,28.5,133.49,0.0,180.0,74.5,0.0,0.0
2026-10-21 00:00,-17.7,44.2,0.0,28.6,119.43,0.0,167.94,85.6,0.0,0.0
2026-10-21 01:00,-27.8,42.5,0.0,27.6,144.25,0.0,144.12,85.6,0.0,0.0
2026-10-21 02:00,-22.2,70.5,0.0,38.2,136.86,0.0,180.0,95.0,0.0,0.0
2026-10-21 03:00,-26.5,55.8,0.0,36.1,158.09,0.0,180.0,95.0,0.0,0.0
2026-10-21 04:00,-25.0,41.1,0.0,26.6,139.32,0.0,126.28,91.5,0.0,0.0
2026-10-21 05:00,-23.9,40.8,0.0,42.1,145.99,0.0,122.66,85.1,0.0,0.0
2026-10-21 06:00,-25.6,41.7,0.0,34.5,157.73,0.0,133.74,78.6,0.0,0.0
2026-10-21 07:00,-20.9,45.9,83.04,29.3,131.34,15.57,180.0,93.4,0.0,0.0
2026-10-21 08:00,-36.6,44.3,142.05,68.3,208.88,26.63,169.41,89.9,0.0,0.0
2026-10-21 09:00,-25.2,41.9,110.2,72.4,172.51,20.66,136.28,85.7,0.0,0.0
2026-10-21 10:00,-21.4,42.6,143.7,74.2,165.42,26.94,145.45,87.3,0.0,0.0
2026-10-21 11:00,-28.9,49.5,380.43,75.3,191.47,71.33,180.0,95.0,0.0,0.0
2026-10-21 12:00,-24.0,45.8,301.16,78.8,176.85,56.47,180.0,95.0,0.0,0.0
2026-10-21 13:00,-22.1,51.0,359.26,79.2,166.81,67.36,180.0,95.0,0.0,0.0
2026-10-21 14:00,-19.2,57.7,110.77,77.6,154.15,20.77,180.0,95.0,0.0,0.0
2026-10-21 15:00,-23.0,42.9,206.3,84.7,170.43,38.68,149.51,95.0,0.0,0.0
2026-10-21 16:00,-22.5,46.6,222.25,67.0,163.3,41.67,180.0,95.0,0.0,0.0
2026-10-21 17:00,-22.0,48.8,46.3,80.0,165.42,8.68,180.0,95.0,0.0,0.0
2026-10-21 18:00,-21.8,42.9,0.0,72.1,157.96,0.0,149.51,92.7,0.0,0.0
2026-10-21 19:00,-17.5,43.7,0.0,71.1,147.71,0.0,160.68,95.0,0.0,0.0
2026-10-21 20:00,-19.8,42.1,0.0,37.3,132.24,0.0,138.86,95.0,0.0,0.0
2026-10-21 21:00,-17.3,41.4,0.0,26.2,103.39,0.0,129.97,95.0,0.0,0.0
2026-10-21 22:00,-14.3,45.4,0.0,40.7,115.43,0.0,180.0,95.0,0.0,0.0
2026-10-21 23:00,-17.7,41.1,0.0,25.6,117.93,0.0,126.28,95.0,0.0,0.0
2026-10-22 00:00,-19.3,41.7,0.0,36.7,130.68,0.0,133.74,95.0,0.0,0.0
2026-10-22 01:00,-20.7,42.9,0.0,29.5,120.67,0.0,149.51,95.0,0.0,0.0
2026-10-22 02:00,-22.4,41.1,0.0,39.6,143.78,0.0,126.28,90.2,0.0,0.0
2026-10-22 03:00,-24.0,46.0,0.0,26.9,131.51,0.0,180.0,95.0,0.0,0.0
2026-10-22 04:00,-22.6,45.0,0.0,30.1,135.27,0.0,180.0,95.0,0.0,0.0
2026-10-22 05:00,-30.6,43.5,0.0,33.1,160.31,0.0,157.83,94.3,0.0,0.0
2026-10-22 06:00,-24.3,64.2,0.0,34.5,135.81,0.0,180.0,95.0,0.0,0.0
2026-10-22 07:00,-25.2,42.9,103.76,33.7,139.82,19.46,149.51,95.0,0.0,0.0
2026-10-22 08:00,-27.7,53.9,90.09,81.3,190.14,16.89,180.0,95.0,0.0,0.0
2026-10-22 09:00,-29.0,43.4,312.97,87.1,195.79,58.68,156.43,95.0,0.0,0.0
2026-10-22 10:00,-21.7,40.9,283.43,67.8,159.81,53.14,123.86,95.0,0.0,0.0
2026-10-22 11:00,-19.9,46.3,336.12,94.6,168.48,63.02,180.0,95.0,0.0,0.0
2026-10-22 12:00,-27.3,42.4,410.06,91.5,198.44,76.89,142.79,95.0,0.0,0.0
2026-10-22 13:00,-23.5,40.9,290.48,75.0,176.2,54.46,123.86,95.0,0.0,0.0
2026-10-22 14:00,-19.5,40.7,128.18,83.6,168.06,24.03,121.47,88.9,0.0,0.0
2026-10-22 15:00,-21.0,43.0,286.16,91.6,182.59,53.66,150.87,93.9,0.0,0.0
2026-10-22 16:00,-19.4,53.5,121.1,94.7,174.04,22.71,180.0,95.0,0.0,0.0
2026-10-22 17:00,-20.2,40.2,93.06,79.2,160.14,17.45,115.63,87.6,0.0,0.0
2026-10-22 18:00,-19.2,43.0,0.0,79.8,154.15,0.0,150.87,86.8,0.0,0.0
2026-10-22 19:00,-16.1,46.7,0.0,73.1,148.31,0.0,180.0,94.0,0.0,0.0
2026-10-22 20:00,-18.5,42.1,0.0,43.7,126.21,0.0,138.86,95.0,0.0,0.0
2026-10-22 21:00,-20.8,48.2,0.0,30.7,133.97,0.0,180.0,95.0,0.0,0.0
2026-10-22 22:00,-21.8,42.1,0.0,27.8,137.34,0.0,138.86,95.0,0.0,0.0
2026-10-22 23:00,-23.6,50.5,0.0,28.7,140.01,0.0,180.0,95.0,0.0,0.0
2026-10-23 00:00,-17.9,42.4,0.0,27.4,121.73,0.0,142.79,95.0,0.0,0.0
2026-10-23 01:00,-22.4,44.6,0.0,40.8,139.52,0.0,173.9,95.0,0.0,0.0
2026-10-23 02:00,-25.1,44.9,0.0,28.6,141.14,0.0,178.46,95.0,0.0,0.0
2026-10-23 03:00,-18.1,50.7,0.0,33.3,119.24,0.0,180.0,95.0,0.0,0.0
2026-10-23 04:00,-23.1,56.1,0.0,44.4,138.96,0.0,180.0,95.0,0.0,0.0
2026-10-23 05:00,-19.1,43.1,0.0,37.5,124.11,0.0,152.25,95.0,0.0,0.0
2026-10-23 06:00,-25.3,44.1,0.0,37.4,147.33,0.0,166.47,95.0,0.0,0.0
2026-10-23 07:00,-24.5,45.6,96.79,41.1,144.71,18.15,180.0,95.0,0.0,0.0
2026-10-23 08:00,-25.2,72.8,92.94,92.0,186.79,17.43,180.0,95.0,0.0,0.0
2026-10-23 09:00,-20.5,41.7,164.25,71.0,154.15,30.8,133.74,95.0,0.0,0.0
2026-10-23 10:00,-25.4,42.6,346.63,91.4,185.17,64.99,145.45,95.0,0.0,0.0
2026-10-23 11:00,-27.1,51.6,175.71,72.1,178.25,32.95,180.0,95.0,0.0,0.0
2026-10-23 12:00,-30.3,41.2,114.6,69.0,182.9,21.49,127.51,85.8,0.0,0.0
2026-10-23 13:00,-23.6,42.3,398.7,85.3,181.88,74.76,141.47,93.7,0.0,0.0
2026-10-23 14:00,-20.0,42.0,297.0,85.6,169.16,55.69,137.57,95.0,0.0,0.0
2026-10-23 15:00,-12.9,40.9,97.98,67.3,131.68,18.37,123.86,95.0,0.0,0.0
2026-10-23 16:00,-17.4,45.5,80.05,87.5,159.53,15.01,180.0,95.0,0.0,0.0
2026-10-23 17:00,-21.2,42.4,39.52,81.4,166.3,7.41,142.79,90.6,0.0,0.0
2026-10-23 18:00,-17.5,39.4,0.0,66.0,133.87,0.0,106.69,83.2,0.0,0.0
2026-10-23 19:00,-20.0,41.0,0.0,82.8,172.75,0.0,125.07,70.3,0.0,0.0
2026-10-23 20:00,-18.7,50.9,0.0,30.7,119.03,0.0,180.0,84.3,0.0,0.0
2026-10-23 21:00,-17.4,58.6,0.0,33.8,117.08,0.0,180.0,95.0,0.0,0.0
2026-10-23 22:00,-24.9,39.2,0.0,38.0,144.83,0.0,104.52,84.0,0.0,0.0
2026-10-23 23:00,-17.8,47.9,0.0,26.5,112.28,0.0,180.0,95.0,0.0,0.0
2026-10-24 00:00,-15.2,47.9,0.0,29.5,107.43,0.0,180.0,95.0,0.0,0.0
2026-10-24 01:00,-19.0,48.4,0.0,43.2,132.87,0.0,180.0,95.0,0.0,0.0
2026-10-24 02:00,-23.8,39.2,0.0,35.4,143.81,0.0,104.52,84.3,0.0,0.0
2026-10-24 03:00,-20.2,94.9,0.0,32.8,129.38,0.0,0.0,57.1,29.38,11.49
2026-10-24 04:00,-23.0,46.3,0.0,34.4,133.0,0.0,180.0,68.0,0.0,0.0
2026-10-24 05:00,-24.5,39.5,0.0,42.3,144.17,0.0,107.78,58.1,0.0,0.0
2026-10-24 06:00,-27.0,50.7,0.0,31.3,147.9,0.0,180.0,65.5,0.0,0.0
2026-10-24 07:00,-21.5,57.8,33.83,30.0,130.56,6.34,180.0,78.3,0.0,0.0
2026-10-24 08:00,-30.0,51.4,174.54,92.9,204.66,32.73,180.0,80.1,0.0,0.0
2026-10-24 09:00,-25.6,45.2,64.74,92.5,184.24,12.14,180.0,82.0,0.0,0.0
2026-10-24 10:00,-28.8,50.7,356.0,71.1,187.5,66.75,180.0,95.0,0.0,0.0
2026-10-24 11:00,-23.7,39.2,422.56,77.2,172.4,79.23,104.52,95.0,0.0,0.0
2026-10-24 12:00,-19.7,45.5,318.58,72.5,159.13,59.73,180.0,95.0,0.0,0.0
2026-10-24 13:00,-24.1,52.3,396.16,94.2,188.31,74.28,180.0,95.0,0.0,0.0
2026-10-24 14:00,-19.4,41.6,276.61,85.3,158.95,51.86,132.47,95.0,0.0,0.0
2026-10-24 15:00,-20.7,40.1,202.32,86.8,172.96,37.94,114.49,89.4,0.0,0.0
2026-10-24 16:00,-23.2,38.2,99.16,94.1,177.84,18.59,94.15,71.7,0.0,0.0
2026-10-24 17:00,-22.8,49.0,72.89,82.0,176.82,13.67,180.0,75.6,0.0,0.0
2026-10-24 18:00,-19.9,46.5,0.0,65.5,153.77,0.0,180.0,81.6,0.0,0.0
2026-10-24 19:00,-18.6,44.0,0.0,92.0,169.26,0.0,165.01,80.5,0.0,0.0
2026-10-24 20:00,-26.5,45.5,0.0,31.4,151.85,0.0,180.0,87.0,0.0,0.0
2026-10-24 21:00,-22.8,38.5,0.0,36.0,132.42,0.0,97.19,77.4,0.0,0.0
2026-10-24 22:00,-22.9,38.3,0.0,40.6,143.8,0.0,95.15,64.2,0.0,0.0
2026-10-24 23:00,-22.0,48.6,0.0,36.3,133.9,0.0,180.0,74.8,0.0,0.0
2026-10-25 00:00,-18.8,49.2,0.0,42.7,126.26,0.0,180.0,87.1,0.0,0.0
2026-10-25 01:00,-15.0,42.7,0.0,29.5,112.3,0.0,146.8,95.0,0.0,0.0
2026-10-25 02:00,-13.6,74.2,0.0,44.7,119.36,0.0,180.0,95.0,0.0,0.0
2026-10-25 03:00,-23.0,59.3,0.0,30.8,134.02,0.0,180.0,95.0,0.0,0.0
2026-10-25 04:00,-22.8,42.9,0.0,30.1,131.27,0.0,149.51,95.0,0.0,0.0
2026-10-25 05:00,-28.4,40.9,0.0,39.4,161.78,0.0,123.86,84.7,0.0,0.0
2026-10-25 06:00,-26.5,37.8,0.0,31.0,145.28,0.0,90.2,69.7,0.0,0.0
2026-10-25 07:00,-24.7,39.3,116.39,37.4,145.58,21.82,105.6,64.8,0.0,0.0
2026-10-25 08:00,-20.1,42.6,179.16,76.4,166.42,33.59,145.45,67.7,0.0,0.0
2026-10-25 09:00,-28.6,39.6,266.64,78.2,186.42,50.0,108.88,60.2,0.0,0.0
2026-10-25 10:00,-21.0,43.8,144.68,78.4,166.02,27.13,162.11,65.6,0.0,0.0
2026-10-25 11:00,-26.3,43.8,364.03,86.9,193.68,68.26,162.11,74.0,0.0,0.0
2026-10-25 12:00,-26.1,71.5,178.37,67.6,172.12,33.44,180.0,83.5,0.0,0.0
2026-10-25 13:00,-18.7,39.8,145.56,88.1,164.67,27.29,111.1,76.4,0.0,0.0
2026-10-25 14:00,-18.5,36.3,288.71,92.9,169.5,54.13,76.37,65.8,0.0,0.0
2026-10-25 15:00,-22.2,39.1,274.73,74.5,167.15,51.51,103.45,62.4,0.0,0.0
2026-10-25 16:00,-23.0,36.4,64.65,88.3,180.48,12.12,77.25,37.7,0.0,0.0
2026-10-25 17:00,-17.9,43.1,107.59,91.6,167.1,20.17,152.25,38.9,0.0,0.0
2026-10-25 18:00,-18.0,42.7,0.0,86.8,166.22,0.0,146.8,33.6,0.0,0.0
2026-10-25 19:00,-20.3,37.4,0.0,65.5,154.06,0.0,86.36,20.0,13.17,7.36
2026-10-25 20:00,-16.3,40.7,0.0,40.2,117.46,0.0,121.47,20.9,0.0,0.0
2026-10-25 21:00,-23.0,47.4,0.0,40.2,143.31,0.0,180.0,29.4,0.0,0.0
2026-10-25 22:00,-23.7,48.7,0.0,39.9,142.06,0.0,180.0,38.1,0.0,0.0
2026-10-25 23:00,-22.5,35.6,0.0,25.9,128.34,0.0,70.43,22.4,0.0,0.0
2026-10-26 00:00,-20.3,38.6,0.0,33.9,125.71,0.0,98.21,20.0,18.1,8.62
2026-10-26 01:00,-17.0,37.4,0.0,41.2,129.64,0.0,86.36,20.0,43.28,15.04
2026-10-26 02:00,-24.0,54.5,0.0,29.3,141.43,0.0,180.0,28.9,0.0,0.0
2026-10-26 03:00,-23.0,63.7,0.0,29.6,133.99,0.0,180.0,39.5,0.0,0.0
2026-10-26 04:00,-24.3,42.7,0.0,39.2,143.53,0.0,146.8,40.2,0.0,0.0
2026-10-26 05:00,-31.7,38.1,0.0,41.9,175.35,0.0,93.15,20.0,1.38,4.35
2026-10-26 06:00,-23.2,42.4,0.0,28.3,126.93,0.0,142.79,23.6,0.0,0.0
2026-10-26 07:00,-24.0,41.0,28.26,36.1,147.25,5.3,125.07,20.0,2.29,4.58
2026-10-26 08:00,-23.3,39.2,180.89,91.9,178.35,33.92,104.52,20.0,39.91,14.18
2026-10-26 09:00,-25.0,61.3,195.91,91.3,189.47,36.73,180.0,26.3,0.0,0.0
2026-10-26 10:00,-28.6,45.8,260.1,82.4,186.35,48.77,180.0,36.0,0.0,0.0
2026-10-26 11:00,-19.0,34.0,226.58,67.7,153.74,42.48,58.04,21.6,0.0,0.0
2026-10-26 12:00,-24.7,46.7,124.01,75.5,168.75,23.25,180.0,29.5,0.0,0.0
2026-10-26 13:00,-22.1,37.0,93.01,93.8,180.05,17.44,82.63,20.0,41.98,14.7
2026-10-26 14:00,-20.1,39.0,109.54,88.0,166.14,20.54,102.39,20.0,43.21,15.02
2026-10-26 15:00,-18.5,40.8,283.47,90.8,161.82,53.15,122.66,23.2,0.0,0.0
2026-10-26 16:00,-20.4,58.7,122.42,65.4,150.88,22.95,180.0,35.2,0.0,0.0
2026-10-26 17:00,-16.4,36.2,45.68,72.2,142.62,8.56,75.5,20.0,0.0,0.0
2026-10-26 18:00,-25.9,36.3,0.0,68.3,168.66,0.0,76.37,20.0,92.29,27.53
2026-10-26 19:00,-20.9,39.9,0.0,69.9,163.62,0.0,112.22,20.0,51.4,17.11
2026-10-26 20:00,-20.7,36.1,0.0,42.6,140.33,0.0,74.64,20.0,65.69,20.75
2026-10-26 21:00,-16.8,33.4,0.0,44.2,130.35,0.0,53.79,20.0,76.56,23.52
2026-10-26 22:00,-17.4,36.6,0.0,38.7,121.26,0.0,79.02,20.0,42.24,14.77
2026-10-26 23:00,-24.0,38.4,0.0,29.9,138.66,0.0,96.17,20.0,42.49,14.83
2026-10-27 00:00,-18.0,33.6,0.0,42.9,130.2,0.0,55.18,20.0,75.02,23.13
2026-10-27 01:00,-21.2,47.9,0.0,38.3,140.45,0.0,180.0,29.1,0.0,0.0
2026-10-27 02:00,-23.7,33.3,0.0,40.6,150.2,0.0,53.11,20.0,60.7,19.48
2026-10-27 03:00,-21.1,32.8,0.0,44.0,138.6,0.0,49.76,20.0,88.84,26.65
2026-10-27 04:00,-27.9,39.9,0.0,36.9,151.82,0.0,112.22,20.0,39.6,14.1
2026-10-27 05:00,-22.9,52.5,0.0,36.9,146.18,0.0,180.0,27.8,0.0,0.0
2026-10-27 06:00,-23.7,36.4,0.0,34.8,138.14,0.0,77.25,20.0,29.78,11.59
2026-10-27 07:00,-26.1,36.2,66.15,29.0,147.9,12.4,75.5,20.0,60.0,19.3
2026-10-27 08:00,-27.3,32.7,90.31,80.8,188.29,16.93,49.11,20.0,122.25,35.17
2026-10-27 09:00,-25.9,34.4,74.78,93.1,195.58,14.02,60.99,20.0,120.57,34.75
2026-10-27 10:00,-17.8,43.2,86.0,93.6,172.13,16.12,153.63,20.0,2.38,4.61
2026-10-27 11:00,-17.2,58.0,210.67,91.7,160.07,39.5,180.0,33.7,0.0,0.0
2026-10-27 12:00,-21.7,47.9,330.14,84.0,166.97,61.9,180.0,50.9,0.0,0.0
2026-10-27 13:00,-21.6,35.2,317.88,84.5,168.61,59.6,67.18,39.5,0.0,0.0
2026-10-27 14:00,-27.8,36.8,179.63,69.4,187.18,33.68,80.81,20.0,0.0,0.0
2026-10-27 15:00,-16.5,39.9,164.4,92.3,158.06,30.83,112.22,20.0,15.01,7.83
2026-10-27 16:00,-17.1,35.5,158.77,70.8,144.08,29.77,69.61,20.0,44.7,15.4
2026-10-27 17:00,-20.9,41.2,92.93,88.1,171.04,17.42,127.51,20.0,26.11,10.66
2026-10-27 18:00,-17.3,39.9,0.0,90.0,160.23,0.0,112.22,20.0,48.01,16.24
2026-10-27 19:00,-22.9,39.5,0.0,85.7,177.32,0.0,107.78,20.0,69.54,21.73
2026-10-27 20:00,-18.2,35.9,0.0,32.4,128.22,0.0,72.94,20.0,55.28,18.1
2026-10-27 21:00,-17.2,31.8,0.0,25.0,109.9,0.0,43.49,20.0,66.41,20.93
2026-10-27 22:00,-17.7,50.0,0.0,37.0,118.82,0.0,180.0,34.1,0.0,0.0
2026-10-27 23:00,-27.3,34.2,0.0,41.8,161.16,0.0,59.5,20.0,45.37,15.57
2026-10-28 00:00,-19.7,34.0,0.0,31.2,129.87,0.0,58.04,20.0,71.83,22.32
2026-10-28 01:00,-24.1,31.9,0.0,41.9,151.26,0.0,44.1,20.0,107.16,31.33
2026-10-28 02:00,-22.3,29.4,0.0,38.5,142.04,0.0,30.65,20.0,111.39,32.4
2026-10-28 03:00,-16.3,59.4,0.0,29.8,111.16,0.0,180.0,35.8,0.0,0.0
2026-10-28 04:00,-25.4,30.9,0.0,33.9,138.84,0.0,38.33,20.0,37.18,13.48
2026-10-28 05:00,-25.5,36.1,0.0,37.7,141.58,0.0,74.64,20.0,66.94,21.07
2026-10-28 06:00,-23.4,31.9,0.0,29.3,135.45,0.0,44.1,20.0,91.35,27.29
2026-10-28 07:00,-21.6,33.4,74.96,33.2,130.81,14.05,53.79,20.0,62.97,20.06
2026-10-28 08:00,-23.7,31.0,212.56,67.1,162.09,39.85,38.88,20.0,83.36,25.26
2026-10-28 09:00,-25.4,34.7,118.05,93.7,190.87,22.13,63.26,20.0,105.48,30.9
2026-10-28 10:00,-27.3,32.3,325.83,76.8,182.42,61.09,46.56,20.0,74.77,23.07
2026-10-28 11:00,-23.8,28.5,424.84,92.3,184.89,79.66,26.58,20.0,78.65,24.06
2026-10-28 12:00,-31.2,31.8,375.68,92.1,208.68,70.44,43.49,20.0,94.75,28.16
2026-10-28 13:00,-22.6,29.0,151.14,65.1,163.47,28.34,28.8,20.0,106.33,31.11
2026-10-28 14:00,-19.6,29.4,252.39,67.6,147.12,47.32,30.65,20.0,69.15,21.63
2026-10-28 15:00,-27.0,31.5,192.2,82.7,196.15,36.04,41.72,20.0,118.39,34.19
2026-10-28 16:00,-21.7,27.7,139.74,85.8,171.43,26.2,23.28,20.0,121.95,35.1
2026-10-28 17:00,-15.5,29.5,72.55,82.0,148.82,13.6,31.13,20.0,104.09,30.54
2026-10-28 18:00,-16.8,39.1,0.0,91.5,165.67,0.0,103.45,20.0,62.22,19.87
2026-10-28 19:00,-21.1,29.4,0.0,93.3,180.37,0.0,30.65,20.0,149.72,42.18
2026-10-28 20:00,-26.9,41.9,0.0,31.5,151.77,0.0,136.28,20.0,15.49,7.95
2026-10-28 21:00,-21.0,29.5,0.0,41.2,137.59,0.0,31.13,20.0,106.46,31.15
2026-10-28 22:00,-11.0,40.0,0.0,34.9,104.84,0.0,113.35,22.0,0.0,0.0
2026-10-28 23:00,-14.7,36.5,0.0,38.4,119.41,0.0,78.13,20.0,33.45,12.53
2026-10-29 00:00,-21.5,26.4,0.0,40.7,146.46,0.0,18.52,20.0,127.94,36.62
2026-10-29 01:00,-20.8,32.7,0.0,26.1,125.35,0.0,49.11,20.0,76.24,23.44
2026-10-29 02:00,-24.9,29.9,0.0,40.5,143.44,0.0,33.08,20.0,110.36,32.14
2026-10-29 03:00,-29.3,31.0,0.0,30.0,154.29,0.0,38.88,20.0,115.41,33.43
2026-10-29 04:00,-25.8,25.1,0.0,31.9,150.34,0.0,14.45,20.0,135.89,38.65
2026-10-29 05:00,-25.4,27.3,0.0,27.6,147.26,0.0,21.74,20.0,125.52,36.01
2026-10-29 06:00,-17.1,26.5,0.0,31.5,117.8,0.0,18.86,20.0,98.94,29.23
2026-10-29 07:00,-26.2,31.7,50.51,26.0,144.2,9.47,42.9,20.0,91.83,27.42
2026-10-29 08:00,-25.6,27.4,143.91,89.8,185.08,26.98,22.12,20.0,135.98,38.67
2026-10-29 09:00,-23.7,33.2,121.09,73.8,167.09,22.7,52.42,20.0,91.97,27.45
2026-10-29 10:00,-26.5,29.7,265.88,69.4,180.6,49.85,32.1,20.0,98.65,29.16
2026-10-29 11:00,-21.7,33.2,95.16,86.3,179.52,17.84,52.42,20.0,109.26,31.86
2026-10-29 12:00,-23.7,26.3,364.8,67.1,162.4,68.4,18.18,20.0,75.82,23.33
2026-10-29 13:00,-26.7,26.2,230.41,84.2,189.27,43.2,17.85,20.0,128.22,36.7
2026-10-29 14:00,-20.9,50.1,258.56,82.9,169.62,48.48,180.0,33.5,0.0,0.0
2026-10-29 15:00,-20.9,33.2,241.44,80.0,166.43,45.27,52.42,20.0,14.59,7.72
2026-10-29 16:00,-19.7,37.4,94.18,69.2,155.6,17.66,86.36,20.0,51.58,17.15
2026-10-29 17:00,-16.1,40.6,52.63,73.5,144.6,9.87,120.29,20.0,14.44,7.68
2026-10-29 18:00,-20.4,27.9,0.0,88.0,167.28,0.0,24.08,20.0,143.2,40.52
2026-10-29 19:00,-18.3,30.8,0.0,74.9,145.43,0.0,37.78,20.0,107.65,31.45
2026-10-29 20:00,-20.8,27.9,0.0,29.6,130.55,0.0,24.08,20.0,106.47,31.15
2026-10-29 21:00,-21.6,38.4,0.0,36.9,136.81,0.0,96.17,20.0,40.64,14.36
2026-10-29 22:00,-21.2,25.2,0.0,42.7,140.12,0.0,14.74,20.0,125.38,35.97
2026-10-29 23:00,-17.3,22.6,0.0,34.5,119.43,0.0,8.4,20.0,111.03,32.31
2026-10-30 00:00,-25.9,28.3,0.0,39.2,153.99,0.0,25.73,20.0,128.26,36.71
2026-10-30 01:00,-25.3,35.8,0.0,34.0,148.84,0.0,72.1,20.0,76.74,23.57
2026-10-30 02:00,-22.2,23.0,0.0,36.1,136.1,0.0,9.22,20.0,126.88,36.35
2026-10-30 03:00,-20.7,23.1,0.0,28.2,127.77,0.0,9.44,20.0,118.33,34.17
2026-10-30 04:00,-26.5,23.1,0.0,33.5,141.06,0.0,9.44,20.0,131.62,37.56
2026-10-30 05:00,-23.8,33.4,0.0,31.3,147.04,0.0,53.79,20.0,93.25,27.78
2026-10-30 06:00,-23.7,26.7,0.0,28.5,135.89,0.0,19.55,20.0,116.34,33.67
2026-10-30 07:00,-31.7,47.2,48.71,28.4,163.06,9.13,180.0,26.0,0.0,0.0
2026-10-30 08:00,-28.2,48.5,187.9,89.1,193.23,35.23,180.0,31.1,0.0,0.0
2026-10-30 09:00,-27.5,20.9,224.17,85.0,191.57,42.03,5.44,20.0,99.88,29.47
2026-10-30 10:00,-25.8,43.4,282.96,81.5,183.87,53.05,156.43,25.9,0.0,0.0
2026-10-30 11:00,-17.2,43.1,312.81,92.9,171.1,58.65,152.25,35.0,0.0,0.0
2026-10-30 12:00,-22.8,20.1,169.31,72.2,167.01,31.75,4.33,20.0,70.75,22.04
2026-10-30 13:00,-16.7,21.7,230.54,90.1,162.79,43.23,6.72,20.0,112.84,32.77
2026-10-30 14:00,-19.7,33.1,341.61,71.6,156.6,64.05,51.75,20.0,40.8,14.4
2026-10-30 15:00,-16.0,32.0,266.95,87.0,155.95,50.05,44.7,20.0,61.2,19.61
2026-10-30 16:00,-16.1,24.8,140.28,82.9,156.7,26.3,13.61,20.0,116.79,33.78
2026-10-30 17:00,-19.4,19.3,102.15,85.6,157.44,19.15,3.38,20.0,134.91,38.4
2026-10-30 18:00,-25.0,19.3,0.0,79.5,178.24,0.0,3.38,20.0,174.86,48.59
2026-10-30 19:00,-24.4,42.5,0.0,65.1,164.48,0.0,144.12,20.0,20.36,9.19
2026-10-30 20:00,-22.1,23.9,0.0,44.8,145.48,0.0,11.27,20.0,134.21,38.22
2026-10-30 21:00,-20.0,23.8,0.0,41.0,129.49,0.0,11.03,20.0,118.46,34.21
2026-10-30 22:00,-20.7,21.4,0.0,44.9,136.73,0.0,6.22,20.0,130.51,37.28
2026-10-30 23:00,-20.9,28.7,0.0,30.7,132.88,0.0,27.45,20.0,105.43,30.88
2026-10-31 00:00,-15.9,20.7,0.0,38.9,118.24,0.0,5.14,20.0,113.1,32.84
2026-10-31 01:00,-21.6,24.6,0.0,28.0,127.4,0.0,13.07,20.0,114.33,33.15
2026-10-31 02:00,-29.3,22.7,0.0,34.2,156.55,0.0,8.6,20.0,147.95,41.73
2026-10-31 03:00,-21.4,19.3,0.0,38.3,134.91,0.0,3.38,20.0,131.53,37.54
2026-10-31 04:00,-23.4,17.8,0.0,30.3,141.75,0.0,1.99,20.0,139.76,39.64
2026-10-31 05:00,-27.4,37.5,0.0,32.2,145.18,0.0,87.31,20.0,57.87,18.76
2026-10-31 06:00,-21.6,18.2,0.0,39.1,140.05,0.0,2.31,20.0,137.74,39.12
2026-10-31 07:00,-25.8,17.7,68.26,32.2,143.2,12.8,1.92,20.0,128.48,36.76
2026-10-31 08:00,-20.1,27.8,90.97,83.2,158.32,17.06,23.68,20.0,117.58,33.98
2026-10-31 09:00,-24.4,20.7,236.33,69.0,162.15,44.31,5.14,20.0,112.7,32.74
2026-10-31 10:00,-24.2,21.3,167.65,65.2,165.59,31.43,6.06,20.0,128.1,36.67
2026-10-31 11:00,-26.9,44.5,337.1,88.3,190.53,63.21,172.4,30.4,0.0,0.0
2026-10-31 12:00,-23.6,26.9,351.41,71.2,169.96,65.89,20.26,20.0,42.34,14.8
2026-10-31 13:00,-23.4,21.6,329.35,80.7,174.27,61.75,6.55,20.0,105.97,31.02
2026-10-31 14:00,-16.5,16.7,271.74,81.2,157.23,50.95,1.26,20.0,105.02,30.78
2026-10-31 15:00,-21.8,19.5,263.46,92.4,175.25,49.4,3.6,20.0,122.25,35.17
2026-10-31 16:00,-18.4,19.5,78.44,80.9,157.35,14.71,3.6,20.0,139.04,39.46
2026-10-31 17:00,-22.2,16.7,26.37,81.3,171.7,4.94,1.26,20.0,165.5,46.2
2026-10-31 18:00,-15.1,30.6,0.0,73.4,149.09,0.0,36.7,20.0,112.39,32.66
2026-10-31 19:00,-19.8,30.1,0.0,68.9,160.17,0.0,34.09,20.0,126.08,36.15
2026-10-31 20:00,-20.1,19.4,0.0,26.7,125.08,0.0,3.49,20.0,121.59,35.01
2026-10-31 21:00,-21.5,26.8,0.0,41.6,139.25,0.0,19.91,20.0,119.34,34.43
2026-10-31 22:00,-27.0,32.2,0.0,33.0,158.06,0.0,45.93,20.0,112.13,32.59
2026-10-31 23:00,-25.6,16.1,0.0,25.4,145.5,0.0,0.95,20.0,144.55,40.86
2026-11-01 00:00,-4.8,19.6,100.0,30.6,77.64,18.75,3.71,20.0,55.18,18.07
2026-11-01 01:00,-10.2,16.1,100.0,31.4,94.45,18.75,0.95,20.0,74.75,23.06
2026-11-01 02:00,-8.0,17.2,100.0,27.2,82.38,18.75,1.57,20.0,62.06,19.83
2026-11-01 03:00,-8.2,15.5,59.8,29.5,96.39,11.21,0.7,20.0,84.48,25.54
2026-11-01 04:00,-16.0,16.0,55.76,33.1,113.51,10.46,0.91,20.0,102.14,30.05
2026-11-01 05:00,-13.4,21.8,13.9,34.7,107.48,2.61,6.9,20.0,97.97,28.98
2026-11-01 06:00,-19.0,25.3,100.0,25.5,122.73,18.75,15.04,20.0,88.94,26.68
2026-11-01 07:00,-12.9,27.0,268.23,27.8,97.22,50.29,20.63,20.0,26.3,10.71
2026-11-01 08:00,-11.5,16.0,344.59,92.5,146.19,64.61,0.91,20.0,80.67,24.57
2026-11-01 09:00,-13.2,21.0,266.96,74.6,142.76,50.06,5.59,20.0,87.11,26.21
2026-11-01 10:00,-9.0,16.2,662.92,75.0,124.97,124.3,1.0,20.1,0.0,0.0
2026-11-01 11:00,-9.9,17.8,727.85,82.4,130.65,136.47,1.99,21.9,0.0,0.0
2026-11-01 12:00,-11.4,21.1,750.0,66.3,122.75,140.62,5.74,27.3,0.0,0.0
2026-11-01 13:00,-6.4,21.8,727.85,68.1,110.28,136.47,6.9,34.9,0.0,0.0
2026-11-01 14:00,-6.9,19.2,552.85,93.3,124.84,103.66,3.27,30.0,0.0,0.0
2026-11-01 15:00,-5.9,25.9,559.62,87.0,120.57,104.93,16.88,30.3,0.0,0.0
2026-11-01 16:00,-10.7,18.6,281.37,77.2,139.73,52.76,2.67,20.0,42.97,14.96
2026-11-01 17:00,-11.5,14.4,268.23,92.7,144.17,50.29,0.36,20.0,93.52,27.85
2026-11-01 18:00,-8.2,15.8,100.0,77.2,119.36,18.75,0.82,20.0,99.79,29.45
2026-11-01 19:00,-6.7,24.7,100.0,68.1,110.14,18.75,13.34,20.0,78.05,23.9
2026-11-01 20:00,-2.9,18.4,100.0,30.4,80.93,18.75,2.49,20.0,59.69,19.22
2026-11-01 21:00,-11.4,17.3,100.0,40.3,103.4,18.75,1.63,20.0,83.02,25.17
2026-11-01 22:00,-5.2,30.1,100.0,33.7,78.83,18.75,34.09,20.0,25.99,10.63
2026-11-01 23:00,-10.0,22.3,100.0,40.6,102.05,18.75,7.81,20.0,75.49,23.25
2026-11-02 00:00,-12.8,17.8,100.0,32.7,107.71,18.75,1.99,20.0,86.97,26.18
2026-11-02 01:00,-18.6,20.6,100.0,30.0,123.58,18.75,5.0,20.0,99.83,29.46
2026-11-02 02:00,-8.2,24.5,100.0,27.5,89.49,18.75,12.8,20.0,57.94,18.77
2026-11-02 03:00,-7.4,30.4,100.0,41.6,94.81,18.75,35.64,20.0,40.42,14.31
2026-11-02 04:00,-11.6,18.7,100.0,29.7,95.87,18.75,2.76,20.0,74.36,22.96
2026-11-02 05:00,-11.8,16.7,100.0,38.3,108.34,18.75,1.26,20.0,88.33,26.52
2026-11-02 06:00,-13.2,36.4,100.0,34.4,100.58,18.75,77.25,20.0,4.58,5.17
2026-11-02 07:00,-15.0,13.1,268.23,42.0,118.93,50.29,0.13,20.0,68.51,21.47
2026-11-02 08:00,-12.2,14.2,425.0,80.5,146.52,79.69,0.31,20.0,66.52,20.96
2026-11-02 09:00,-11.5,14.2,559.62,84.8,130.83,104.93,0.31,20.0,25.59,10.53
2026-11-02 10:00,-6.7,16.5,662.92,91.2,128.32,124.3,1.15,20.0,2.87,4.73
2026-11-02 11:00,-11.3,22.9,727.85,92.1,146.72,136.47,9.01,20.0,1.24,4.32
2026-11-02 12:00,-10.9,19.2,750.0,78.4,137.15,140.62,3.27,21.6,0.0,0.0
2026-11-02 13:00,-9.5,24.2,727.85,87.4,135.13,136.47,12.02,24.6,0.0,0.0
2026-11-02 14:00,-13.1,13.8,662.92,65.2,127.93,124.3,0.23,23.7,0.0,0.0
2026-11-02 15:00,-11.2,12.4,559.62,75.1,134.4,104.93,0.06,20.0,14.61,7.73
2026-11-02 16:00,-13.8,14.9,425.0,92.2,150.92,79.69,0.49,20.0,70.74,22.04
2026-11-02 17:00,-6.6,14.8,268.23,89.5,132.27,50.29,0.46,20.0,81.52,24.79
2026-11-02 18:00,-8.8,15.6,100.0,69.4,125.57,18.75,0.74,20.0,106.08,31.05
2026-11-02 19:00,-6.0,18.0,100.0,73.9,115.48,18.75,2.15,20.0,94.58,28.12
2026-11-02 20:00,-4.3,14.7,59.92,39.5,84.05,11.24,0.44,20.0,72.37,22.45
2026-11-02 21:00,-6.3,12.2,100.0,39.6,86.68,18.75,0.04,20.0,67.89,21.31
2026-11-02 22:00,-7.3,20.2,86.64,39.6,97.7,16.25,4.46,20.0,76.99,23.63
2026-11-02 23:00,-7.6,11.2,100.0,43.2,92.24,18.75,0.01,20.0,73.48,22.74
2026-11-03 00:00,-10.7,26.3,100.0,43.5,100.02,18.75,18.18,20.0,63.09,20.09
2026-11-03 01:00,-8.1,18.1,100.0,40.6,101.08,18.75,2.23,20.0,80.1,24.43
2026-11-03 02:00,-15.9,11.8,100.0,27.1,111.56,18.75,0.02,20.0,92.79,27.66
2026-11-03 03:00,-13.2,17.7,100.0,36.8,109.83,18.75,1.92,20.0,89.16,26.74
2026-11-03 04:00,-13.4,18.5,60.11,31.2,111.14,11.27,2.58,20.0,97.29,28.81
2026-11-03 05:00,-10.3,12.5,100.0,43.4,105.59,18.75,0.07,20.0,86.77,26.13
2026-11-03 06:00,-12.8,14.1,100.0,32.8,100.02,18.75,0.29,20.0,80.98,24.65
2026-11-03 07:00,-18.9,30.8,168.71,25.2,125.73,31.63,37.78,20.0,56.32,18.36
2026-11-03 08:00,-16.9,26.0,205.61,81.9,159.79,38.55,17.2,20.0,104.04,30.53
2026-11-03 09:00,-16.3,11.3,559.62,89.2,163.69,104.93,0.01,20.0,58.75,18.98
2026-11-03 10:00,-11.2,14.1,662.92,82.8,141.22,124.3,0.29,20.0,16.63,8.24
2026-11-03 11:00,-9.2,12.0,727.85,93.3,140.65,136.47,0.03,20.0,4.15,5.06
2026-11-03 12:00,-12.4,10.8,750.0,82.2,142.25,140.62,0.0,20.0,1.63,4.42
2026-11-03 13:00,-9.5,16.1,727.85,75.5,120.41,136.47,0.95,23.9,0.0,0.0
2026-11-03 14:00,-12.0,21.4,662.92,88.4,141.45,124.3,6.22,20.9,0.0,0.0
2026-11-03 15:00,-9.4,14.7,489.8,92.5,142.56,91.84,0.44,20.0,46.51,15.86
2026-11-03 16:00,-7.1,49.2,425.0,90.5,122.59,79.69,180.0,38.4,0.0,0.0
2026-11-03 17:00,-7.2,27.5,268.23,66.2,110.74,50.29,22.5,28.1,0.0,0.0
2026-11-03 18:00,-4.6,29.9,100.0,80.0,110.21,18.75,33.08,20.0,26.03,10.64
2026-11-03 19:00,-8.3,21.8,100.0,88.3,129.31,18.75,6.9,20.0,103.66,30.43
2026-11-03 20:00,-6.2,13.7,13.13,28.3,84.22,2.46,0.21,20.0,81.55,24.8
2026-11-03 21:00,-7.4,12.7,89.08,41.6,91.39,16.7,0.08,20.0,74.61,23.03
2026-11-03 22:00,-6.8,16.4,100.0,42.2,99.57,18.75,1.1,20.0,79.72,24.33
2026-11-03 23:00,-9.4,11.7,100.0,34.1,98.71,18.75,0.02,20.0,79.94,24.38
2026-11-04 00:00,-4.6,16.8,100.0,42.8,86.71,18.75,1.32,20.0,66.64,20.99
2026-11-04 01:00,-10.7,26.4,100.0,26.1,91.47,18.75,18.52,20.0,54.2,17.82
2026-11-04 02:00,-10.4,16.2,100.0,25.4,88.59,18.75,1.0,20.0,68.84,21.55
2026-11-04 03:00,-6.6,24.3,100.0,38.7,87.03,18.75,12.28,20.0,56.0,18.28
2026-11-04 04:00,-9.7,13.4,100.0,32.1,92.44,18.75,0.17,20.0,73.52,22.75
2026-11-04 05:00,-10.6,12.9,88.05,44.1,108.88,16.51,0.1,20.0,92.27,27.53
2026-11-04 06:00,-14.5,34.6,29.26,36.5,112.7,5.49,62.5,20.0,44.71,15.4
2026-11-04 07:00,-16.2,15.6,268.23,27.0,118.53,50.29,0.74,20.0,67.5,21.21
2026-11-04 08:00,-11.5,13.6,425.0,82.0,147.57,79.69,0.2,20.0,67.68,21.26
2026-11-04 09:00,-12.8,10.6,559.62,70.1,133.59,104.93,0.0,20.0,28.66,11.31
2026-11-04 10:00,-13.1,20.7,662.92,73.2,130.86,124.3,5.14,20.0,1.42,4.36
2026-11-04 11:00,-12.4,22.7,727.85,69.7,132.59,136.47,8.6,22.9,0.0,0.0
2026-11-04 12:00,-15.9,28.7,750.0,66.5,138.73,140.62,27.45,29.6,0.0,0.0
2026-11-04 13:00,-12.6,20.6,727.85,79.1,139.27,136.47,5.0,30.1,0.0,0.0
2026-11-04 14:00,-10.5,12.4,504.84,71.0,117.75,94.66,0.06,23.9,0.0,0.0
2026-11-04 15:00,-9.5,10.1,559.62,65.3,120.44,104.93,0.0,20.0,0.04,4.01
2026-11-04 16:00,-6.8,14.2,425.0,90.1,129.43,79.69,0.31,20.0,49.43,16.6
2026-11-04 17:00,-6.5,16.6,268.23,72.9,116.55,50.29,1.21,20.0,65.05,20.59
2026-11-04 18:00,-8.2,15.2,100.0,84.5,128.56,18.75,0.59,20.0,109.22,31.85
2026-11-04 19:00,-3.0,11.4,100.0,77.9,118.26,18.75,0.01,20.0,99.5,29.37
2026-11-04 20:00,-12.8,11.1,80.74,25.7,95.05,15.14,0.01,20.0,79.9,24.37
2026-11-04 21:00,-9.2,11.3,100.0,36.9,100.49,18.75,0.01,20.0,81.73,24.84
2026-11-04 22:00,-2.6,21.0,100.0,40.7,82.77,18.75,5.59,20.0,58.43,18.9
2026-11-04 23:00,-11.5,12.6,100.0,26.8,98.91,18.75,0.07,20.0,80.09,24.42
2026-11-05 00:00,-8.8,31.1,100.0,28.3,88.69,18.75,39.44,20.0,30.5,11.78
2026-11-05 01:00,-15.3,18.3,100.0,33.4,116.06,18.75,2.4,20.0,94.91,28.2
2026-11-05 02:00,-15.4,19.8,44.52,38.1,119.78,8.35,3.95,20.0,107.48,31.41
2026-11-05 03:00,-8.4,33.1,100.0,27.7,80.74,18.75,51.75,20.0,10.24,6.61
2026-11-05 04:00,-9.6,17.6,53.44,41.6,101.04,10.02,1.84,20.0,89.18,26.74
2026-11-05 05:00,-9.3,30.7,100.0,41.8,95.84,18.75,37.24,20.0,39.85,14.16
2026-11-05 06:00,-11.6,17.0,100.0,28.9,89.83,18.75,1.44,20.0,69.64,21.76
2026-11-05 07:00,-10.0,24.8,268.23,43.7,107.39,50.29,13.61,20.0,43.49,15.09
2026-11-05 08:00,-11.3,35.5,425.0,73.2,133.57,79.69,69.61,23.6,0.0,0.0
2026-11-05 09:00,-11.2,24.2,559.62,86.8,140.73,104.93,12.02,20.0,9.31,6.37
2026-11-05 10:00,-9.5,21.5,662.92,85.3,135.93,124.3,6.39,20.0,5.24,5.34
2026-11-05 11:00,-12.6,36.4,727.85,83.2,150.15,136.47,77.25,34.6,0.0,0.0
2026-11-05 12:00,-8.6,13.4,750.0,75.4,117.96,140.62,0.17,39.9,0.0,0.0
2026-11-05 13:00,-11.6,11.0,410.13,81.7,134.81,76.9,0.0,24.1,0.0,0.0
2026-11-05 14:00,-9.3,10.9,662.92,74.0,128.64,124.3,0.0,23.0,0.0,0.0
2026-11-05 15:00,-8.8,29.6,559.62,75.5,115.39,104.93,31.61,27.8,0.0,0.0
2026-11-05 16:00,-10.4,11.1,425.0,70.4,128.94,79.69,0.01,20.0,17.96,8.58
2026-11-05 17:00,-7.4,11.7,227.09,85.2,120.61,42.58,0.02,20.0,78.01,23.89
2026-11-05 18:00,-10.0,24.9,100.0,87.9,135.65,18.75,13.89,20.0,103.01,30.27
2026-11-05 19:00,-7.7,11.7,100.0,66.8,117.27,18.75,0.02,20.0,98.5,29.12
2026-11-05 20:00,-7.3,10.8,100.0,33.9,84.34,18.75,0.0,20.0,65.59,20.73
2026-11-05 21:00,-3.2,14.1,100.0,31.8,74.48,18.75,0.29,20.0,55.44,18.14
2026-11-05 22:00,0.2,18.5,67.51,25.5,75.98,12.66,2.58,20.0,60.74,19.49
2026-11-05 23:00,-12.1,11.2,100.0,31.0,106.61,18.75,0.01,20.0,87.85,26.4
2026-11-06 00:00,-7.7,16.7,100.0,36.5,87.03,18.75,1.26,20.0,67.02,21.09
2026-11-06 01:00,-4.8,12.9,100.0,32.9,78.96,18.75,0.1,20.0,60.11,19.33
2026-11-06 02:00,-12.7,11.1,25.2,30.4,100.01,4.72,0.01,20.0,95.28,28.3
2026-11-06 03:00,-11.9,11.1,100.0,40.1,103.11,18.75,0.01,20.0,84.35,25.51
2026-11-06 04:00,-13.6,25.6,42.91,43.9,117.89,8.05,15.94,20.0,93.9,27.94
2026-11-06 05:00,-8.5,14.0,100.0,34.5,95.41,18.75,0.27,20.0,76.39,23.48
2026-11-06 06:00,-6.0,31.0,100.0,35.8,88.97,18.75,38.88,20.0,31.34,11.99
2026-11-06 07:00,-7.3,11.3,268.23,34.8,87.85,50.29,0.01,20.0,37.55,13.58
2026-11-06 08:00,-18.8,24.4,425.0,78.4,158.61,79.69,12.54,20.0,66.38,20.93
2026-11-06 09:00,-11.2,12.7,559.62,79.2,135.96,104.93,0.08,20.0,30.95,11.89
2026-11-06 10:00,-8.2,13.5,662.92,68.5,113.3,124.3,0.18,22.6,0.0,0.0
2026-11-06 11:00,-5.8,22.8,727.85,85.9,123.65,136.47,8.8,27.5,0.0,0.0
2026-11-06 12:00,-17.0,37.7,208.74,78.2,155.9,39.14,89.23,20.1,0.0,0.0
2026-11-06 13:00,-10.9,16.3,520.6,80.8,141.75,97.61,1.05,20.0,42.84,14.92
2026-11-06 14:00,-10.9,12.2,662.92,85.5,143.43,124.3,0.04,20.0,19.09,8.87
2026-11-06 15:00,-8.4,13.0,559.62,83.1,129.93,104.93,0.11,20.0,24.89,10.35
2026-11-06 16:00,-7.0,13.9,425.0,72.1,126.48,79.69,0.25,20.0,46.54,15.87
2026-11-06 17:00,-7.8,33.9,30.83,94.9,141.2,5.78,57.31,20.0,78.11,23.92
2026-11-06 18:00,-10.0,13.8,100.0,68.0,111.96,18.75,0.23,20.0,92.98,27.71
2026-11-06 19:00,-9.4,16.4,100.0,81.6,133.47,18.75,1.1,20.0,113.62,32.97
2026-11-06 20:00,-7.0,12.4,21.09,38.1,89.52,3.95,0.06,20.0,85.51,25.81
2026-11-06 21:00,-9.5,27.6,100.0,28.3,81.43,18.75,22.89,20.0,39.79,14.15
2026-11-06 22:00,-15.6,19.1,100.0,43.4,122.89,18.75,3.16,20.0,100.98,29.75
2026-11-06 23:00,-10.8,33.3,28.4,33.0,96.31,5.32,53.11,20.0,37.88,13.66
2026-11-07 00:00,-8.6,13.4,100.0,33.8,97.53,18.75,0.17,20.0,78.61,24.05
2026-11-07 01:00,-6.7,13.5,100.0,31.1,89.11,18.75,0.18,20.0,70.18,21.9
2026-11-07 02:00,-7.9,13.9,80.42,36.0,99.57,15.08,0.25,20.0,84.24,25.48
2026-11-07 03:00,-6.8,14.6,60.47,33.3,84.95,11.34,0.41,20.0,73.2,22.67
2026-11-07 04:00,-8.8,15.5,100.0,26.1,86.77,18.75,0.7,20.0,67.32,21.17
2026-11-07 05:00,-10.0,42.6,27.37,35.7,88.64,5.13,145.45,34.2,0.0,0.0
2026-11-07 06:00,-10.9,26.5,100.0,28.4,95.48,18.75,18.86,20.0,0.89,4.23
2026-11-07 07:00,-9.2,17.6,207.31,37.8,101.97,38.87,1.84,20.0,61.26,19.62
2026-11-07 08:00,-14.8,27.8,84.26,85.4,147.94,15.8,23.68,20.0,108.46,31.66
2026-11-07 09:00,-10.8,32.8,559.62,67.3,127.33,104.93,49.76,26.3,0.0,0.0
2026-11-07 10:00,-15.0,16.4,662.92,77.6,147.87,124.3,1.1,20.2,0.0,0.0
2026-11-07 11:00,-20.2,15.4,360.19,92.7,172.01,67.54,0.66,20.0,103.06,30.28
2026-11-07 12:00,-14.7,18.0,750.0,92.1,155.99,140.62,2.15,20.0,13.22,7.37
2026-11-07 13:00,-12.0,16.7,283.43,84.3,137.16,53.14,1.26,20.0,82.76,25.1
2026-11-07 14:00,-7.7,16.0,662.92,88.5,134.06,124.3,0.91,20.0,8.85,6.26
2026-11-07 15:00,-6.9,21.1,323.86,80.6,122.31,60.72,5.74,20.0,55.85,18.24
2026-11-07 16:00,-1.2,20.3,425.0,84.6,111.3,79.69,4.59,20.0,27.02,10.89
2026-11-07 17:00,-6.3,22.5,268.23,90.7,125.46,50.29,8.2,20.0,66.97,21.08
2026-11-07 18:00,-3.7,17.9,100.0,89.4,125.6,18.75,2.07,20.0,104.78,30.72
2026-11-07 19:00,-2.5,20.3,100.0,83.9,123.59,18.75,4.59,20.0,100.25,29.56
2026-11-07 20:00,-10.8,19.1,100.0,31.7,102.35,18.75,3.16,20.0,80.44,24.51
2026-11-07 21:00,-4.3,19.6,100.0,31.5,80.18,18.75,3.71,20.0,57.72,18.72
2026-11-07 22:00,-11.0,18.7,100.0,36.3,106.7,18.75,2.76,20.0,85.19,25.72
2026-11-07 23:00,-9.5,18.1,100.0,26.0,87.5,18.75,2.23,20.0,66.52,20.96
2026-11-08 00:00,-10.0,17.2,100.0,37.6,94.67,18.75,1.57,20.0,74.35,22.96
2026-11-08 01:00,-3.4,15.0,60.66,27.5,77.63,11.37,0.52,20.0,65.74,20.76
2026-11-08 02:00,-10.8,21.0,100.0,27.3,92.26,18.75,5.59,20.0,67.92,21.32
2026-11-08 03:00,-9.6,33.6,78.34,35.6,98.06,14.69,55.18,20.0,28.19,11.19
2026-11-08 04:00,-11.2,62.1,14.1,42.6,105.15,2.64,180.0,37.8,0.0,0.0
2026-11-08 05:00,-16.3,25.8,100.0,31.8,108.92,18.75,16.56,20.0,2.32,4.59
2026-11-08 06:00,-13.0,16.0,100.0,40.8,117.75,18.75,0.91,20.0,98.09,29.01
2026-11-08 07:00,-6.3,21.1,268.23,38.0,87.16,50.29,5.74,20.0,31.13,11.94
2026-11-08 08:00,-9.1,21.6,251.09,70.2,127.07,47.08,6.55,20.0,73.44,22.73
2026-11-08 09:00,-14.4,19.9,559.62,87.8,157.94,104.93,4.07,20.0,48.94,16.48
2026-11-08 10:00,-12.5,19.6,662.92,75.2,143.49,124.3,3.71,20.0,15.48,7.95
2026-11-08 11:00,-14.9,20.5,727.85,85.2,144.14,136.47,4.86,20.0,2.81,4.72
2026-11-08 12:00,-9.6,17.7,750.0,73.3,129.4,140.62,1.92,23.0,0.0,0.0
2026-11-08 13:00,-10.2,42.0,727.85,87.4,133.94,136.47,137.57,41.4,0.0,0.0
2026-11-08 14:00,-12.4,27.0,662.92,88.4,141.21,124.3,20.63,42.3,0.0,0.0
2026-11-08 15:00,-9.6,16.9,559.62,81.1,130.89,104.93,1.38,35.6,0.0,0.0
2026-11-08 16:00,-10.2,41.1,425.0,89.9,138.08,79.69,126.28,51.2,0.0,0.0
2026-11-08 17:00,-7.1,19.8,268.23,91.1,133.08,50.29,3.95,29.8,0.0,0.0
2026-11-08 18:00,-8.1,22.4,100.0,73.7,124.95,18.75,8.0,20.0,59.04,19.06
2026-11-08 19:00,-5.7,24.3,100.0,69.4,109.67,18.75,12.28,20.0,78.64,24.05
2026-11-08 20:00,-8.7,20.1,100.0,41.0,101.57,18.75,4.33,20.0,78.49,24.01
2026-11-08 21:00,-8.7,28.6,69.84,43.1,94.52,13.1,27.02,20.0,54.4,17.87
2026-11-08 22:00,-10.4,47.0,50.92,25.1,85.39,9.55,180.0,38.4,0.0,0.0
2026-11-08 23:00,-8.8,19.5,100.0,39.6,98.62,18.75,3.6,20.0,2.67,4.68
2026-11-09 00:00,-8.2,21.2,47.77,41.1,97.21,8.96,5.9,20.0,82.35,25.0
2026-11-09 01:00,-11.9,33.6,100.0,43.5,108.75,18.75,55.18,20.0,34.82,12.88
2026-11-09 02:00,-6.3,19.9,100.0,31.0,72.95,18.75,4.07,20.0,50.13,16.78
2026-11-09 03:00,-4.3,39.3,100.0,39.8,80.76,18.75,105.6,30.0,0.0,0.0
2026-11-09 04:00,-6.3,20.9,34.64,44.8,97.56,6.5,5.44,20.0,45.52,15.61
2026-11-09 05:00,-12.0,21.4,100.0,43.5,104.01,18.75,6.22,20.0,79.04,24.16
2026-11-09 06:00,-6.9,19.0,100.0,40.1,86.12,18.75,3.06,20.0,64.31,20.4
2026-11-09 07:00,-12.1,28.0,128.54,43.5,112.54,24.1,24.48,20.0,63.96,20.31
2026-11-09 08:00,-13.7,29.1,425.0,93.9,153.04,79.69,29.25,20.0,44.1,15.25
2026-11-09 09:00,-11.7,29.2,559.62,65.0,116.74,104.93,29.71,24.1,0.0,0.0
2026-11-09 10:00,-15.3,27.8,536.36,69.1,140.24,100.57,23.68,20.0,0.0,0.0
2026-11-09 11:00,-11.2,22.1,727.85,89.9,138.91,136.47,7.44,21.2,0.0,0.0
2026-11-09 12:00,-13.7,20.8,674.08,82.9,144.56,126.39,5.29,20.0,8.28,6.11
2026-11-09 13:00,-10.9,25.4,727.85,73.0,126.34,136.47,15.33,25.9,0.0,0.0
2026-11-09 14:00,-12.0,20.5,151.73,91.4,144.03,28.45,4.86,20.0,87.3,26.26
2026-11-09 15:00,-11.0,27.7,559.62,92.8,150.43,104.93,23.28,20.0,22.22,9.67
2026-11-09 16:00,-9.2,23.2,65.96,85.2,137.1,12.37,9.66,20.0,115.07,33.34
2026-11-09 17:00,-10.3,23.7,47.02,91.2,142.9,8.82,10.8,20.0,123.28,35.44
2026-11-09 18:00,-7.8,32.5,100.0,80.9,121.59,18.75,47.82,20.0,55.02,18.03
2026-11-09 19:00,-5.2,28.8,100.0,86.9,120.41,18.75,27.9,20.0,73.76,22.81
2026-11-09 20:00,-13.0,21.5,17.26,29.1,107.27,3.24,6.39,20.0,97.64,28.9
2026-11-09 21:00,-11.0,20.8,22.92,34.2,95.91,4.3,5.29,20.0,86.32,26.01
2026-11-09 22:00,-6.8,27.8,11.77,39.3,87.88,2.21,23.68,20.0,61.99,19.81
2026-11-09 23:00,-8.5,28.3,100.0,26.8,91.92,18.75,25.73,20.0,47.44,16.1
2026-11-10 00:00,-10.9,21.7,100.0,36.9,104.38,18.75,6.72,20.0,78.91,24.12
2026-11-10 01:00,-4.6,26.6,100.0,34.9,86.93,18.75,19.2,20.0,48.98,16.49
2026-11-10 02:00,-14.3,37.6,52.71,25.5,106.79,9.88,88.27,20.0,8.64,6.2
2026-11-10 03:00,-6.3,24.9,100.0,39.4,82.27,18.75,13.89,20.0,49.63,16.66
2026-11-10 04:00,-7.7,23.8,100.0,26.1,81.88,18.75,11.03,20.0,52.1,17.29
2026-11-10 05:00,-11.3,23.9,100.0,33.2,97.28,18.75,11.27,20.0,67.26,21.15
2026-11-10 06:00,-12.1,40.6,25.91,44.5,118.36,4.86,120.29,21.6,0.0,0.0
2026-11-10 07:00,-7.8,25.0,268.23,29.5,88.19,50.29,14.17,20.0,17.48,8.46
2026-11-10 08:00,-16.0,22.3,189.59,73.7,146.87,35.55,7.81,20.0,103.51,30.4
2026-11-10 09:00,-9.7,26.9,473.88,84.6,131.49,88.85,20.26,20.0,22.38,9.71
2026-11-10 10:00,-17.8,22.8,662.92,69.2,148.44,124.3,8.8,20.0,15.34,7.91
2026-11-10 11:00,-13.3,27.1,727.85,78.2,142.74,136.47,20.99,23.4,0.0,0.0
2026-11-10 12:00,-11.1,23.2,750.0,89.1,138.94,140.62,9.66,26.0,0.0,0.0
2026-11-10 13:00,-6.7,24.9,727.85,73.0,109.89,136.47,13.89,35.3,0.0,0.0
2026-11-10 14:00,-11.8,29.6,662.92,71.0,132.49,124.3,31.61,40.7,0.0,0.0
2026-11-10 15:00,-7.3,29.1,559.62,86.6,122.32,104.93,29.25,43.4,0.0,0.0
2026-11-10 16:00,-9.7,26.1,425.0,87.4,133.69,79.69,17.52,33.5,0.0,0.0
2026-11-10 17:00,-7.1,33.2,268.23,76.7,114.33,50.29,52.42,30.3,0.0,0.0
2026-11-10 18:00,-4.9,24.2,100.0,85.0,125.07,18.75,12.02,20.0,52.92,17.49
2026-11-10 19:00,-9.8,26.1,100.0,81.3,133.73,18.75,17.52,20.0,97.46,28.85
2026-11-10 20:00,-3.2,30.5,100.0,39.2,81.77,18.75,36.17,20.0,26.85,10.85
2026-11-10 21:00,-8.5,24.3,100.0,29.7,95.38,18.75,12.28,20.0,64.35,20.41
2026-11-10 22:00,-13.7,59.2,100.0,42.4,112.69,18.75,180.0,38.4,0.0,0.0
2026-11-10 23:00,-10.1,30.9,50.09,32.9,99.24,9.39,38.33,24.4,0.0,0.0
2026-11-11 00:00,-8.4,25.2,100.0,39.4,92.38,18.75,14.74,20.0,41.29,14.53
2026-11-11 01:00,-4.3,27.3,22.97,43.4,86.72,4.31,21.74,20.0,60.67,19.47
2026-11-11 02:00,-10.3,25.1,18.3,37.4,102.2,3.43,14.45,20.0,84.32,25.5
2026-11-11 03:00,-14.6,34.5,100.0,30.8,112.48,18.75,61.74,20.0,31.99,12.16
2026-11-11 04:00,-20.3,36.5,100.0,42.3,144.72,18.75,78.13,20.0,47.84,16.2
2026-11-11 05:00,-16.2,28.3,100.0,39.9,110.66,18.75,25.73,20.0,66.18,20.88
2026-11-11 06:00,-11.4,27.2,100.0,28.3,99.38,18.75,21.36,20.0,59.27,19.11
2026-11-11 07:00,-15.6,27.1,268.23,44.6,115.44,50.29,20.99,20.0,44.16,15.26
2026-11-11 08:00,-17.5,29.5,425.0,79.9,151.68,79.69,31.13,20.0,40.86,14.42
2026-11-11 09:00,-6.9,40.7,559.62,91.6,134.44,104.93,121.47,38.4,0.0,0.0
2026-11-11 10:00,-11.7,28.2,108.16,87.7,149.59,20.28,25.31,20.0,30.4,11.75
2026-11-11 11:00,-15.3,29.6,460.11,86.7,154.96,86.27,31.61,20.0,37.08,13.46
2026-11-11 12:00,-7.5,29.5,750.0,67.3,116.14,140.62,31.13,32.8,0.0,0.0
2026-11-11 13:00,-6.3,40.0,155.37,90.9,123.75,29.13,113.35,37.1,0.0,0.0
2026-11-11 14:00,-6.4,33.1,662.92,82.4,120.95,124.3,51.75,49.8,0.0,0.0
2026-11-11 15:00,-10.4,30.3,559.62,75.3,119.54,104.93,35.12,54.5,0.0,0.0
2026-11-11 16:00,-11.1,34.0,156.81,92.3,138.59,29.4,58.04,40.6,0.0,0.0
2026-11-11 17:00,-9.0,30.9,207.56,76.5,118.94,38.92,38.33,29.3,0.0,0.0
2026-11-11 18:00,-2.8,31.0,100.0,74.3,105.1,18.75,38.88,20.0,10.43,6.66
2026-11-11 19:00,-6.3,56.5,100.0,90.0,131.73,18.75,180.0,35.4,0.0,0.0
2026-11-11 20:00,-5.2,37.8,100.0,34.3,76.79,18.75,90.2,42.8,0.0,0.0
2026-11-11 21:00,-12.4,50.1,100.0,37.6,108.38,18.75,180.0,61.2,0.0,0.0
2026-11-11 22:00,-5.7,37.6,100.0,36.9,81.23,18.75,88.27,67.1,0.0,0.0
2026-11-11 23:00,-13.2,50.0,100.0,34.6,112.09,18.75,180.0,85.5,0.0,0.0
2026-11-12 00:00,-11.4,31.6,100.0,37.2,101.94,18.75,42.31,74.4,0.0,0.0
2026-11-12 01:00,-8.5,31.0,100.0,31.2,93.49,18.75,38.88,64.7,0.0,0.0
2026-11-12 02:00,-10.2,29.4,100.0,25.4,89.87,18.75,30.65,53.7,0.0,0.0
2026-11-12 03:00,-14.6,28.8,31.93,39.9,115.7,5.99,27.9,31.5,0.0,0.0
2026-11-12 04:00,-11.0,28.7,100.0,33.7,97.98,18.75,27.45,20.0,5.93,5.51
2026-11-12 05:00,-11.7,35.5,100.0,38.3,107.33,18.75,69.61,20.0,18.97,8.84
2026-11-12 06:00,-13.1,32.6,58.63,41.5,118.26,10.99,48.46,20.0,58.81,19.0
2026-11-12 07:00,-6.6,29.7,56.39,43.6,94.61,10.57,32.1,20.0,51.94,17.24
2026-11-12 08:00,-15.7,31.6,425.0,68.6,142.63,79.69,42.31,20.0,20.63,9.26
2026-11-12 09:00,-8.6,35.4,559.62,72.3,120.63,104.93,68.8,32.2,0.0,0.0
2026-11-12 10:00,-15.8,62.7,662.92,88.4,163.29,124.3,180.0,50.6,0.0,0.0
2026-11-12 11:00,-13.7,36.7,79.91,78.4,144.0,14.98,79.91,37.3,0.0,0.0
2026-11-12 12:00,-11.6,30.0,750.0,66.2,121.39,140.62,33.59,49.4,0.0,0.0
2026-11-12 13:00,-12.7,30.3,727.85,69.7,131.73,136.47,35.12,58.6,0.0,0.0
2026-11-12 14:00,-8.5,37.5,277.71,93.4,139.49,52.07,87.31,58.6,0.0,0.0
2026-11-12 15:00,-6.0,36.6,559.62,72.4,111.96,104.93,79.02,75.1,0.0,0.0
2026-11-12 16:00,-4.8,37.2,425.0,79.2,120.93,79.69,84.48,85.1,0.0,0.0
2026-11-12 17:00,-9.3,30.9,168.31,65.9,119.22,31.56,38.33,71.7,0.0,0.0
2026-11-12 18:00,-8.1,41.8,100.0,70.8,126.39,18.75,135.0,77.9,0.0,0.0
2026-11-12 19:00,-5.9,40.7,100.0,93.6,129.1,18.75,121.47,80.5,0.0,0.0
2026-11-12 20:00,-7.2,31.8,100.0,29.3,87.21,18.75,43.49,73.7,0.0,0.0
2026-11-12 21:00,-12.8,36.8,50.49,37.7,104.6,9.47,80.81,69.8,0.0,0.0
2026-11-12 22:00,-10.9,35.9,100.0,42.0,99.62,18.75,72.94,67.7,0.0,0.0
2026-11-12 23:00,-7.2,57.8,100.0,37.9,87.54,18.75,180.0,86.1,0.0,0.0
2026-11-13 00:00,-7.4,37.4,100.0,32.5,87.13,18.75,86.36,90.2,0.0,0.0
2026-11-13 01:00,-12.6,38.1,100.0,32.1,106.38,18.75,93.15,91.5,0.0,0.0
2026-11-13 02:00,-10.7,34.3,100.0,43.6,109.31,18.75,60.24,83.2,0.0,0.0
2026-11-13 03:00,-8.3,52.1,100.0,41.6,101.79,18.75,180.0,95.0,0.0,0.0
2026-11-13 04:00,-9.2,32.1,35.17,40.9,99.09,6.59,45.32,82.2,0.0,0.0
2026-11-13 05:00,-13.5,32.6,100.0,44.8,113.14,18.75,48.46,69.7,0.0,0.0
2026-11-13 06:00,-10.8,45.6,51.68,41.9,111.95,9.69,180.0,87.6,0.0,0.0
2026-11-13 07:00,-5.9,63.0,268.23,38.7,84.33,50.29,180.0,95.0,0.0,0.0
2026-11-13 08:00,-9.8,36.3,330.18,76.4,128.42,61.91,76.37,95.0,0.0,0.0
2026-11-13 09:00,-9.8,37.0,116.2,93.2,133.98,21.79,82.63,87.0,0.0,0.0
2026-11-13 10:00,-6.9,37.6,332.83,70.7,115.32,62.41,88.27,95.0,0.0,0.0
2026-11-13 11:00,-9.8,40.5,502.38,72.1,122.39,94.2,119.12,95.0,0.0,0.0
2026-11-13 12:00,-13.6,48.1,750.0,92.9,148.68,140.62,180.0,95.0,0.0,0.0
2026-11-13 13:00,-12.5,54.1,727.85,72.3,127.7,136.47,180.0,95.0,0.0,0.0
2026-11-13 14:00,-12.7,42.5,662.92,78.0,142.41,124.3,144.12,95.0,0.0,0.0
2026-11-13 15:00,-12.2,38.3,559.62,85.4,136.66,104.93,95.15,95.0,0.0,0.0
2026-11-13 16:00,-3.9,37.2,425.0,93.0,131.18,79.69,84.48,95.0,0.0,0.0
2026-11-13 17:00,-8.3,35.2,151.68,79.5,122.04,28.44,67.18,87.8,0.0,0.0
2026-11-13 18:00,-9.3,58.2,100.0,70.9,122.86,18.75,180.0,95.0,0.0,0.0
2026-11-13 19:00,-8.1,55.6,100.0,76.7,123.54,18.75,180.0,95.0,0.0,0.0
2026-11-13 20:00,-6.2,35.7,87.71,29.5,79.28,16.45,71.26,95.0,0.0,0.0
2026-11-13 21:00,-6.4,38.9,100.0,40.8,85.95,18.75,101.34,95.0,0.0,0.0
2026-11-13 22:00,-7.3,51.7,100.0,40.9,91.61,18.75,180.0,95.0,0.0,0.0
2026-11-13 23:00,-17.8,37.7,100.0,36.6,128.38,18.75,89.23,89.5,0.0,0.0
2026-11-14 00:00,-7.1,35.7,66.07,27.4,76.03,12.39,71.26,91.2,0.0,0.0
2026-11-14 01:00,-11.1,54.3,65.5,27.7,97.06,12.28,180.0,95.0,0.0,0.0
2026-11-14 02:00,-10.9,36.3,38.19,34.8,97.66,7.16,76.37,91.2,0.0,0.0
2026-11-14 03:00,-8.0,42.8,36.23,32.2,89.75,6.79,148.15,95.0,0.0,0.0
2026-11-14 04:00,-6.9,34.9,24.99,39.0,90.78,4.69,64.81,89.2,0.0,0.0
2026-11-14 05:00,-13.4,62.3,100.0,42.8,110.86,18.75,180.0,95.0,0.0,0.0
2026-11-14 06:00,-13.1,42.3,100.0,42.3,109.21,18.75,141.47,95.0,0.0,0.0
2026-11-14 07:00,-15.6,35.9,188.01,36.9,117.76,35.25,72.94,92.4,0.0,0.0
2026-11-14 08:00,-13.9,35.7,425.0,77.7,145.32,79.69,71.26,93.7,0.0,0.0
2026-11-14 09:00,-19.1,38.9,412.14,82.9,160.44,77.28,101.34,95.0,0.0,0.0
2026-11-14 10:00,-9.5,36.8,662.92,72.7,131.38,124.3,80.81,95.0,0.0,0.0
2026-11-14 11:00,-15.7,35.7,458.99,74.4,144.19,86.06,71.26,95.0,0.0,0.0
2026-11-14 12:00,-7.3,38.5,750.0,90.4,129.87,140.62,97.19,95.0,0.0,0.0
2026-11-14 13:00,-13.6,44.4,145.72,69.3,136.12,27.32,170.9,95.0,0.0,0.0
2026-11-14 14:00,-11.8,37.3,662.92,74.6,133.07,124.3,85.42,95.0,0.0,0.0
2026-11-14 15:00,-10.2,39.5,559.62,79.3,132.46,104.93,107.78,95.0,0.0,0.0
2026-11-14 16:00,-12.9,48.0,425.0,80.2,143.28,79.69,180.0,95.0,0.0,0.0
2026-11-14 17:00,-5.0,39.6,268.23,65.3,111.8,50.29,108.88,95.0,0.0,0.0
2026-11-14 18:00,-11.7,43.3,100.0,86.4,139.61,18.75,155.02,95.0,0.0,0.0
2026-11-14 19:00,-4.9,70.3,61.76,72.8,115.92,11.58,180.0,95.0,0.0,0.0
2026-11-14 20:00,-7.6,37.4,100.0,30.4,81.81,18.75,86.36,95.0,0.0,0.0
2026-11-14 21:00,-9.5,52.7,100.0,42.5,107.03,18.75,180.0,95.0,0.0,0.0
2026-11-14 22:00,-8.2,36.9,61.2,43.1,90.02,11.47,81.72,95.0,0.0,0.0
2026-11-14 23:00,-6.0,41.7,100.0,38.3,85.44,18.75,133.74,95.0,0.0,0.0
2026-11-15 00:00,-13.9,61.1,100.0,26.2,103.21,18.75,180.0,95.0,0.0,0.0
2026-11-15 01:00,-9.5,44.4,100.0,38.0,101.81,18.75,170.9,95.0,0.0,0.0
2026-11-15 02:00,-12.3,46.3,100.0,29.7,94.87,18.75,180.0,95.0,0.0,0.0
2026-11-15 03:00,-12.0,39.0,46.66,41.6,111.44,8.75,102.39,94.9,0.0,0.0
2026-11-15 04:00,-7.2,45.4,100.0,33.8,85.78,18.75,180.0,95.0,0.0,0.0
2026-11-15 05:00,-13.8,58.5,100.0,28.0,106.37,18.75,180.0,95.0,0.0,0.0
2026-11-15 06:00,-13.3,39.5,43.94,27.7,97.39,8.24,107.78,95.0,0.0,0.0
2026-11-15 07:00,-9.7,59.3,268.23,27.9,92.58,50.29,180.0,95.0,0.0,0.0
2026-11-15 08:00,-13.4,48.2,425.0,75.4,135.29,79.69,180.0,95.0,0.0,0.0
2026-11-15 09:00,-11.3,48.2,559.62,84.6,144.57,104.93,180.0,95.0,0.0,0.0
2026-11-15 10:00,-10.4,66.4,662.92,84.5,135.04,124.3,180.0,95.0,0.0,0.0
2026-11-15 11:00,-12.4,49.2,727.85,85.0,130.43,136.47,180.0,95.0,0.0,0.0
2026-11-15 12:00,-13.3,46.5,750.0,68.4,135.48,140.62,180.0,95.0,0.0,0.0
2026-11-15 13:00,-15.6,50.4,727.85,83.8,156.74,136.47,180.0,95.0,0.0,0.0
2026-11-15 14:00,-10.7,40.5,662.92,68.3,124.44,124.3,119.12,95.0,0.0,0.0
2026-11-15 15:00,-10.3,41.7,559.62,69.3,117.52,104.93,133.74,95.0,0.0,0.0
2026-11-15 16:00,-4.1,39.6,359.86,69.0,106.49,67.47,108.88,95.0,0.0,0.0
2026-11-15 17:00,-5.0,47.1,219.48,70.6,107.55,41.15,180.0,95.0,0.0,0.0
2026-11-15 18:00,-6.7,72.1,100.0,81.4,119.54,18.75,180.0,95.0,0.0,0.0
2026-11-15 19:00,-10.0,41.7,100.0,77.4,131.98,18.75,133.74,95.0,0.0,0.0
2026-11-15 20:00,-8.9,43.6,100.0,40.0,100.06,18.75,159.25,95.0,0.0,0.0
2026-11-15 21:00,-11.1,44.8,100.0,40.4,104.99,18.75,176.93,95.0,0.0,0.0
2026-11-15 22:00,-9.1,40.3,100.0,34.3,97.51,18.75,116.79,95.0,0.0,0.0
2026-11-15 23:00,-4.7,42.2,15.51,26.4,69.54,2.91,140.16,95.0,0.0,0.0
2026-11-16 00:00,-8.5,39.7,100.0,38.6,93.03,18.75,109.99,95.0,0.0,0.0
2026-11-16 01:00,-10.0,64.2,100.0,44.7,102.66,18.75,180.0,95.0,0.0,0.0
2026-11-16 02:00,-4.4,43.7,100.0,43.5,95.27,18.75,160.68,95.0,0.0,0.0
2026-11-16 03:00,-12.1,44.3,71.16,31.0,94.37,13.34,169.41,95.0,0.0,0.0
2026-11-16 04:00,-11.8,40.8,100.0,29.8,98.31,18.75,122.66,95.0,0.0,0.0
2026-11-16 05:00,-9.8,42.0,100.0,43.1,90.57,18.75,137.57,95.0,0.0,0.0
2026-11-16 06:00,-12.9,43.6,100.0,32.1,99.58,18.75,159.25,95.0,0.0,0.0
2026-11-16 07:00,-15.8,44.9,268.23,30.2,113.27,50.29,178.46,95.0,0.0,0.0
2026-11-16 08:00,-13.7,44.0,425.0,90.3,155.05,79.69,165.01,95.0,0.0,0.0
2026-11-16 09:00,-7.9,43.7,559.62,89.9,139.01,104.93,160.68,95.0,0.0,0.0
2026-11-16 10:00,-11.7,49.6,313.07,85.0,127.73,58.7,180.0,95.0,0.0,0.0
2026-11-16 11:00,-9.4,53.4,727.85,74.0,119.25,136.47,180.0,95.0,0.0,0.0
2026-11-16 12:00,-11.5,45.5,750.0,88.7,139.65,140.62,180.0,95.0,0.0,0.0
2026-11-16 13:00,-16.0,42.4,727.85,88.4,154.38,136.47,142.79,95.0,0.0,0.0
2026-11-16 14:00,-7.8,58.0,662.92,83.8,129.2,124.3,180.0,95.0,0.0,0.0
2026-11-16 15:00,-8.0,56.5,559.62,78.9,123.5,104.93,180.0,95.0,0.0,0.0
2026-11-16 16:00,-7.9,55.1,322.3,91.8,135.71,60.43,180.0,95.0,0.0,0.0
2026-11-16 17:00,-8.5,44.2,268.23,88.8,133.62,50.29,167.94,95.0,0.0,0.0
2026-11-16 18:00,-8.5,43.3,100.0,66.0,119.25,18.75,155.02,95.0,0.0,0.0
2026-11-16 19:00,-10.4,44.6,100.0,71.6,130.26,18.75,173.9,95.0,0.0,0.0
2026-11-16 20:00,-10.1,40.0,14.84,42.1,108.83,2.78,113.35,95.0,0.0,0.0
2026-11-16 21:00,-3.0,48.2,100.0,39.6,87.3,18.75,180.0,95.0,0.0,0.0
2026-11-16 22:00,-11.8,58.4,57.13,44.4,107.32,10.71,180.0,95.0,0.0,0.0
2026-11-16 23:00,-9.0,48.6,100.0,28.5,87.76,18.75,180.0,95.0,0.0,0.0
2026-11-17 00:00,-9.2,49.4,83.84,44.1,98.34,15.72,180.0,95.0,0.0,0.0
2026-11-17 01:00,-9.6,67.4,100.0,44.4,98.71,18.75,180.0,95.0,0.0,0.0
2026-11-17 02:00,-8.1,50.5,100.0,44.4,97.13,18.75,180.0,95.0,0.0,0.0
2026-11-17 03:00,-9.5,64.9,27.21,44.2,107.4,5.1,180.0,95.0,0.0,0.0
2026-11-17 04:00,-11.4,56.8,100.0,41.3,101.49,18.75,180.0,95.0,0.0,0.0
2026-11-17 05:00,-9.7,60.8,59.45,31.4,89.2,11.15,180.0,95.0,0.0,0.0
2026-11-17 06:00,-11.9,44.6,41.59,43.3,101.74,7.8,173.9,95.0,0.0,0.0
2026-11-17 07:00,-10.2,93.4,268.23,38.0,98.18,50.29,0.0,82.0,0.0,0.0
2026-11-17 08:00,-12.6,49.5,425.0,90.5,143.5,79.69,180.0,95.0,0.0,0.0
2026-11-17 09:00,-17.2,42.3,559.62,74.1,148.03,104.93,141.47,95.0,0.0,0.0
2026-11-17 10:00,-12.3,41.6,662.92,94.0,147.86,124.3,132.47,95.0,0.0,0.0
2026-11-17 11:00,-12.6,53.3,727.85,77.4,138.69,136.47,180.0,95.0,0.0,0.0
2026-11-17 12:00,-8.9,83.9,750.0,88.4,136.88,140.62,180.0,95.0,0.0,0.0
2026-11-17 13:00,-12.2,41.1,727.85,88.6,136.77,136.47,126.28,95.0,0.0,0.0
2026-11-17 14:00,-9.6,45.9,662.92,67.1,122.5,124.3,180.0,95.0,0.0,0.0
2026-11-17 15:00,-5.5,47.9,559.62,93.8,125.55,104.93,180.0,95.0,0.0,0.0
2026-11-17 16:00,-15.5,46.2,425.0,73.1,147.88,79.69,180.0,95.0,0.0,0.0
2026-11-17 17:00,-10.3,50.9,268.23,86.2,137.45,50.29,180.0,95.0,0.0,0.0
2026-11-17 18:00,-8.0,41.2,44.07,84.4,125.05,8.26,127.51,95.0,0.0,0.0
2026-11-17 19:00,-9.7,40.0,100.0,93.8,139.53,18.75,113.35,93.0,0.0,0.0
2026-11-17 20:00,-6.7,60.5,54.44,42.1,91.32,10.21,180.0,95.0,0.0,0.0
2026-11-17 21:00,-13.2,48.3,100.0,41.1,109.21,18.75,180.0,95.0,0.0,0.0
2026-11-17 22:00,-10.1,50.3,59.25,41.1,98.69,11.11,180.0,95.0,0.0,0.0
2026-11-17 23:00,-6.5,43.9,100.0,36.3,83.07,18.75,163.56,95.0,0.0,0.0
2026-11-18 00:00,-6.8,42.6,100.0,35.8,89.97,18.75,145.45,95.0,0.0,0.0
2026-11-18 01:00,-8.6,42.8,100.0,28.2,88.61,18.75,148.15,95.0,0.0,0.0
2026-11-18 02:00,-12.5,49.1,100.0,38.6,108.57,18.75,180.0,95.0,0.0,0.0
2026-11-18 03:00,-11.5,58.5,100.0,25.7,98.76,18.75,180.0,95.0,0.0,0.0
2026-11-18 04:00,-6.1,40.2,100.0,36.3,79.38,18.75,115.63,95.0,0.0,0.0
2026-11-18 05:00,-11.5,47.0,100.0,43.9,112.73,18.75,180.0,95.0,0.0,0.0
2026-11-18 06:00,-5.7,41.7,45.06,26.8,75.98,8.45,133.74,95.0,0.0,0.0
2026-11-18 07:00,-14.6,41.0,268.23,29.4,111.09,50.29,125.07,95.0,0.0,0.0
2026-11-18 08:00,-7.9,42.9,425.0,92.0,137.03,79.69,149.51,95.0,0.0,0.0
2026-11-18 09:00,-10.4,70.8,559.62,84.8,135.96,104.93,180.0,95.0,0.0,0.0
2026-11-18 10:00,-15.5,46.3,353.47,83.2,146.43,66.28,180.0,95.0,0.0,0.0
2026-11-18 11:00,-12.3,42.3,727.85,65.2,131.16,136.47,141.47,95.0,0.0,0.0
2026-11-18 12:00,-7.9,53.0,569.59,93.0,135.61,106.8,180.0,95.0,0.0,0.0
2026-11-18 13:00,-13.4,66.6,727.85,94.6,153.33,136.47,180.0,95.0,0.0,0.0
2026-11-18 14:00,-18.6,42.4,307.13,80.8,158.51,57.59,142.79,95.0,0.0,0.0
2026-11-18 15:00,-9.4,60.6,559.62,86.7,134.64,104.93,180.0,95.0,0.0,0.0
2026-11-18 16:00,-11.0,40.2,425.0,85.9,141.86,79.69,115.63,95.0,0.0,0.0
2026-11-18 17:00,-6.1,48.7,268.23,79.4,114.63,50.29,180.0,95.0,0.0,0.0
2026-11-18 18:00,-9.7,42.4,64.37,94.2,139.44,12.07,142.79,95.0,0.0,0.0
2026-11-18 19:00,-3.1,45.9,70.83,65.1,104.28,13.28,180.0,95.0,0.0,0.0
2026-11-18 20:00,-12.0,41.3,100.0,30.5,102.83,18.75,128.74,95.0,0.0,0.0
2026-11-18 21:00,-6.2,43.8,100.0,32.1,80.02,18.75,162.11,95.0,0.0,0.0
2026-11-18 22:00,-5.1,43.0,50.49,42.2,85.8,9.47,150.87,95.0,0.0,0.0
2026-11-18 23:00,-6.8,42.0,100.0,27.9,76.58,18.75,137.57,95.0,0.0,0.0
2026-11-19 00:00,-6.3,53.8,100.0,42.2,87.29,18.75,180.0,95.0,0.0,0.0
2026-11-19 01:00,-12.9,47.0,100.0,42.7,115.1,18.75,180.0,95.0,0.0,0.0
2026-11-19 02:00,-7.7,51.0,100.0,44.9,101.57,18.75,180.0,95.0,0.0,0.0
2026-11-19 03:00,-15.4,67.2,38.13,43.0,124.93,7.15,180.0,95.0,0.0,0.0
2026-11-19 04:00,-10.9,41.3,100.0,36.6,101.68,18.75,128.74,95.0,0.0,0.0
2026-11-19 05:00,-13.5,48.9,100.0,33.1,112.29,18.75,180.0,95.0,0.0,0.0
2026-11-19 06:00,-12.1,47.9,100.0,27.5,96.31,18.75,180.0,95.0,0.0,0.0
2026-11-19 07:00,-15.6,43.1,268.23,40.1,120.19,50.29,152.25,95.0,0.0,0.0
2026-11-19 08:00,-13.3,46.8,425.0,90.4,156.21,79.69,180.0,95.0,0.0,0.0
2026-11-19 09:00,-5.6,39.4,201.33,93.4,126.4,37.75,106.69,95.0,0.0,0.0
2026-11-19 10:00,-9.9,39.8,662.92,66.2,119.37,124.3,111.1,95.0,0.0,0.0
2026-11-19 11:00,-7.7,39.3,727.85,76.5,118.65,136.47,105.6,95.0,0.0,0.0
2026-11-19 12:00,-13.8,43.5,750.0,89.6,153.35,140.62,157.83,95.0,0.0,0.0
2026-11-19 13:00,-5.2,47.9,493.55,91.2,116.95,92.54,180.0,95.0,0.0,0.0
2026-11-19 14:00,-11.1,49.5,560.02,89.4,142.87,105.0,180.0,95.0,0.0,0.0
2026-11-19 15:00,-2.9,38.5,470.0,82.2,117.16,88.12,97.19,95.0,0.0,0.0
2026-11-19 16:00,-3.9,38.6,425.0,72.1,105.83,79.69,98.21,95.0,0.0,0.0
2026-11-19 17:00,-7.9,61.7,54.67,90.0,129.38,10.25,180.0,95.0,0.0,0.0
2026-11-19 18:00,-5.9,42.7,70.28,75.5,114.15,13.18,146.8,95.0,0.0,0.0
2026-11-19 19:00,-9.3,56.4,100.0,66.4,110.01,18.75,180.0,95.0,0.0,0.0
2026-11-19 20:00,-10.2,42.4,46.34,40.1,93.29,8.69,142.79,95.0,0.0,0.0
2026-11-19 21:00,-6.0,41.2,49.32,36.7,88.73,9.25,127.51,95.0,0.0,0.0
2026-11-19 22:00,-8.0,77.2,100.0,37.7,91.64,18.75,180.0,95.0,0.0,0.0
2026-11-19 23:00,-10.6,42.0,100.0,28.9,91.9,18.75,137.57,95.0,0.0,0.0
2026-11-20 00:00,-4.9,39.0,100.0,25.9,67.95,18.75,102.39,95.0,0.0,0.0
2026-11-20 01:00,-11.8,43.9,100.0,34.1,99.91,18.75,163.56,95.0,0.0,0.0
2026-11-20 02:00,-9.9,38.4,100.0,30.9,98.94,18.75,96.17,95.0,0.0,0.0
2026-11-20 03:00,-12.8,43.0,88.16,34.6,103.84,16.53,150.87,95.0,0.0,0.0
2026-11-20 04:00,-15.9,38.4,100.0,36.4,117.87,18.75,96.17,94.2,0.0,0.0
2026-11-20 05:00,-13.4,40.2,21.02,42.1,120.51,3.94,115.63,93.9,0.0,0.0
2026-11-20 06:00,-16.4,38.0,100.0,36.9,127.51,18.75,92.16,89.4,0.0,0.0
2026-11-20 07:00,-11.9,37.3,268.23,29.2,95.82,50.29,85.42,95.0,0.0,0.0
2026-11-20 08:00,-11.2,38.6,55.4,77.5,133.55,10.39,98.21,88.2,0.0,0.0
2026-11-20 09:00,-6.0,41.2,559.62,69.5,106.79,104.93,127.51,95.0,0.0,0.0
2026-11-20 10:00,-14.7,52.0,662.92,87.3,154.68,124.3,180.0,95.0,0.0,0.0
2026-11-20 11:00,-13.7,44.1,727.85,89.3,146.12,136.47,166.47,95.0,0.0,0.0
2026-11-20 12:00,-13.3,38.4,750.0,81.4,137.14,140.62,96.17,95.0,0.0,0.0
2026-11-20 13:00,-10.1,40.2,727.85,75.3,119.84,136.47,115.63,95.0,0.0,0.0
2026-11-20 14:00,-16.8,38.3,662.92,65.4,148.41,124.3,95.15,95.0,0.0,0.0
2026-11-20 15:00,-9.6,38.5,559.62,77.6,125.7,104.93,97.19,95.0,0.0,0.0
2026-11-20 16:00,-3.5,41.6,425.0,66.9,106.36,79.69,132.47,95.0,0.0,0.0
2026-11-20 17:00,-9.3,36.6,268.23,74.8,119.26,50.29,79.02,95.0,0.0,0.0
2026-11-20 18:00,-7.3,36.8,17.2,69.5,115.16,3.22,80.81,86.5,0.0,0.0
2026-11-20 19:00,-8.6,50.3,100.0,72.6,118.03,18.75,180.0,95.0,0.0,0.0
2026-11-20 20:00,-9.5,39.5,100.0,30.9,93.72,18.75,107.78,95.0,0.0,0.0
2026-11-20 21:00,-10.2,57.0,51.16,31.4,96.59,9.59,180.0,95.0,0.0,0.0
2026-11-20 22:00,-0.2,36.8,86.37,32.8,91.32,16.19,80.81,95.0,0.0,0.0
2026-11-20 23:00,-7.5,40.0,20.81,35.9,92.34,3.9,113.35,95.0,0.0,0.0
2026-11-21 00:00,-10.9,39.4,100.0,43.3,102.61,18.75,106.69,95.0,0.0,0.0
2026-11-21 01:00,-13.1,46.1,100.0,36.2,108.42,18.75,180.0,95.0,0.0,0.0
2026-11-21 02:00,-8.2,42.0,100.0,41.5,97.27,18.75,137.57,95.0,0.0,0.0
2026-11-21 03:00,-12.2,36.6,100.0,31.7,99.07,18.75,79.02,94.6,0.0,0.0
2026-11-21 04:00,-8.6,36.7,100.0,31.8,91.7,18.75,79.91,95.0,0.0,0.0
2026-11-21 05:00,-12.5,39.7,100.0,42.9,113.0,18.75,109.99,95.0,0.0,0.0
2026-11-21 06:00,-5.1,37.0,100.0,44.8,84.51,18.75,82.63,95.0,0.0,0.0
2026-11-21 07:00,-14.5,37.8,268.23,27.1,109.88,50.29,90.2,95.0,0.0,0.0
2026-11-21 08:00,-14.3,36.7,425.0,72.5,137.37,79.69,79.91,95.0,0.0,0.0
2026-11-21 09:00,-14.5,40.7,559.62,88.6,151.1,104.93,121.47,95.0,0.0,0.0
2026-11-21 10:00,-12.1,40.3,662.92,80.6,143.49,124.3,116.79,95.0,0.0,0.0
2026-11-21 11:00,-8.5,34.7,727.85,82.7,122.42,136.47,63.26,95.0,0.0,0.0
2026-11-21 12:00,-13.2,34.9,288.8,67.7,129.4,54.15,64.81,92.2,0.0,0.0
2026-11-21 13:00,-10.8,35.4,727.85,80.1,127.68,136.47,68.8,95.0,0.0,0.0
2026-11-21 14:00,-7.1,48.0,662.92,94.6,130.55,124.3,180.0,95.0,0.0,0.0
2026-11-21 15:00,-9.1,41.0,559.62,91.9,141.01,104.93,125.07,95.0,0.0,0.0
2026-11-21 16:00,-9.2,41.4,289.62,89.9,127.17,54.3,129.97,95.0,0.0,0.0
2026-11-21 17:00,-11.6,34.0,268.23,92.7,138.31,50.29,58.04,86.9,0.0,0.0
2026-11-21 18:00,-4.8,37.8,100.0,89.0,122.63,18.75,90.2,83.1,0.0,0.0
2026-11-21 19:00,-2.5,37.7,14.79,81.4,112.94,2.77,89.23,77.4,0.0,0.0
2026-11-21 20:00,-8.3,33.4,100.0,28.0,82.11,18.75,53.79,74.8,0.0,0.0
2026-11-21 21:00,-10.9,44.4,100.0,32.5,99.18,18.75,170.9,93.2,0.0,0.0
2026-11-21 22:00,-6.5,39.7,41.01,32.7,81.92,7.69,109.99,95.0,0.0,0.0
2026-11-21 23:00,-9.5,33.1,100.0,35.0,91.91,18.75,51.75,89.2,0.0,0.0
2026-11-22 00:00,-12.8,43.9,73.63,31.5,102.75,13.81,163.56,95.0,0.0,0.0
2026-11-22 01:00,-9.5,33.4,100.0,40.7,94.94,18.75,53.79,88.9,0.0,0.0
2026-11-22 02:00,-10.1,37.1,100.0,40.2,106.85,18.75,83.56,87.7,0.0,0.0
2026-11-22 03:00,-7.4,37.3,100.0,28.6,76.57,18.75,85.42,94.0,0.0,0.0
2026-11-22 04:00,-14.4,46.0,100.0,33.4,107.63,18.75,180.0,95.0,0.0,0.0
2026-11-22 05:00,-5.1,39.2,100.0,25.7,79.11,18.75,104.52,95.0,0.0,0.0
2026-11-22 06:00,-14.7,43.6,25.59,36.7,111.39,4.8,159.25,95.0,0.0,0.0
2026-11-22 07:00,-13.4,37.5,167.03,31.1,102.71,31.32,87.31,95.0,0.0,0.0
2026-11-22 08:00,-11.4,35.0,425.0,88.0,143.75,79.69,65.6,95.0,0.0,0.0
2026-11-22 09:00,-15.3,33.8,559.62,93.3,155.1,104.93,56.6,95.0,0.0,0.0
2026-11-22 10:00,-13.4,32.9,662.92,91.7,152.66,124.3,50.42,95.0,0.0,0.0
2026-11-22 11:00,-12.2,32.6,727.85,85.5,145.33,136.47,48.46,95.0,0.0,0.0
2026-11-22 12:00,-13.9,35.1,103.42,71.6,135.38,19.39,66.39,81.5,0.0,0.0
2026-11-22 13:00,-8.7,35.6,727.85,68.6,122.87,136.47,70.43,95.0,0.0,0.0
2026-11-22 14:00,-7.4,42.6,209.68,94.5,128.23,39.32,145.45,95.0,0.0,0.0
2026-11-22 15:00,-13.0,37.7,465.05,65.5,128.78,87.2,89.23,95.0,0.0,0.0
2026-11-22 16:00,-15.9,34.2,425.0,89.9,155.04,79.69,59.5,90.7,0.0,0.0
2026-11-22 17:00,-8.5,33.0,268.23,68.7,120.57,50.29,51.08,85.5,0.0,0.0
2026-11-22 18:00,-8.9,47.2,100.0,80.8,129.65,18.75,180.0,95.0,0.0,0.0
2026-11-22 19:00,-6.7,30.4,100.0,77.0,127.02,18.75,35.64,75.3,0.0,0.0
2026-11-22 20:00,-6.4,32.2,54.43,30.1,81.34,10.21,45.93,68.4,0.0,0.0
2026-11-22 21:00,-7.5,39.0,100.0,44.5,100.27,18.75,102.39,73.2,0.0,0.0
2026-11-22 22:00,-5.8,31.8,23.81,31.5,84.35,4.46,43.49,63.3,0.0,0.0
2026-11-22 23:00,-6.2,46.6,29.07,26.5,74.89,5.45,180.0,81.7,0.0,0.0
2026-11-23 00:00,-3.9,74.0,100.0,38.7,87.94,18.75,180.0,95.0,0.0,0.0
2026-11-23 01:00,-9.0,32.8,100.0,26.9,84.9,18.75,49.76,90.5,0.0,0.0
2026-11-23 02:00,-7.7,29.9,100.0,35.8,91.89,18.75,33.08,79.7,0.0,0.0
2026-11-23 03:00,-8.9,49.9,100.0,25.8,94.7,18.75,180.0,95.0,0.0,0.0
2026-11-23 04:00,-10.8,44.2,100.0,43.2,100.46,18.75,167.94,95.0,0.0,0.0
2026-11-23 05:00,-13.6,28.8,100.0,42.1,117.5,18.75,27.9,75.7,0.0,0.0
2026-11-23 06:00,-14.2,42.0,100.0,33.1,108.48,18.75,137.57,86.8,0.0,0.0
2026-11-23 07:00,-12.2,40.1,268.23,43.1,103.43,50.29,114.49,95.0,0.0,0.0
2026-11-23 08:00,-11.9,43.1,187.59,92.2,145.06,35.17,152.25,95.0,0.0,0.0
2026-11-23 09:00,-9.4,37.5,559.62,84.4,135.52,104.93,87.31,95.0,0.0,0.0
2026-11-23 10:00,-11.7,31.3,662.92,67.6,127.11,124.3,40.57,95.0,0.0,0.0
2026-11-23 11:00,-14.5,35.6,197.29,93.3,155.67,36.99,70.43,81.9,0.0,0.0
2026-11-23 12:00,-11.5,65.1,203.72,67.1,114.63,38.2,180.0,95.0,0.0,0.0
2026-11-23 13:00,-12.6,49.4,727.85,82.7,140.48,136.47,180.0,95.0,0.0,0.0
2026-11-23 14:00,-8.0,31.9,193.78,82.2,128.33,36.33,44.1,82.0,0.0,0.0
2026-11-23 15:00,-3.5,39.5,435.04,65.7,101.66,81.57,107.78,95.0,0.0,0.0
2026-11-23 16:00,-6.7,42.6,425.0,68.4,107.33,79.69,145.45,95.0,0.0,0.0
2026-11-23 17:00,-10.9,30.4,224.29,87.8,133.93,42.05,35.64,79.7,0.0,0.0
2026-11-23 18:00,-7.5,33.3,100.0,82.4,116.8,18.75,53.11,67.5,0.0,0.0
2026-11-23 19:00,-8.7,34.5,100.0,67.3,116.51,18.75,61.74,57.7,0.0,0.0
2026-11-23 20:00,-3.6,26.8,100.0,34.2,87.63,18.75,19.91,44.4,0.0,0.0
2026-11-23 21:00,-2.6,29.0,100.0,33.7,81.59,18.75,28.8,35.2,0.0,0.0
2026-11-23 22:00,-8.0,32.1,83.8,35.6,95.24,15.71,45.32,25.9,0.0,0.0
2026-11-23 23:00,-10.9,29.9,77.2,30.8,95.0,14.47,33.08,20.0,23.99,10.12
2026-11-24 00:00,-9.4,30.5,31.27,36.9,95.29,5.86,36.17,20.0,53.26,17.58
2026-11-24 01:00,-13.6,32.6,100.0,33.2,107.35,18.75,48.46,20.0,40.14,14.24
2026-11-24 02:00,-3.7,26.6,43.26,28.1,70.92,8.11,19.2,20.0,43.61,15.12
2026-11-24 03:00,-12.5,39.2,31.87,44.8,113.76,5.98,104.52,20.0,3.26,4.83
2026-11-24 04:00,-20.0,43.3,100.0,25.2,123.03,18.75,155.02,31.7,0.0,0.0
2026-11-24 05:00,-15.3,27.1,100.0,29.8,116.5,18.75,20.99,20.0,30.08,11.67
2026-11-24 06:00,-17.6,27.5,15.29,35.1,124.03,2.87,22.5,20.0,98.66,29.16
2026-11-24 07:00,-11.0,34.4,159.46,33.6,104.7,29.9,60.99,20.0,13.81,7.52
2026-11-24 08:00,-8.7,27.7,213.16,71.9,131.36,39.97,23.28,20.0,68.11,21.37
2026-11-24 09:00,-15.4,28.5,559.62,92.6,161.8,104.93,26.58,20.0,30.29,11.72
2026-11-24 10:00,-11.1,30.1,662.92,72.1,122.08,124.3,34.09,28.4,0.0,0.0
2026-11-24 11:00,-12.2,26.8,727.85,94.9,148.77,136.47,19.91,30.1,0.0,0.0
2026-11-24 12:00,-10.8,32.9,750.0,69.7,130.24,140.62,50.42,44.1,0.0,0.0
2026-11-24 13:00,-7.5,24.3,727.85,80.2,123.26,136.47,12.28,49.9,0.0,0.0
2026-11-24 14:00,-3.5,34.7,662.92,69.2,104.0,124.3,63.26,68.3,0.0,0.0
2026-11-24 15:00,-9.1,27.2,559.62,77.8,126.45,104.93,21.36,68.3,0.0,0.0
2026-11-24 16:00,-6.2,28.7,425.0,83.4,117.27,79.69,27.45,65.6,0.0,0.0
2026-11-24 17:00,-9.1,32.2,268.23,88.9,136.55,50.29,45.93,54.6,0.0,0.0
2026-11-24 18:00,-8.9,24.4,100.0,65.1,111.96,18.75,12.54,32.7,0.0,0.0
2026-11-24 19:00,-5.5,27.1,100.0,90.0,119.62,18.75,20.99,20.0,29.19,11.44
2026-11-24 20:00,-4.3,31.0,100.0,29.6,84.0,18.75,38.88,20.0,26.37,10.72
2026-11-24 21:00,-7.2,27.7,100.0,40.2,89.86,18.75,23.28,20.0,47.83,16.2
2026-11-24 22:00,-11.7,30.2,100.0,42.0,106.92,18.75,34.6,20.0,53.57,17.66
2026-11-24 23:00,-11.1,27.2,85.54,44.9,105.33,16.04,21.36,20.0,67.93,21.32
2026-11-25 00:00,-4.1,34.7,100.0,41.9,82.73,18.75,63.26,20.0,0.72,4.18
2026-11-25 01:00,-12.3,31.0,76.9,41.7,116.4,14.42,38.88,20.0,63.1,20.09
2026-11-25 02:00,-13.0,28.4,100.0,26.0,94.92,18.75,26.15,20.0,50.02,16.76
2026-11-25 03:00,-11.5,28.8,21.11,30.7,97.44,3.96,27.9,20.0,65.58,20.72
2026-11-25 04:00,-10.5,37.8,100.0,40.6,107.52,18.75,90.2,20.3,0.0,0.0
2026-11-25 05:00,-11.3,26.0,15.15,35.3,104.37,2.84,17.2,20.0,83.01,25.17
2026-11-25 06:00,-9.4,24.5,84.33,34.3,98.01,15.81,12.8,20.0,69.4,21.7
2026-11-25 07:00,-13.7,21.6,195.47,27.6,104.29,36.65,6.55,20.0,61.09,19.58
2026-11-25 08:00,-10.4,30.6,425.0,73.8,127.86,79.69,36.7,20.0,11.47,6.92
2026-11-25 09:00,-12.8,29.5,559.62,82.0,146.17,104.93,31.13,20.0,10.11,6.58
2026-11-25 10:00,-12.6,24.4,662.92,85.2,140.99,124.3,12.54,20.0,4.15,5.06
2026-11-25 11:00,-11.7,29.7,727.85,68.4,109.88,136.47,32.1,33.5,0.0,0.0
2026-11-25 12:00,-13.9,27.4,386.28,82.9,146.4,72.43,22.12,20.0,0.0,0.0
2026-11-25 13:00,-8.2,58.4,100.87,70.7,118.01,18.91,180.0,38.4,0.0,0.0
2026-11-25 14:00,-11.5,46.0,143.85,85.9,143.26,26.97,180.0,53.1,0.0,0.0
2026-11-25 15:00,-12.2,29.3,559.62,91.9,143.84,104.93,30.18,50.7,0.0,0.0
2026-11-25 16:00,-11.0,32.5,326.33,74.7,132.9,61.19,47.82,44.2,0.0,0.0
2026-11-25 17:00,-11.2,28.4,107.65,68.3,122.89,20.18,26.15,23.4,0.0,0.0
2026-11-25 18:00,-8.2,22.0,33.55,77.6,123.23,6.29,7.25,20.0,96.15,28.52
2026-11-25 19:00,-4.6,24.2,100.0,73.7,107.41,18.75,12.02,20.0,76.64,23.54
2026-11-25 20:00,-13.0,27.4,100.0,44.8,116.2,18.75,22.12,20.0,75.33,23.21
2026-11-25 21:00,-8.8,24.0,100.0,25.8,84.88,18.75,11.52,20.0,54.61,17.93
2026-11-25 22:00,-3.9,20.5,100.0,26.6,72.27,18.75,4.86,20.0,48.66,16.41
2026-11-25 23:00,-8.1,29.8,100.0,29.8,84.26,18.75,32.59,20.0,32.92,12.39
2026-11-26 00:00,-7.9,28.7,100.0,29.0,84.96,18.75,27.45,20.0,38.76,13.88
2026-11-26 01:00,-9.8,37.0,66.69,26.8,94.83,12.5,82.63,20.1,0.0,0.0
2026-11-26 02:00,-9.1,21.5,100.0,36.9,97.17,18.75,6.39,20.0,71.75,22.3
2026-11-26 03:00,-10.3,21.1,100.0,27.9,90.5,18.75,5.74,20.0,66.01,20.83
2026-11-26 04:00,-9.1,19.8,19.71,29.3,91.34,3.7,3.95,20.0,83.69,25.34
2026-11-26 05:00,-2.0,24.7,100.0,44.0,93.25,18.75,13.34,20.0,61.16,19.6
2026-11-26 06:00,-14.5,21.8,100.0,26.8,108.52,18.75,6.9,20.0,82.87,25.13
2026-11-26 07:00,-14.8,18.8,268.23,40.2,110.84,50.29,2.86,20.0,57.69,18.71
2026-11-26 08:00,-11.8,20.2,326.7,84.7,150.92,61.26,4.46,20.0,85.2,25.73
2026-11-26 09:00,-13.2,21.3,559.62,90.6,152.16,104.93,6.06,20.0,41.17,14.5
2026-11-26 10:00,-9.8,24.5,439.84,78.4,127.07,82.47,12.8,20.0,31.8,12.11
2026-11-26 11:00,-13.2,24.6,302.33,66.2,139.28,56.69,13.07,20.0,69.52,21.73
2026-11-26 12:00,-12.4,32.3,750.0,74.3,146.1,140.62,46.56,29.4,0.0,0.0
2026-11-26 13:00,-12.3,18.9,307.71,87.8,145.23,57.7,2.96,20.0,46.78,15.93
2026-11-26 14:00,-9.9,23.7,662.92,67.5,125.05,124.3,10.8,22.3,0.0,0.0
2026-11-26 15:00,-9.1,23.3,559.62,86.3,127.98,104.93,9.88,20.0,3.92,5.0
2026-11-26 16:00,-10.9,31.8,201.68,69.4,121.31,37.82,43.49,20.0,40.0,14.2
2026-11-26 17:00,-11.5,22.1,268.23,84.8,148.52,50.29,7.44,20.0,90.79,27.15
2026-11-26 18:00,-5.0,22.7,100.0,65.4,99.48,18.75,8.6,20.0,72.13,22.39
2026-11-26 19:00,-9.7,27.4,100.0,80.7,131.36,18.75,22.12,20.0,90.49,27.07
2026-11-26 20:00,-1.3,36.5,100.0,39.8,90.01,18.75,78.13,21.6,0.0,0.0
2026-11-26 21:00,-8.5,16.7,100.0,39.2,96.93,18.75,1.26,20.0,70.6,22.0
2026-11-26 22:00,-11.5,18.5,24.17,31.5,103.14,4.53,2.58,20.0,96.03,28.49
2026-11-26 23:00,-8.3,18.8,100.0,42.7,103.22,18.75,2.86,20.0,81.61,24.81
2026-11-27 00:00,-6.9,18.1,100.0,29.0,85.38,18.75,2.23,20.0,64.4,20.42
2026-11-27 01:00,-13.3,23.9,54.71,38.2,105.18,10.26,11.27,20.0,83.65,25.33
2026-11-27 02:00,-9.5,23.4,100.0,42.2,96.52,18.75,10.1,20.0,67.67,21.26
2026-11-27 03:00,-12.1,33.4,100.0,31.5,101.98,18.75,53.79,20.0,29.44,11.51
2026-11-27 04:00,-7.1,35.6,100.0,41.2,96.4,18.75,70.43,20.0,7.22,5.84
2026-11-27 05:00,-14.5,20.3,100.0,31.0,110.31,18.75,4.59,20.0,86.97,26.18
2026-11-27 06:00,-14.9,15.2,100.0,32.9,113.06,18.75,0.59,20.0,93.72,27.9
2026-11-27 07:00,-10.3,24.8,268.23,31.5,95.06,50.29,13.61,20.0,31.16,11.95
2026-11-27 08:00,-7.9,20.2,425.0,71.4,122.47,79.69,4.46,20.0,38.32,13.77
2026-11-27 09:00,-13.3,27.2,559.62,90.6,142.73,104.93,21.36,20.0,16.44,8.19
2026-11-27 10:00,-9.2,33.9,662.92,75.1,128.51,124.3,57.31,32.2,0.0,0.0
2026-11-27 11:00,-11.8,26.9,727.85,89.4,145.1,136.47,20.26,34.9,0.0,0.0
2026-11-27 12:00,-5.1,16.4,750.0,68.5,115.16,140.62,1.1,41.0,0.0,0.0
2026-11-27 13:00,-11.7,16.0,727.85,86.2,137.78,136.47,0.91,40.9,0.0,0.0
2026-11-27 14:00,-12.6,16.3,372.78,72.9,128.63,69.9,1.05,25.2,0.0,0.0
2026-11-27 15:00,-16.7,22.3,559.62,80.4,153.26,104.93,7.81,20.0,19.66,9.01
2026-11-27 16:00,-9.1,15.4,425.0,70.0,126.11,79.69,0.66,20.0,45.76,15.67
2026-11-27 17:00,-14.1,18.9,177.68,84.1,147.46,33.32,2.96,20.0,111.18,32.35
2026-11-27 18:00,-6.4,15.2,54.47,79.4,114.83,10.21,0.59,20.0,104.03,30.53
2026-11-27 19:00,-4.3,20.7,100.0,78.2,108.74,18.75,5.14,20.0,84.85,25.64
2026-11-27 20:00,-4.0,24.3,65.36,40.8,83.49,12.25,12.28,20.0,58.96,19.03
2026-11-27 21:00,-12.2,22.0,100.0,27.6,93.88,18.75,7.25,20.0,67.88,21.31
2026-11-27 22:00,-7.9,19.3,39.63,39.8,103.4,7.43,3.38,20.0,92.59,27.61
2026-11-27 23:00,-8.8,28.0,100.0,42.7,98.73,18.75,24.48,20.0,55.5,18.15
2026-11-28 00:00,-12.1,35.4,100.0,29.1,95.65,18.75,68.8,20.0,8.1,6.07
2026-11-28 01:00,-7.6,30.7,100.0,32.9,84.8,18.75,37.24,20.0,28.81,11.35
2026-11-28 02:00,-14.1,13.6,100.0,42.7,117.75,18.75,0.2,20.0,98.8,29.19
2026-11-28 03:00,-16.2,24.7,88.07,28.6,111.35,16.51,13.34,20.0,81.5,24.78
2026-11-28 04:00,-13.2,13.7,100.0,41.9,114.29,18.75,0.21,20.0,95.33,28.31
2026-11-28 05:00,-12.0,20.2,63.68,43.6,104.48,11.94,4.46,20.0,88.08,26.46
2026-11-28 06:00,-15.9,17.4,100.0,29.0,111.85,18.75,1.7,20.0,91.4,27.31
2026-11-28 07:00,-17.7,28.7,81.49,40.2,119.47,15.28,27.45,20.0,76.74,23.57
2026-11-28 08:00,-12.2,17.0,425.0,73.3,130.07,79.69,1.44,20.0,48.94,16.48
2026-11-28 09:00,-13.5,18.2,113.55,71.5,132.95,21.29,2.31,20.0,109.35,31.88
2026-11-28 10:00,-11.7,25.5,255.91,68.6,130.14,47.98,15.63,20.0,66.53,20.97
2026-11-28 11:00,-11.1,18.0,727.85,65.2,123.08,136.47,2.15,23.6,0.0,0.0
2026-11-28 12:00,-17.1,12.5,750.0,68.5,143.1,140.62,0.07,22.9,0.0,0.0
2026-11-28 13:00,-13.0,22.7,727.85,69.9,139.58,136.47,8.6,24.2,0.0,0.0
2026-11-28 14:00,-11.4,16.6,662.92,93.4,149.4,124.3,1.21,20.0,7.16,5.83
2026-11-28 15:00,-10.4,18.3,559.62,77.3,122.27,104.93,2.4,20.0,14.94,7.81
2026-11-28 16:00,-8.8,13.2,358.94,82.1,131.16,67.3,0.14,20.0,63.72,20.25
2026-11-28 17:00,-1.5,28.1,268.23,65.1,101.27,50.29,24.89,20.0,26.09,10.65
2026-11-28 18:00,-5.6,26.8,100.0,66.8,112.18,18.75,19.91,20.0,73.52,22.75
2026-11-28 19:00,-4.8,16.8,100.0,80.1,113.05,18.75,1.32,20.0,92.98,27.71
2026-11-28 20:00,-5.1,14.8,100.0,37.4,84.6,18.75,0.46,20.0,65.39,20.67
2026-11-28 21:00,-8.0,14.9,100.0,33.4,95.46,18.75,0.49,20.0,76.22,23.44
2026-11-28 22:00,-12.4,20.2,100.0,34.0,103.69,18.75,4.46,20.0,80.48,24.52
2026-11-28 23:00,-6.7,16.1,100.0,40.1,92.38,18.75,0.95,20.0,72.68,22.53
2026-11-29 00:00,-5.6,64.9,100.0,43.0,87.63,18.75,180.0,38.4,0.0,0.0
2026-11-29 01:00,-6.5,16.7,69.8,28.6,82.86,13.09,1.26,20.0,0.0,0.0
2026-11-29 02:00,-6.6,13.8,83.56,43.9,90.47,15.67,0.23,20.0,74.57,23.02
2026-11-29 03:00,-6.3,24.6,100.0,42.8,92.69,18.75,13.07,20.0,60.87,19.52
2026-11-29 04:00,-11.0,34.5,14.22,31.2,97.27,2.67,61.74,20.0,32.86,12.38
2026-11-29 05:00,-14.8,22.5,100.0,26.0,99.69,18.75,8.2,20.0,72.74,22.55
2026-11-29 06:00,-14.2,19.7,100.0,26.5,109.46,18.75,3.83,20.0,86.88,26.15
2026-11-29 07:00,-9.1,17.6,268.23,25.9,86.62,50.29,1.84,20.0,34.49,12.79
2026-11-29 08:00,-14.9,17.5,61.04,79.9,146.52,11.44,1.77,20.0,133.31,37.99
2026-11-29 09:00,-10.9,17.7,559.62,85.8,142.94,104.93,1.92,20.0,36.09,13.2
2026-11-29 10:00,-12.7,19.4,662.92,83.2,143.36,124.3,3.49,20.0,15.57,7.97
2026-11-29 11:00,-12.9,21.8,727.85,83.0,145.26,136.47,6.9,20.0,1.89,4.48
2026-11-29 12:00,-7.8,13.7,750.0,79.5,122.4,140.62,0.21,24.2,0.0,0.0
2026-11-29 13:00,-8.0,12.2,727.85,80.1,125.77,136.47,0.04,26.7,0.0,0.0
2026-11-29 14:00,-8.6,10.7,662.92,68.7,117.13,124.3,0.0,28.4,0.0,0.0
2026-11-29 15:00,-7.0,12.9,173.9,70.8,116.6,32.61,0.1,20.0,50.46,16.87
2026-11-29 16:00,-10.7,26.8,425.0,88.1,136.0,79.69,19.91,20.0,36.4,13.28
2026-11-29 17:00,-11.1,11.0,268.23,87.8,142.06,50.29,0.0,20.0,91.77,27.4
2026-11-29 18:00,-12.1,11.0,100.0,87.2,150.66,18.75,0.0,20.0,131.91,37.64
2026-11-29 19:00,-4.7,17.9,13.31,82.3,108.46,2.5,2.07,20.0,103.89,30.49
2026-11-29 20:00,-7.8,16.9,100.0,39.0,94.8,18.75,1.38,20.0,74.67,23.04
2026-11-29 21:00,-3.0,18.8,100.0,36.7,76.89,18.75,2.86,20.0,55.28,18.1
2026-11-29 22:00,-4.8,26.6,100.0,40.0,85.06,18.75,19.2,20.0,47.11,16.01
2026-11-29 23:00,-8.6,11.2,100.0,41.3,92.73,18.75,0.01,20.0,73.97,22.86
2026-11-30 00:00,-6.7,28.1,100.0,40.1,92.78,18.75,24.89,20.0,49.14,16.53
2026-11-30 01:00,-14.3,11.8,100.0,27.6,109.09,18.75,0.02,20.0,90.32,27.03
2026-11-30 02:00,-12.5,39.8,100.0,32.3,105.57,18.75,111.1,25.6,0.0,0.0
2026-11-30 03:00,-7.0,12.2,100.0,41.6,91.11,18.75,0.04,20.0,49.98,16.74
2026-11-30 04:00,-13.4,27.8,100.0,27.6,105.32,18.75,23.68,20.0,62.89,20.04
2026-11-30 05:00,-8.6,13.2,100.0,42.5,103.56,18.75,0.14,20.0,84.67,25.59
2026-11-30 06:00,-8.3,33.6,50.82,42.9,105.71,9.53,55.18,20.0,41.0,14.46
2026-11-30 07:00,-13.7,13.4,268.23,34.5,109.3,50.29,0.17,20.0,58.84,19.0
2026-11-30 08:00,-10.9,10.8,154.22,81.5,134.07,28.92,0.0,20.0,105.15,30.81
2026-11-30 09:00,-15.3,15.3,559.62,83.3,149.18,104.93,0.63,20.0,43.62,15.12
2026-11-30 10:00,-18.7,11.2,662.92,72.4,156.49,124.3,0.01,20.0,32.18,12.21
2026-11-30 11:00,-7.1,19.8,727.85,94.0,129.88,136.47,3.95,22.4,0.0,0.0
2026-11-30 12:00,-10.8,28.4,750.0,85.6,133.1,140.62,26.15,30.2,0.0,0.0
2026-11-30 13:00,-8.2,20.7,727.85,94.8,136.24,136.47,5.14,31.4,0.0,0.0
2026-11-30 14:00,-10.5,12.1,285.96,72.2,133.18,53.62,0.04,20.0,33.91,12.65
2026-11-30 15:00,-7.5,16.9,559.62,77.3,120.98,104.93,1.38,20.0,14.67,7.74
2026-11-30 16:00,-7.0,25.1,425.0,77.0,114.79,79.69,14.45,20.0,20.65,9.27
2026-11-30 17:00,-9.1,13.5,268.23,86.9,133.83,50.29,0.18,20.0,83.36,25.26
2026-11-30 18:00,-11.3,23.5,100.0,65.9,128.23,18.75,10.33,20.0,99.15,29.28
2026-11-30 19:00,-6.5,22.7,100.0,91.5,127.65,18.75,8.6,20.0,100.3,29.58
2026-11-30 20:00,-6.6,14.1,100.0,44.9,94.92,18.75,0.29,20.0,75.88,23.35
2026-11-30 21:00,-6.5,33.0,87.93,33.4,86.72,16.49,51.08,20.0,19.15,8.88
2026-11-30 22:00,-5.3,20.1,27.03,42.0,90.26,5.07,4.33,20.0,80.86,24.62
2026-11-30 23:00,-9.0,11.3,100.0,37.9,96.32,18.75,0.01,20.0,77.56,23.78
2026-12-01 00:00,-10.6,13.4,100.0,39.3,99.46,18.75,0.17,20.0,80.54,24.54
2026-12-01 01:00,-6.8,11.1,100.0,45.0,89.77,18.75,0.01,20.0,71.01,22.11
2026-12-01 02:00,-9.1,10.8,100.0,25.5,93.9,18.75,0.0,20.0,75.15,23.16
2026-12-01 03:00,-7.7,12.5,100.0,26.5,88.71,18.75,0.07,20.0,69.89,21.82
2026-12-01 04:00,-10.3,12.0,34.03,34.5,95.0,6.38,0.03,20.0,88.59,26.59
2026-12-01 05:00,-11.8,66.3,100.0,32.7,102.02,18.75,180.0,38.4,0.0,0.0
2026-12-01 06:00,-12.9,14.6,100.0,26.6,102.67,18.75,0.41,20.0,9.91,6.53
2026-12-01 07:00,-11.8,10.6,45.1,25.0,101.65,8.46,0.0,20.0,93.19,27.76
2026-12-01 08:00,-14.3,12.3,294.84,85.4,156.16,55.28,0.05,20.0,100.83,29.71
2026-12-01 09:00,-14.9,44.8,559.62,67.0,142.44,104.93,176.93,38.4,0.0,0.0
2026-12-01 10:00,-11.5,13.3,662.92,87.9,144.37,124.3,0.15,33.0,0.0,0.0
2026-12-01 11:00,-13.2,12.2,727.85,79.3,139.48,136.47,0.04,32.2,0.0,0.0
2026-12-01 12:00,-10.8,13.0,750.0,85.6,141.74,140.62,0.11,31.9,0.0,0.0
2026-12-01 13:00,-11.3,26.0,430.26,72.0,128.48,80.67,17.2,23.6,0.0,0.0
2026-12-01 14:00,-13.0,47.9,662.92,91.1,150.56,124.3,180.0,42.0,0.0,0.0
2026-12-01 15:00,-9.7,22.7,559.62,84.4,138.38,104.93,8.6,35.2,0.0,0.0
2026-12-01 16:00,-12.8,11.9,425.0,69.3,130.32,79.69,0.03,21.5,0.0,0.0
2026-12-01 17:00,-2.6,13.4,268.23,81.5,118.21,50.29,0.17,20.0,61.81,19.76
2026-12-01 18:00,-9.0,15.6,100.0,88.1,134.52,18.75,0.74,20.0,115.03,33.33
2026-12-01 19:00,-10.5,22.1,100.0,80.7,130.25,18.75,7.44,20.0,104.06,30.54
2026-12-01 20:00,-6.9,54.9,100.0,32.3,78.01,18.75,180.0,38.4,0.0,0.0
2026-12-01 21:00,-13.5,17.2,100.0,34.3,107.8,18.75,1.57,20.0,13.88,7.54
2026-12-01 22:00,-10.4,24.3,100.0,39.0,100.4,18.75,12.28,20.0,69.37,21.69
2026-12-01 23:00,-1.9,12.1,100.0,39.3,78.56,18.75,0.04,20.0,59.77,19.24
2026-12-02 00:00,-8.2,17.5,100.0,37.4,97.16,18.75,1.77,20.0,76.64,23.54
2026-12-02 01:00,-7.1,25.3,100.0,40.4,96.78,18.75,15.04,20.0,62.99,20.06
2026-12-02 02:00,-8.9,14.8,100.0,27.9,87.99,18.75,0.46,20.0,68.78,21.54
2026-12-02 03:00,-9.9,15.8,73.6,43.3,106.99,13.8,0.82,20.0,92.37,27.55
2026-12-02 04:00,-11.1,18.9,100.0,43.0,102.34,18.75,2.96,20.0,80.63,24.56
2026-12-02 05:00,-10.0,12.0,100.0,25.3,92.31,18.75,0.03,20.0,73.53,22.75
2026-12-02 06:00,-11.4,24.3,100.0,37.4,109.25,18.75,12.28,20.0,78.22,23.95
2026-12-02 07:00,-9.6,17.2,268.23,36.8,100.48,50.29,1.57,20.0,48.62,16.4
2026-12-02 08:00,-11.6,16.2,425.0,83.1,135.57,79.69,1.0,20.0,54.88,17.99
2026-12-02 09:00,-14.7,14.8,559.62,76.7,147.97,104.93,0.46,20.0,42.58,14.86
2026-12-02 10:00,-15.1,20.0,294.92,87.2,152.65,55.3,4.2,20.0,93.15,27.75
2026-12-02 11:00,-14.9,14.9,727.85,69.9,140.99,136.47,0.49,20.0,4.03,5.03
2026-12-02 12:00,-16.6,18.4,750.0,80.1,160.05,140.62,2.49,20.0,16.94,8.32
2026-12-02 13:00,-11.9,13.1,727.85,86.2,139.26,136.47,0.13,20.0,2.66,4.68
2026-12-02 14:00,-14.1,21.3,448.34,83.2,150.63,84.06,6.06,20.0,60.51,19.43
2026-12-02 15:00,1.8,25.9,559.62,92.4,127.39,104.93,16.88,20.0,5.58,5.42
2026-12-02 16:00,-10.6,16.8,236.19,91.9,142.89,44.29,1.32,20.0,97.28,28.81
2026-12-02 17:00,-12.8,15.5,268.23,75.0,134.59,50.29,0.7,20.0,83.6,25.32
2026-12-02 18:00,-5.0,19.1,100.0,76.9,118.63,18.75,3.16,20.0,96.72,28.66
2026-12-02 19:00,-11.0,31.1,84.4,85.0,140.94,15.83,39.44,20.0,85.67,25.85
2026-12-02 20:00,-2.4,13.0,100.0,42.7,83.99,18.75,0.11,20.0,65.13,20.61
2026-12-02 21:00,-1.7,12.4,100.0,33.9,76.31,18.75,0.06,20.0,57.5,18.66
2026-12-02 22:00,4.2,24.2,100.0,27.5,69.46,18.75,12.02,20.0,38.69,13.87
2026-12-02 23:00,-5.5,27.4,100.0,36.2,82.82,18.75,22.12,20.0,41.95,14.7
2026-12-03 00:00,-11.1,14.9,74.43,29.5,94.51,13.96,0.49,20.0,80.06,24.42
2026-12-03 01:00,-4.1,13.8,100.0,40.8,91.66,18.75,0.23,20.0,72.68,22.53
2026-12-03 02:00,-9.6,14.9,100.0,32.9,94.37,18.75,0.49,20.0,75.13,23.16
2026-12-03 03:00,-9.6,16.7,100.0,30.7,93.54,18.75,1.26,20.0,73.53,22.75
2026-12-03 04:00,-13.2,30.5,100.0,36.8,103.28,18.75,36.17,20.0,48.36,16.33
2026-12-03 05:00,-8.4,17.7,100.0,38.2,88.6,18.75,1.92,20.0,67.93,21.32
2026-12-03 06:00,-12.3,15.4,48.45,28.7,99.46,9.08,0.66,20.0,89.72,26.88
2026-12-03 07:00,-14.2,13.7,268.23,26.9,104.21,50.29,0.21,20.0,53.71,17.7
2026-12-03 08:00,-18.7,34.6,425.0,68.1,148.99,79.69,62.5,20.0,6.8,5.73
2026-12-03 09:00,-16.6,26.8,94.71,66.8,144.83,17.76,19.91,20.0,107.16,31.33
2026-12-03 10:00,-12.8,24.2,91.35,93.5,143.7,17.13,12.02,20.0,114.55,33.21
2026-12-03 11:00,-9.3,19.7,727.85,85.7,136.71,136.47,3.83,20.8,0.0,0.0
2026-12-03 12:00,-6.9,18.2,750.0,91.2,128.3,140.62,2.31,24.2,0.0,0.0
2026-12-03 13:00,-11.8,13.4,575.55,94.5,145.5,107.92,0.17,20.0,20.65,9.27
2026-12-03 14:00,-14.2,13.6,662.92,72.8,135.76,124.3,0.2,20.0,11.26,6.87
2026-12-03 15:00,-8.1,22.9,559.62,86.2,129.2,104.93,9.01,20.0,15.26,7.89
2026-12-03 16:00,-9.6,17.5,425.0,75.4,127.92,79.69,1.77,20.0,46.46,15.85
2026-12-03 17:00,-10.9,25.7,268.23,78.2,133.43,50.29,16.25,20.0,66.89,21.06
2026-12-03 18:00,-6.3,14.2,100.0,69.5,100.9,18.75,0.31,20.0,81.84,24.87
2026-12-03 19:00,-6.9,17.5,79.7,81.3,117.87,14.94,1.77,20.0,101.16,29.8
2026-12-03 20:00,-7.9,14.9,100.0,34.8,89.23,18.75,0.49,20.0,69.99,21.85
2026-12-03 21:00,-5.6,27.4,89.64,33.5,80.41,16.81,22.12,20.0,41.48,14.58
2026-12-03 22:00,-10.6,45.8,100.0,42.8,100.99,18.75,180.0,38.4,0.0,0.0
2026-12-03 23:00,-9.9,50.1,100.0,43.1,101.73,18.75,180.0,56.8,0.0,0.0
2026-12-04 00:00,-5.5,16.0,100.0,43.7,92.72,18.75,0.91,36.9,0.0,0.0
2026-12-04 01:00,-10.0,21.7,100.0,32.1,91.84,18.75,6.72,20.0,0.0,0.0
2026-12-04 02:00,-9.1,22.7,100.0,35.2,96.17,18.75,8.6,20.0,68.82,21.55
2026-12-04 03:00,-16.1,36.3,100.0,43.1,121.27,18.75,76.37,20.0,26.15,10.67
2026-12-04 04:00,-9.6,44.2,100.0,34.3,98.97,18.75,167.94,38.4,0.0,0.0
2026-12-04 05:00,-12.9,17.2,51.43,39.6,107.23,9.64,1.57,20.0,22.42,9.72
2026-12-04 06:00,-11.0,22.5,87.71,34.9,99.7,16.45,8.2,20.0,75.05,23.14
2026-12-04 07:00,-15.0,26.1,268.23,39.5,118.77,50.29,17.52,20.0,50.96,16.99
2026-12-04 08:00,-9.1,38.4,352.56,94.0,142.6,66.1,96.17,24.5,0.0,0.0
2026-12-04 09:00,-11.2,19.4,399.52,75.4,125.03,74.91,3.49,20.0,28.53,11.28
2026-12-04 10:00,-10.9,21.3,662.92,84.9,139.71,124.3,6.06,20.0,9.35,6.38
2026-12-04 11:00,-7.0,37.4,304.26,75.5,127.72,57.05,86.36,23.6,0.0,0.0
2026-12-04 12:00,-11.5,20.0,257.82,84.5,138.8,48.34,4.2,20.0,71.83,22.32
2026-12-04 13:00,-7.6,30.3,727.85,90.2,122.87,136.47,35.12,31.2,0.0,0.0
2026-12-04 14:00,-13.0,22.1,571.41,92.1,144.83,107.14,7.44,23.0,0.0,0.0
2026-12-04 15:00,-3.0,51.0,159.9,65.9,105.46,29.98,180.0,41.4,0.0,0.0
2026-12-04 16:00,-5.6,19.2,425.0,93.0,127.65,79.69,3.27,29.2,0.0,0.0
2026-12-04 17:00,-3.7,19.5,268.23,75.6,114.68,50.29,3.6,20.0,23.82,10.07
2026-12-04 18:00,-3.5,22.8,100.0,93.1,129.13,18.75,8.8,20.0,101.58,29.9
2026-12-04 19:00,-3.8,26.6,100.0,69.1,113.55,18.75,19.2,20.0,75.6,23.28
2026-12-04 20:00,-3.7,18.4,13.4,25.8,80.57,2.51,2.49,20.0,75.57,23.27
2026-12-04 21:00,-5.8,32.1,100.0,26.3,75.89,18.75,45.32,20.0,11.82,7.01
2026-12-04 22:00,-8.7,60.9,100.0,30.1,91.06,18.75,180.0,38.4,0.0,0.0
2026-12-04 23:00,-9.4,25.9,43.36,31.7,90.45,8.13,16.88,20.6,0.0,0.0
2026-12-05 00:00,-9.5,22.8,100.0,33.3,88.72,18.75,8.8,20.0,58.7,18.97
2026-12-05 01:00,-3.7,43.9,100.0,40.8,84.09,18.75,163.56,38.4,0.0,0.0
2026-12-05 02:00,-11.1,18.4,100.0,30.0,96.23,18.75,2.49,20.0,1.39,4.35
2026-12-05 03:00,-12.7,20.3,100.0,27.5,97.41,18.75,4.59,20.0,74.07,22.89
2026-12-05 04:00,-14.5,19.0,100.0,26.4,108.26,18.75,3.06,20.0,86.45,26.04
2026-12-05 05:00,-5.5,24.8,100.0,42.6,90.88,18.75,13.61,20.0,58.52,18.92
2026-12-05 06:00,-8.0,42.2,14.58,41.1,90.85,2.73,140.16,32.0,0.0,0.0
2026-12-05 07:00,-9.6,23.0,268.23,35.9,93.5,50.29,9.22,22.7,0.0,0.0
2026-12-05 08:00,-12.8,25.9,425.0,84.8,148.04,79.69,16.88,20.0,40.54,14.34
2026-12-05 09:00,-13.2,18.9,559.62,79.0,143.15,104.93,2.96,20.0,35.26,12.99
2026-12-05 10:00,-12.2,24.0,662.92,82.4,136.39,124.3,11.52,20.0,0.57,4.15
2026-12-05 11:00,-14.0,26.7,727.85,74.1,146.86,136.47,19.55,22.1,0.0,0.0
2026-12-05 12:00,-16.1,20.8,750.0,67.4,137.03,140.62,5.29,24.1,0.0,0.0
2026-12-05 13:00,-16.8,48.5,727.85,81.7,155.89,136.47,180.0,42.5,0.0,0.0
2026-12-05 14:00,-10.2,21.1,368.63,71.7,129.47,69.12,5.74,27.7,0.0,0.0
2026-12-05 15:00,-5.2,20.6,86.91,86.1,125.64,16.3,5.0,20.0,73.5,22.74
2026-12-05 16:00,-4.9,25.1,161.51,83.5,117.37,30.28,14.45,20.0,72.64,22.52
2026-12-05 17:00,-14.4,29.3,268.23,83.6,149.37,50.29,30.18,20.0,68.9,21.57
2026-12-05 18:00,-9.4,22.5,100.0,89.8,146.12,18.75,8.2,20.0,119.17,34.39
2026-12-05 19:00,-9.0,42.4,100.0,75.3,130.18,18.75,142.79,27.2,0.0,0.0
2026-12-05 20:00,-3.5,22.1,100.0,33.7,66.53,18.75,7.44,20.0,11.49,6.93
2026-12-05 21:00,-7.7,25.1,100.0,38.3,90.26,18.75,14.45,20.0,57.06,18.55
2026-12-05 22:00,-8.9,24.2,100.0,36.4,98.62,18.75,12.02,20.0,67.85,21.3
2026-12-05 23:00,-3.4,24.4,100.0,43.1,83.67,18.75,12.54,20.0,52.38,17.36
2026-12-06 00:00,-8.9,31.8,100.0,37.9,91.06,18.75,43.49,20.0,28.82,11.35
2026-12-06 01:00,-13.1,27.5,70.0,40.8,114.35,13.12,22.5,20.0,78.73,24.08
2026-12-06 02:00,-4.6,21.8,100.0,39.5,80.46,18.75,6.9,20.0,54.81,17.98
2026-12-06 03:00,-16.0,33.5,100.0,35.2,117.07,18.75,54.48,20.0,43.84,15.18
2026-12-06 04:00,-11.0,27.9,100.0,33.7,100.01,18.75,24.08,20.0,57.18,18.58
2026-12-06 05:00,-5.5,23.6,72.0,28.9,80.19,13.5,10.56,20.0,56.13,18.31
2026-12-06 06:00,-9.1,22.3,100.0,40.6,95.04,18.75,7.81,20.0,68.48,21.46
2026-12-06 07:00,-17.0,27.0,268.23,31.4,113.43,50.29,20.63,20.0,42.51,14.84
2026-12-06 08:00,-10.3,32.4,425.0,86.4,142.31,79.69,47.19,20.0,15.43,7.93
2026-12-06 09:00,-12.4,31.7,146.26,85.3,143.4,27.42,42.9,20.0,73.08,22.64
2026-12-06 10:00,-15.2,23.3,662.92,86.4,151.58,124.3,9.88,20.0,17.4,8.44
2026-12-06 11:00,-10.9,26.5,727.85,74.9,133.39,136.47,18.86,25.0,0.0,0.0
2026-12-06 12:00,-10.6,25.3,750.0,67.1,124.96,140.62,15.04,32.1,0.0,0.0
2026-12-06 13:00,-9.0,32.3,727.85,79.9,125.35,136.47,46.56,45.4,0.0,0.0
2026-12-06 14:00,-4.6,22.9,162.11,76.2,110.52,30.4,9.01,26.1,0.0,0.0
2026-12-06 15:00,-10.4,29.9,559.62,76.1,120.29,104.93,33.08,30.1,0.0,0.0
2026-12-06 16:00,-8.5,24.1,425.0,91.7,130.43,79.69,11.77,20.0,0.0,0.0
2026-12-06 17:00,-7.9,24.1,101.72,83.4,131.91,19.07,11.77,20.0,101.07,29.77
2026-12-06 18:00,-8.6,22.9,100.0,74.5,120.17,18.75,9.01,20.0,92.41,27.56
2026-12-06 19:00,-11.2,23.3,100.0,74.5,132.78,18.75,9.88,20.0,104.15,30.56
2026-12-06 20:00,-10.2,34.3,41.93,34.6,87.76,7.86,60.24,20.0,19.66,9.01
2026-12-06 21:00,-9.3,29.0,100.0,25.6,85.81,18.75,28.8,20.0,38.26,13.76
2026-12-06 22:00,-12.7,33.3,100.0,32.8,109.03,18.75,53.11,20.0,37.17,13.48
2026-12-06 23:00,-6.3,26.7,87.23,39.5,85.71,16.36,19.55,20.0,49.8,16.7
2026-12-07 00:00,-6.7,32.8,100.0,31.1,80.77,18.75,49.76,20.0,12.26,7.13
2026-12-07 01:00,-14.0,30.6,100.0,28.7,101.05,18.75,36.7,20.0,45.6,15.63
2026-12-07 02:00,-12.6,25.2,100.0,25.7,100.07,18.75,14.74,20.0,66.58,20.98
2026-12-07 03:00,-8.5,25.5,36.48,33.5,88.53,6.84,15.63,20.0,66.06,20.85
2026-12-07 04:00,-14.8,26.0,55.91,36.7,114.64,10.48,17.2,20.0,86.96,26.17
2026-12-07 05:00,-12.8,28.8,100.0,30.2,106.15,18.75,27.9,20.0,59.5,19.17
2026-12-07 06:00,-5.6,28.5,61.4,34.3,77.49,11.51,26.58,20.0,39.4,14.05
2026-12-07 07:00,-17.5,25.5,268.23,25.7,110.99,50.29,15.63,20.0,45.07,15.49
2026-12-07 08:00,-11.1,32.5,425.0,93.7,143.6,79.69,47.82,20.0,16.09,8.1
2026-12-07 09:00,-7.7,32.0,559.62,80.8,121.45,104.93,44.7,26.5,0.0,0.0
2026-12-07 10:00,-7.8,34.1,662.92,93.7,136.08,124.3,58.77,37.3,0.0,0.0
2026-12-07 11:00,-13.3,33.3,318.46,70.7,134.0,59.71,53.11,31.5,0.0,0.0
2026-12-07 12:00,-12.9,44.9,750.0,70.6,138.49,140.62,178.46,49.9,0.0,0.0
2026-12-07 13:00,-12.5,27.2,390.63,90.9,146.18,73.24,21.36,35.9,0.0,0.0
2026-12-07 14:00,-10.1,26.8,662.92,68.0,115.91,124.3,19.91,42.4,0.0,0.0
2026-12-07 15:00,-7.9,30.1,260.94,75.1,120.02,48.93,34.09,32.4,0.0,0.0
2026-12-07 16:00,-3.5,26.3,425.0,84.6,126.31,79.69,18.18,24.6,0.0,0.0
2026-12-07 17:00,-9.4,28.0,159.0,85.9,136.12,29.81,24.48,20.0,63.25,20.13
2026-12-07 18:00,-9.9,37.7,100.0,80.1,129.18,18.75,89.23,20.0,21.2,9.41
2026-12-07 19:00,-5.1,32.5,100.0,73.3,113.62,18.75,47.82,20.0,47.05,16.0
2026-12-07 20:00,-10.2,34.8,100.0,38.0,96.17,18.75,64.04,20.0,13.38,7.41
2026-12-07 21:00,-8.6,28.0,100.0,37.6,99.41,18.75,24.48,20.0,56.18,18.33
2026-12-07 22:00,-13.1,49.1,100.0,26.4,93.63,18.75,180.0,38.4,0.0,0.0
2026-12-07 23:00,-5.5,47.2,100.0,36.2,84.78,18.75,180.0,56.8,0.0,0.0
2026-12-08 00:00,-6.7,32.9,100.0,39.5,89.18,18.75,50.42,51.4,0.0,0.0
2026-12-08 01:00,-9.2,41.9,100.0,44.8,100.5,18.75,136.28,63.9,0.0,0.0
2026-12-08 02:00,-6.5,27.8,54.32,44.0,94.37,10.19,23.68,47.5,0.0,0.0
2026-12-08 03:00,-11.4,31.3,100.0,30.3,97.12,18.75,40.57,37.2,0.0,0.0
2026-12-08 04:00,-15.0,28.4,100.0,44.5,128.49,18.75,26.15,20.0,14.82,7.78
2026-12-08 05:00,-13.2,37.2,100.0,38.2,111.67,18.75,84.48,20.0,8.44,6.15
2026-12-08 06:00,-15.6,33.6,35.65,27.9,106.96,6.68,55.18,20.0,45.1,15.5
2026-12-08 07:00,-16.8,33.2,268.23,32.7,114.24,50.29,52.42,20.0,11.53,6.94
2026-12-08 08:00,-11.9,73.6,354.76,75.1,135.22,66.52,180.0,38.4,0.0,0.0
2026-12-08 09:00,-8.9,34.4,357.58,70.7,116.41,67.05,60.99,41.1,0.0,0.0
2026-12-08 10:00,-9.2,34.9,662.92,80.0,132.49,124.3,64.81,54.1,0.0,0.0
2026-12-08 11:00,-8.7,44.4,727.85,84.8,129.65,136.47,170.9,72.5,0.0,0.0
2026-12-08 12:00,-12.2,30.3,610.91,79.0,133.05,114.55,35.12,76.3,0.0,0.0
2026-12-08 13:00,-10.1,40.3,163.5,66.4,125.11,30.66,116.79,81.5,0.0,0.0
2026-12-08 14:00,-6.7,46.0,662.92,85.7,126.26,124.3,180.0,95.0,0.0,0.0
2026-12-08 15:00,-8.6,30.5,559.62,85.6,129.95,104.93,36.17,95.0,0.0,0.0
2026-12-08 16:00,-13.4,52.9,425.0,90.8,141.86,79.69,180.0,95.0,0.0,0.0
2026-12-08 17:00,-8.1,32.3,114.08,80.3,120.47,21.39,46.56,80.7,0.0,0.0
2026-12-08 18:00,-10.0,38.7,100.0,76.3,127.63,18.75,99.25,78.1,0.0,0.0
2026-12-08 19:00,-6.5,41.5,17.15,79.1,116.37,3.22,131.22,82.3,0.0,0.0
2026-12-08 20:00,-10.7,32.3,100.0,42.0,99.67,18.75,46.56,72.9,0.0,0.0
2026-12-08 21:00,-3.1,30.4,100.0,42.6,84.71,18.75,35.64,64.7,0.0,0.0
2026-12-08 22:00,-7.9,39.0,15.87,42.6,100.11,2.98,102.39,65.9,0.0,0.0
2026-12-08 23:00,-10.6,42.3,42.7,43.6,102.22,8.01,141.47,76.8,0.0,0.0
2026-12-09 00:00,-13.2,32.5,100.0,31.9,102.16,18.75,47.82,67.1,0.0,0.0
2026-12-09 01:00,-8.7,33.8,88.17,42.1,98.1,16.53,56.6,60.3,0.0,0.0
2026-12-09 02:00,-11.4,32.8,100.0,43.7,112.48,18.75,49.76,48.4,0.0,0.0
2026-12-09 03:00,-15.5,31.9,100.0,36.5,123.13,18.75,44.1,32.0,0.0,0.0
2026-12-09 04:00,-4.4,39.5,100.0,44.2,87.0,18.75,107.78,41.1,0.0,0.0
2026-12-09 05:00,-15.6,36.7,100.0,30.2,106.79,18.75,79.91,38.9,0.0,0.0
2026-12-09 06:00,-11.8,39.5,100.0,36.7,104.75,18.75,107.78,43.9,0.0,0.0
2026-12-09 07:00,-8.9,42.5,268.23,25.7,88.81,50.29,144.12,62.3,0.0,0.0
2026-12-09 08:00,-11.6,45.7,287.28,70.5,134.71,53.86,180.0,80.7,0.0,0.0
2026-12-09 09:00,-12.9,38.0,559.62,90.7,143.41,104.93,92.16,93.0,0.0,0.0
2026-12-09 10:00,-11.9,34.7,591.53,85.5,137.82,110.91,63.26,95.0,0.0,0.0
2026-12-09 11:00,-12.1,36.1,727.85,89.9,141.36,136.47,74.64,95.0,0.0,0.0
2026-12-09 12:00,-10.4,38.0,145.46,67.8,128.39,27.27,92.16,92.6,0.0,0.0
2026-12-09 13:00,-12.1,38.6,107.51,84.4,139.93,20.16,98.21,86.7,0.0,0.0
2026-12-09 14:00,-8.7,37.6,455.49,82.0,121.04,85.4,88.27,95.0,0.0,0.0
2026-12-09 15:00,-10.8,43.8,559.62,69.3,126.5,104.93,162.11,95.0,0.0,0.0
2026-12-09 16:00,-0.9,33.2,425.0,80.5,117.79,79.69,52.42,95.0,0.0,0.0
2026-12-09 17:00,-8.0,35.0,268.23,88.8,130.48,50.29,65.6,91.0,0.0,0.0
2026-12-09 18:00,-4.9,46.3,100.0,88.5,121.15,18.75,180.0,95.0,0.0,0.0
2026-12-09 19:00,-7.2,37.6,100.0,92.3,129.14,18.75,88.27,89.0,0.0,0.0
2026-12-09 20:00,-5.3,46.2,100.0,30.4,68.8,18.75,180.0,95.0,0.0,0.0
2026-12-09 21:00,-7.3,45.4,53.19,26.0,86.78,9.97,180.0,95.0,0.0,0.0
2026-12-09 22:00,-10.8,44.5,51.92,27.6,93.75,9.73,172.4,95.0,0.0,0.0
2026-12-09 23:00,-12.0,35.1,100.0,31.4,104.46,18.75,66.39,89.8,0.0,0.0
2026-12-10 00:00,-15.7,39.4,100.0,33.5,114.6,18.75,106.69,92.2,0.0,0.0
2026-12-10 01:00,-10.5,44.3,12.37,33.1,99.59,2.32,169.41,95.0,0.0,0.0
2026-12-10 02:00,-6.0,39.0,100.0,34.3,86.23,18.75,102.39,95.0,0.0,0.0
2026-12-10 03:00,-6.4,37.3,100.0,39.6,87.02,18.75,85.42,95.0,0.0,0.0
2026-12-10 04:00,-13.3,61.3,100.0,41.7,112.59,18.75,180.0,95.0,0.0,0.0
2026-12-10 05:00,-10.0,49.5,34.39,43.7,96.98,6.45,180.0,95.0,0.0,0.0
2026-12-10 06:00,-7.6,36.7,100.0,33.1,91.04,18.75,79.91,95.0,0.0,0.0
2026-12-10 07:00,-10.1,51.6,268.23,38.4,101.78,50.29,180.0,95.0,0.0,0.0
2026-12-10 08:00,-9.9,42.7,425.0,77.4,130.27,79.69,146.8,95.0,0.0,0.0
2026-12-10 09:00,-9.3,41.7,429.88,66.1,117.12,80.6,133.74,95.0,0.0,0.0
2026-12-10 10:00,-17.5,63.3,662.92,66.7,144.1,124.3,180.0,95.0,0.0,0.0
2026-12-10 11:00,-15.5,45.7,165.52,71.5,134.91,31.04,180.0,95.0,0.0,0.0
2026-12-10 12:00,-12.0,40.5,524.41,93.4,148.16,98.33,119.12,95.0,0.0,0.0
2026-12-10 13:00,-10.8,56.7,727.85,79.6,128.58,136.47,180.0,95.0,0.0,0.0
2026-12-10 14:00,-8.4,35.9,662.92,69.6,118.81,124.3,72.94,95.0,0.0,0.0
2026-12-10 15:00,-10.1,37.7,559.62,81.5,130.35,104.93,89.23,95.0,0.0,0.0
2026-12-10 16:00,-6.9,37.1,425.0,76.7,118.07,79.69,83.56,95.0,0.0,0.0
2026-12-10 17:00,-3.2,49.4,268.23,80.5,116.77,50.29,180.0,95.0,0.0,0.0
2026-12-10 18:00,-9.3,44.9,72.81,94.2,136.86,13.65,178.46,95.0,0.0,0.0
2026-12-10 19:00,-6.1,37.8,100.0,85.9,121.54,18.75,90.2,91.6,0.0,0.0
2026-12-10 20:00,-7.6,44.7,100.0,27.8,82.71,18.75,175.41,95.0,0.0,0.0
2026-12-10 21:00,-13.3,47.4,20.3,41.1,113.73,3.81,180.0,95.0,0.0,0.0
2026-12-10 22:00,-7.6,40.7,100.0,34.5,88.94,18.75,121.47,95.0,0.0,0.0
2026-12-10 23:00,-8.8,41.0,100.0,32.6,95.76,18.75,125.07,95.0,0.0,0.0
2026-12-11 00:00,-9.4,42.6,100.0,30.1,97.43,18.75,145.45,95.0,0.0,0.0
2026-12-11 01:00,-6.7,37.6,73.5,40.7,91.43,13.78,88.27,95.0,0.0,0.0
2026-12-11 02:00,-11.5,39.6,100.0,42.1,105.93,18.75,108.88,95.0,0.0,0.0
2026-12-11 03:00,-8.0,49.8,61.61,27.7,79.06,11.55,180.0,95.0,0.0,0.0
2026-12-11 04:00,-13.5,41.6,100.0,30.0,106.63,18.75,132.47,95.0,0.0,0.0
2026-12-11 05:00,-11.4,37.7,100.0,41.8,106.06,18.75,89.23,95.0,0.0,0.0
2026-12-11 06:00,-9.0,38.7,100.0,30.3,89.58,18.75,99.25,95.0,0.0,0.0
2026-12-11 07:00,-11.4,45.6,268.23,25.3,93.13,50.29,180.0,95.0,0.0,0.0
2026-12-11 08:00,-12.5,39.3,372.67,76.7,139.75,69.88,105.6,95.0,0.0,0.0
2026-12-11 09:00,-8.0,50.1,559.62,71.3,114.64,104.93,180.0,95.0,0.0,0.0
2026-12-11 10:00,-13.0,40.7,662.92,76.1,137.3,124.3,121.47,95.0,0.0,0.0
2026-12-11 11:00,-11.0,39.0,727.85,91.0,146.73,136.47,102.39,95.0,0.0,0.0
2026-12-11 12:00,-10.2,39.2,750.0,91.4,139.26,140.62,104.52,95.0,0.0,0.0
2026-12-11 13:00,-11.9,44.2,253.16,71.2,130.13,47.47,167.94,95.0,0.0,0.0
2026-12-11 14:00,-8.6,37.8,662.92,78.2,122.68,124.3,90.2,95.0,0.0,0.0
2026-12-11 15:00,-15.4,38.1,559.62,78.8,150.11,104.93,93.15,95.0,0.0,0.0
2026-12-11 16:00,-6.3,41.6,425.0,87.5,121.71,79.69,132.47,95.0,0.0,0.0
2026-12-11 17:00,-7.8,39.6,268.23,89.7,135.55,50.29,108.88,95.0,0.0,0.0
2026-12-11 18:00,-7.3,43.5,87.79,85.1,122.85,16.46,157.83,95.0,0.0,0.0
2026-12-11 19:00,-10.8,41.0,52.58,75.1,135.17,9.86,125.07,94.9,0.0,0.0
2026-12-11 20:00,-10.0,43.1,100.0,34.2,94.48,18.75,152.25,95.0,0.0,0.0
2026-12-11 21:00,-12.2,53.6,50.18,26.8,97.29,9.41,180.0,95.0,0.0,0.0
2026-12-11 22:00,-9.4,38.5,48.09,28.3,85.9,9.02,97.19,95.0,0.0,0.0
2026-12-11 23:00,-11.4,47.4,100.0,41.9,107.53,18.75,180.0,95.0,0.0,0.0
2026-12-12 00:00,-10.8,38.6,100.0,39.6,101.79,18.75,98.21,95.0,0.0,0.0
2026-12-12 01:00,-12.2,40.4,100.0,41.3,108.79,18.75,117.95,95.0,0.0,0.0
2026-12-12 02:00,-11.9,40.7,100.0,30.1,102.83,18.75,121.47,95.0,0.0,0.0
2026-12-12 03:00,-9.5,40.2,36.83,28.5,95.63,6.91,115.63,95.0,0.0,0.0
2026-12-12 04:00,-12.8,45.9,100.0,34.5,102.57,18.75,180.0,95.0,0.0,0.0
2026-12-12 05:00,-10.4,63.0,100.0,36.2,98.91,18.75,180.0,95.0,0.0,0.0
2026-12-12 06:00,-10.0,39.3,100.0,29.4,89.72,18.75,105.6,95.0,0.0,0.0
2026-12-12 07:00,-9.3,71.3,268.23,38.4,96.19,50.29,180.0,95.0,0.0,0.0
2026-12-12 08:00,-7.3,44.5,131.83,67.7,113.73,24.72,172.4,95.0,0.0,0.0
2026-12-12 09:00,-12.6,39.6,154.26,83.9,138.53,28.92,108.88,94.8,0.0,0.0
2026-12-12 10:00,-14.4,50.2,662.92,89.0,156.93,124.3,180.0,95.0,0.0,0.0
2026-12-12 11:00,-9.1,42.3,727.85,67.4,120.23,136.47,141.47,95.0,0.0,0.0
2026-12-12 12:00,-14.9,40.1,750.0,84.5,145.89,140.62,114.49,95.0,0.0,0.0
2026-12-12 13:00,-8.2,61.3,597.38,92.2,131.37,112.01,180.0,95.0,0.0,0.0
2026-12-12 14:00,-11.4,44.6,483.37,66.6,124.47,90.63,173.9,95.0,0.0,0.0
2026-12-12 15:00,-12.2,41.5,216.38,85.2,141.05,40.57,131.22,95.0,0.0,0.0
2026-12-12 16:00,-10.2,45.7,375.51,78.4,132.51,70.41,180.0,95.0,0.0,0.0
2026-12-12 17:00,-8.1,42.7,268.23,85.7,138.8,50.29,146.8,95.0,0.0,0.0
2026-12-12 18:00,-6.7,49.9,100.0,77.6,119.13,18.75,180.0,95.0,0.0,0.0
2026-12-12 19:00,-4.0,44.0,74.74,89.6,118.12,14.01,165.01,95.0,0.0,0.0
2026-12-12 20:00,-7.2,43.0,100.0,33.4,89.81,18.75,150.87,95.0,0.0,0.0
2026-12-12 21:00,-8.9,43.2,100.0,25.3,78.64,18.75,153.63,95.0,0.0,0.0
2026-12-12 22:00,-9.0,40.6,100.0,35.4,92.51,18.75,120.29,95.0,0.0,0.0
2026-12-12 23:00,-9.2,41.1,100.0,33.9,87.3,18.75,126.28,95.0,0.0,0.0
2026-12-13 00:00,-7.7,79.2,100.0,35.6,91.99,18.75,180.0,95.0,0.0,0.0
2026-12-13 01:00,-9.7,46.2,100.0,32.6,96.81,18.75,180.0,95.0,0.0,0.0
2026-12-13 02:00,-11.9,41.5,100.0,38.9,109.18,18.75,131.22,95.0,0.0,0.0
2026-12-13 03:00,-10.7,46.2,100.0,34.2,98.88,18.75,180.0,95.0,0.0,0.0
2026-12-13 04:00,-12.3,61.2,67.62,39.5,104.49,12.68,180.0,95.0,0.0,0.0
2026-12-13 05:00,-18.0,46.8,100.0,40.4,131.72,18.75,180.0,95.0,0.0,0.0
2026-12-13 06:00,-13.4,46.2,100.0,32.6,106.15,18.75,180.0,95.0,0.0,0.0
2026-12-13 07:00,-12.5,44.1,268.23,34.3,105.8,50.29,166.47,95.0,0.0,0.0
2026-12-13 08:00,-17.4,44.9,425.0,90.7,158.46,79.69,178.46,95.0,0.0,0.0
2026-12-13 09:00,-13.7,42.9,559.62,79.2,142.65,104.93,149.51,95.0,0.0,0.0
2026-12-13 10:00,-17.8,79.4,662.92,83.9,160.64,124.3,180.0,95.0,0.0,0.0
2026-12-13 11:00,-11.0,55.4,727.85,69.7,124.03,136.47,180.0,95.0,0.0,0.0
2026-12-13 12:00,-7.3,41.6,750.0,93.6,127.2,140.62,132.47,95.0,0.0,0.0
2026-12-13 13:00,-8.8,50.5,628.91,86.3,125.5,117.92,180.0,95.0,0.0,0.0
2026-12-13 14:00,-9.6,43.0,662.92,91.4,134.16,124.3,150.87,95.0,0.0,0.0
2026-12-13 15:00,-8.3,50.9,559.62,79.0,120.96,104.93,180.0,95.0,0.0,0.0
2026-12-13 16:00,-10.2,50.0,425.0,75.9,125.04,79.69,180.0,95.0,0.0,0.0
2026-12-13 17:00,-7.0,53.3,268.23,79.1,115.63,50.29,180.0,95.0,0.0,0.0
2026-12-13 18:00,-12.9,62.0,100.0,87.1,144.8,18.75,180.0,95.0,0.0,0.0
2026-12-13 19:00,-6.4,41.3,100.0,86.3,132.34,18.75,128.74,95.0,0.0,0.0
2026-12-13 20:00,-8.8,41.2,100.0,36.8,95.28,18.75,127.51,95.0,0.0,0.0
2026-12-13 21:00,-9.8,48.0,100.0,26.2,86.92,18.75,180.0,95.0,0.0,0.0
2026-12-13 22:00,-13.6,53.7,100.0,26.1,103.03,18.75,180.0,95.0,0.0,0.0
2026-12-13 23:00,-5.9,49.7,67.86,43.6,90.18,12.72,180.0,95.0,0.0,0.0
2026-12-14 00:00,-3.9,40.5,100.0,43.2,77.5,18.75,119.12,95.0,0.0,0.0
2026-12-14 01:00,-7.3,80.4,100.0,28.3,84.33,18.75,180.0,95.0,0.0,0.0
2026-12-14 02:00,-8.8,55.2,56.4,38.9,96.2,10.57,180.0,95.0,0.0,0.0
2026-12-14 03:00,-9.5,42.3,100.0,34.0,103.08,18.75,141.47,95.0,0.0,0.0
2026-12-14 04:00,-5.8,40.3,100.0,40.3,87.8,18.75,116.79,95.0,0.0,0.0
2026-12-14 05:00,-3.7,51.4,100.0,40.2,87.67,18.75,180.0,95.0,0.0,0.0
2026-12-14 06:00,-11.6,45.7,100.0,31.7,98.24,18.75,180.0,95.0,0.0,0.0
2026-12-14 07:00,-13.5,44.8,268.23,34.6,105.46,50.29,176.93,95.0,0.0,0.0
2026-12-14 08:00,-10.5,45.4,425.0,77.7,130.0,79.69,180.0,95.0,0.0,0.0
2026-12-14 09:00,-7.6,46.9,559.62,91.6,138.23,104.93,180.0,95.0,0.0,0.0
2026-12-14 10:00,-12.7,42.9,526.31,84.7,141.55,98.68,149.51,95.0,0.0,0.0
2026-12-14 11:00,-13.4,41.9,727.85,73.7,142.42,136.47,136.28,95.0,0.0,0.0
2026-12-14 12:00,-13.0,40.0,750.0,86.5,142.94,140.62,113.35,95.0,0.0,0.0
2026-12-14 13:00,-10.8,58.7,727.85,80.3,132.99,136.47,180.0,95.0,0.0,0.0
2026-12-14 14:00,-6.9,74.4,352.65,89.8,124.15,66.12,180.0,95.0,0.0,0.0
2026-12-14 15:00,-10.0,40.5,559.62,74.3,123.92,104.93,119.12,95.0,0.0,0.0
2026-12-14 16:00,-5.4,41.0,425.0,74.2,110.46,79.69,125.07,95.0,0.0,0.0
2026-12-14 17:00,-11.1,41.9,268.23,93.3,138.95,50.29,136.28,95.0,0.0,0.0
2026-12-14 18:00,-8.1,41.3,100.0,71.5,114.51,18.75,128.74,95.0,0.0,0.0
2026-12-14 19:00,-6.5,52.2,100.0,76.8,114.84,18.75,180.0,95.0,0.0,0.0
2026-12-14 20:00,-10.9,43.7,100.0,36.1,99.48,18.75,160.68,95.0,0.0,0.0
2026-12-14 21:00,-3.8,55.3,100.0,27.1,78.52,18.75,180.0,95.0,0.0,0.0
2026-12-14 22:00,-6.0,45.4,100.0,35.5,86.79,18.75,180.0,95.0,0.0,0.0
2026-12-14 23:00,-7.3,43.5,100.0,31.6,87.35,18.75,157.83,95.0,0.0,0.0
2026-12-15 00:00,-9.2,44.1,12.09,38.4,101.7,2.27,166.47,95.0,0.0,0.0
2026-12-15 01:00,-9.3,46.0,100.0,36.1,97.13,18.75,180.0,95.0,0.0,0.0
2026-12-15 02:00,-7.9,41.2,100.0,44.2,94.27,18.75,127.51,95.0,0.0,0.0
2026-12-15 03:00,-4.8,52.3,83.5,29.8,73.87,15.66,180.0,95.0,0.0,0.0
2026-12-15 04:00,-11.1,45.1,27.68,32.5,103.35,5.19,180.0,95.0,0.0,0.0
2026-12-15 05:00,-14.5,44.5,100.0,39.8,107.75,18.75,172.4,95.0,0.0,0.0
2026-12-15 06:00,-9.7,50.4,100.0,25.5,88.4,18.75,180.0,95.0,0.0,0.0
2026-12-15 07:00,-16.6,47.7,239.25,38.9,124.58,44.86,180.0,95.0,0.0,0.0
2026-12-15 08:00,-14.4,47.3,425.0,73.8,134.56,79.69,180.0,95.0,0.0,0.0
2026-12-15 09:00,-13.3,66.1,559.62,79.2,143.3,104.93,180.0,95.0,0.0,0.0
2026-12-15 10:00,-12.6,41.4,662.92,90.3,145.28,124.3,129.97,95.0,0.0,0.0
2026-12-15 11:00,-16.1,41.5,587.84,82.5,160.37,110.22,131.22,95.0,0.0,0.0
2026-12-15 12:00,-9.3,47.1,750.0,90.1,135.71,140.62,180.0,95.0,0.0,0.0
2026-12-15 13:00,-7.3,40.9,727.85,82.9,121.02,136.47,123.86,95.0,0.0,0.0
2026-12-15 14:00,-10.8,41.7,662.92,68.4,120.42,124.3,133.74,95.0,0.0,0.0
2026-12-15 15:00,-9.1,49.9,279.18,65.5,108.56,52.35,180.0,95.0,0.0,0.0
2026-12-15 16:00,-5.8,45.1,425.0,69.1,109.18,79.69,180.0,95.0,0.0,0.0
2026-12-15 17:00,-9.7,55.9,268.23,67.0,120.8,50.29,180.0,95.0,0.0,0.0
2026-12-15 18:00,-10.7,54.0,100.0,71.1,126.15,18.75,180.0,95.0,0.0,0.0
2026-12-15 19:00,-5.2,38.8,100.0,80.7,119.89,18.75,100.29,94.8,0.0,0.0
2026-12-15 20:00,-12.1,53.7,100.0,25.5,92.78,18.75,180.0,95.0,0.0,0.0
2026-12-15 21:00,-2.7,40.1,100.0,29.8,73.2,18.75,114.49,95.0,0.0,0.0
2026-12-15 22:00,-9.1,45.4,100.0,33.4,92.11,18.75,180.0,95.0,0.0,0.0
2026-12-15 23:00,-1.6,39.3,52.24,38.5,84.51,9.79,105.6,95.0,0.0,0.0
2026-12-16 00:00,-9.6,41.0,100.0,44.0,103.71,18.75,125.07,95.0,0.0,0.0
2026-12-16 01:00,-8.7,58.9,100.0,31.4,92.24,18.75,180.0,95.0,0.0,0.0
2026-12-16 02:00,-8.3,45.7,100.0,36.6,95.22,18.75,180.0,95.0,0.0,0.0
2026-12-16 03:00,-12.2,39.1,24.12,33.7,103.85,4.52,103.45,95.0,0.0,0.0
2026-12-16 04:00,-14.5,38.1,68.65,30.3,106.63,12.87,93.15,94.8,0.0,0.0
2026-12-16 05:00,-15.0,43.1,100.0,43.4,118.59,18.75,152.25,95.0,0.0,0.0
2026-12-16 06:00,-13.5,47.5,77.37,40.1,117.23,14.51,180.0,95.0,0.0,0.0
2026-12-16 07:00,-12.8,37.7,268.23,37.9,112.89,50.29,89.23,95.0,0.0,0.0
2026-12-16 08:00,-16.8,42.7,425.0,77.0,151.55,79.69,146.8,95.0,0.0,0.0
2026-12-16 09:00,-14.4,40.6,425.17,76.4,144.6,79.72,120.29,95.0,0.0,0.0
2026-12-16 10:00,-11.9,40.9,662.92,81.9,136.88,124.3,123.86,95.0,0.0,0.0
2026-12-16 11:00,-8.5,42.8,727.85,88.7,129.79,136.47,148.15,95.0,0.0,0.0
2026-12-16 12:00,-10.2,59.8,750.0,85.4,129.04,140.62,180.0,95.0,0.0,0.0
2026-12-16 13:00,-10.7,41.7,727.85,88.4,135.15,136.47,133.74,95.0,0.0,0.0
2026-12-16 14:00,-11.8,37.3,662.92,78.2,134.34,124.3,85.42,95.0,0.0,0.0
2026-12-16 15:00,-4.1,37.2,559.62,79.9,116.76,104.93,84.48,95.0,0.0,0.0
2026-12-16 16:00,-14.2,40.7,197.26,68.3,147.42,36.99,121.47,95.0,0.0,0.0
2026-12-16 17:00,-6.7,39.3,268.23,93.4,128.27,50.29,105.6,95.0,0.0,0.0
2026-12-16 18:00,-5.8,36.9,64.76,73.7,113.25,12.14,81.72,89.7,0.0,0.0
2026-12-16 19:00,-10.5,41.7,100.0,86.6,138.26,18.75,133.74,93.0,0.0,0.0
2026-12-16 20:00,-8.9,49.1,100.0,42.0,96.03,18.75,180.0,95.0,0.0,0.0
2026-12-16 21:00,-10.6,42.8,100.0,42.4,106.45,18.75,148.15,95.0,0.0,0.0
2026-12-16 22:00,-8.5,44.7,100.0,28.6,86.02,18.75,175.41,95.0,0.0,0.0
2026-12-16 23:00,-11.2,71.6,70.03,34.8,101.57,13.13,180.0,95.0,0.0,0.0
2026-12-17 00:00,-15.6,36.8,100.0,43.5,116.62,18.75,80.81,90.4,0.0,0.0
2026-12-17 01:00,-6.9,38.0,34.8,37.3,92.17,6.52,92.16,91.9,0.0,0.0
2026-12-17 02:00,-11.5,44.6,100.0,31.5,101.07,18.75,173.9,95.0,0.0,0.0
2026-12-17 03:00,-9.6,37.9,100.0,37.6,94.56,18.75,91.18,95.0,0.0,0.0
2026-12-17 04:00,-11.5,38.5,100.0,27.9,104.53,18.75,97.19,95.0,0.0,0.0
2026-12-17 05:00,-7.7,36.9,100.0,38.3,95.38,18.75,81.72,95.0,0.0,0.0
2026-12-17 06:00,-11.7,38.1,100.0,38.2,99.04,18.75,93.15,95.0,0.0,0.0
2026-12-17 07:00,-10.1,36.8,58.77,32.3,96.06,11.02,80.81,93.9,0.0,0.0
2026-12-17 08:00,-8.3,43.9,425.0,81.3,131.19,79.69,163.56,95.0,0.0,0.0
2026-12-17 09:00,-10.9,35.9,72.02,89.2,143.32,13.5,72.94,79.5,0.0,0.0
2026-12-17 10:00,-12.1,46.1,662.92,78.0,130.61,124.3,180.0,95.0,0.0,0.0
2026-12-17 11:00,-11.1,37.5,727.85,69.1,122.73,136.47,87.31,95.0,0.0,0.0
2026-12-17 12:00,-10.1,36.6,750.0,91.3,146.04,140.62,79.02,95.0,0.0,0.0
2026-12-17 13:00,-11.5,36.3,727.85,76.3,128.07,136.47,76.37,95.0,0.0,0.0
2026-12-17 14:00,-5.8,56.4,662.92,75.4,109.16,124.3,180.0,95.0,0.0,0.0
2026-12-17 15:00,-8.7,38.8,559.62,89.4,140.68,104.93,100.29,95.0,0.0,0.0
2026-12-17 16:00,-9.2,39.8,243.3,78.0,121.56,45.62,111.1,95.0,0.0,0.0
2026-12-17 17:00,-16.0,36.0,268.23,92.1,153.92,50.29,73.79,86.9,0.0,0.0
2026-12-17 18:00,-12.9,44.1,70.77,83.2,137.54,13.27,166.47,95.0,0.0,0.0
2026-12-17 19:00,-6.7,52.4,100.0,67.6,107.42,18.75,180.0,95.0,0.0,0.0
2026-12-17 20:00,-1.5,34.5,100.0,42.5,87.26,18.75,61.74,93.2,0.0,0.0
2026-12-17 21:00,-6.4,49.4,100.0,44.6,91.15,18.75,180.0,95.0,0.0,0.0
2026-12-17 22:00,-10.3,34.9,100.0,28.5,93.54,18.75,64.81,92.3,0.0,0.0
2026-12-17 23:00,-4.0,35.2,100.0,45.0,94.54,18.75,67.18,89.9,0.0,0.0
2026-12-18 00:00,-10.3,40.0,100.0,32.2,94.73,18.75,113.35,95.0,0.0,0.0
2026-12-18 01:00,-8.2,33.8,69.6,38.2,87.83,13.05,56.6,90.1,0.0,0.0
2026-12-18 02:00,-9.0,40.5,100.0,34.6,89.06,18.75,119.12,95.0,0.0,0.0
2026-12-18 03:00,-7.8,36.8,18.65,33.5,88.16,3.5,80.81,94.0,0.0,0.0
2026-12-18 04:00,-17.2,40.7,100.0,36.1,118.99,18.75,121.47,95.0,0.0,0.0
2026-12-18 05:00,-15.5,34.9,100.0,32.4,116.04,18.75,64.81,86.2,0.0,0.0
2026-12-18 06:00,-9.4,34.4,100.0,42.7,107.6,18.75,60.99,78.6,0.0,0.0
2026-12-18 07:00,-13.3,38.6,268.23,31.8,103.85,50.29,98.21,88.9,0.0,0.0
2026-12-18 08:00,-10.2,35.0,210.71,69.1,124.79,39.51,65.6,83.5,0.0,0.0
2026-12-18 09:00,-12.1,40.4,559.62,85.1,143.09,104.93,117.95,95.0,0.0,0.0
2026-12-18 10:00,-14.5,35.0,662.92,89.6,152.19,124.3,65.6,95.0,0.0,0.0
2026-12-18 11:00,-8.0,33.8,727.85,69.6,115.15,136.47,56.6,95.0,0.0,0.0
2026-12-18 12:00,-10.6,36.6,750.0,90.8,140.81,140.62,79.02,95.0,0.0,0.0
2026-12-18 13:00,-13.6,32.4,164.71,91.2,154.77,30.88,47.19,74.2,0.0,0.0
2026-12-18 14:00,-13.9,33.2,662.92,78.0,137.38,124.3,52.42,83.2,0.0,0.0
2026-12-18 15:00,-7.0,34.6,559.62,65.9,110.14,104.93,62.5,95.0,0.0,0.0
2026-12-18 16:00,-6.8,55.4,425.0,85.8,131.46,79.69,180.0,95.0,0.0,0.0
2026-12-18 17:00,-8.1,39.8,268.23,70.0,113.23,50.29,111.1,95.0,0.0,0.0
2026-12-18 18:00,-6.6,39.6,100.0,88.7,129.28,18.75,108.88,94.6,0.0,0.0
2026-12-18 19:00,-5.6,40.2,100.0,84.4,115.63,18.75,115.63,95.0,0.0,0.0
2026-12-18 20:00,-15.5,50.5,100.0,25.2,105.66,18.75,180.0,95.0,0.0,0.0
2026-12-18 21:00,-13.8,34.7,100.0,45.0,116.54,18.75,63.26,85.6,0.0,0.0
2026-12-18 22:00,-11.8,42.0,80.19,41.2,105.01,15.04,137.57,95.0,0.0,0.0
2026-12-18 23:00,-12.8,36.0,100.0,44.8,112.92,18.75,73.79,89.5,0.0,0.0
2026-12-19 00:00,-4.2,32.0,100.0,36.8,86.29,18.75,44.7,83.3,0.0,0.0
2026-12-19 01:00,-8.0,43.9,100.0,29.0,89.32,18.75,163.56,95.0,0.0,0.0
2026-12-19 02:00,-11.0,31.3,100.0,26.8,98.51,18.75,40.57,84.4,0.0,0.0
2026-12-19 03:00,-10.0,40.0,100.0,35.7,93.2,18.75,113.35,93.3,0.0,0.0
2026-12-19 04:00,-15.0,46.2,22.45,43.6,119.61,4.21,180.0,95.0,0.0,0.0
2026-12-19 05:00,-15.0,45.0,100.0,38.6,112.1,18.75,180.0,95.0,0.0,0.0
2026-12-19 06:00,-6.1,47.4,19.4,32.6,81.87,3.64,180.0,95.0,0.0,0.0
2026-12-19 07:00,-20.7,30.3,268.23,32.9,124.45,50.29,35.12,84.4,0.0,0.0
2026-12-19 08:00,-9.4,64.8,167.24,88.4,132.6,31.36,180.0,95.0,0.0,0.0
2026-12-19 09:00,-10.0,38.2,476.57,92.0,144.86,89.36,94.15,95.0,0.0,0.0
2026-12-19 10:00,-14.4,48.1,662.92,78.4,146.64,124.3,180.0,95.0,0.0,0.0
2026-12-19 11:00,-13.4,30.1,727.85,72.7,141.01,136.47,34.09,95.0,0.0,0.0
2026-12-19 12:00,-10.7,44.4,750.0,78.5,128.85,140.62,170.9,95.0,0.0,0.0
2026-12-19 13:00,-12.2,36.7,727.85,75.5,139.15,136.47,79.91,95.0,0.0,0.0
2026-12-19 14:00,-10.0,30.7,662.92,83.0,130.0,124.3,37.24,95.0,0.0,0.0
2026-12-19 15:00,-12.6,29.5,559.62,88.5,142.38,104.93,31.13,93.3,0.0,0.0
2026-12-19 16:00,-9.0,28.3,425.0,70.0,126.5,79.69,25.73,87.6,0.0,0.0
2026-12-19 17:00,-6.5,41.4,156.18,74.9,112.38,29.28,129.97,95.0,0.0,0.0
2026-12-19 18:00,-9.2,31.5,100.0,87.5,133.16,18.75,41.72,75.2,0.0,0.0
2026-12-19 19:00,-12.8,32.2,100.0,74.5,130.96,18.75,45.93,57.2,0.0,0.0
2026-12-19 20:00,-6.2,31.9,100.0,40.5,84.85,18.75,44.1,51.3,0.0,0.0
2026-12-19 21:00,-10.6,28.0,26.34,43.6,107.92,4.94,24.48,29.9,0.0,0.0
2026-12-19 22:00,-9.3,31.9,100.0,43.4,99.92,18.75,44.1,20.0,0.0,0.0
2026-12-19 23:00,-15.2,30.0,100.0,36.4,119.31,18.75,33.59,20.0,66.97,21.08
2026-12-20 00:00,-5.8,27.0,100.0,26.7,76.01,18.75,20.63,20.0,36.63,13.34
2026-12-20 01:00,-8.1,30.7,69.81,37.6,98.17,13.09,37.24,20.0,47.84,16.2
2026-12-20 02:00,-9.2,51.4,100.0,37.7,103.09,18.75,180.0,38.4,0.0,0.0
2026-12-20 03:00,-12.7,37.0,100.0,35.0,105.75,18.75,82.63,37.2,0.0,0.0
2026-12-20 04:00,-15.5,39.6,100.0,42.6,121.95,18.75,108.88,38.5,0.0,0.0
2026-12-20 05:00,-10.3,31.1,33.48,38.4,96.03,6.28,39.44,24.8,0.0,0.0
2026-12-20 06:00,-13.2,28.0,100.0,37.4,105.54,18.75,24.48,20.0,42.92,14.94
2026-12-20 07:00,-9.2,27.2,268.23,43.4,103.95,50.29,21.36,20.0,32.3,12.24
2026-12-20 08:00,-13.2,29.7,255.61,67.6,133.63,47.93,32.1,20.0,53.6,17.67
2026-12-20 09:00,-5.2,25.7,559.62,66.0,105.67,104.93,16.25,23.6,0.0,0.0
2026-12-20 10:00,-10.4,33.9,662.92,74.8,125.55,124.3,57.31,36.5,0.0,0.0
2026-12-20 11:00,-10.1,61.9,727.85,74.8,123.68,136.47,180.0,54.9,0.0,0.0
2026-12-20 12:00,-9.6,30.9,595.26,72.1,123.64,111.61,38.33,60.9,0.0,0.0
2026-12-20 13:00,-13.3,53.2,214.46,70.5,141.34,40.21,180.0,79.1,0.0,0.0
2026-12-20 14:00,-9.6,27.3,662.92,76.9,127.55,124.3,21.74,83.3,0.0,0.0
2026-12-20 15:00,-7.1,25.1,559.62,86.1,124.0,104.93,14.45,82.0,0.0,0.0
2026-12-20 16:00,-8.9,38.3,425.0,78.4,119.78,79.69,95.15,94.7,0.0,0.0
2026-12-20 17:00,-6.7,31.7,268.23,78.1,118.21,50.29,42.9,87.9,0.0,0.0
2026-12-20 18:00,-5.1,28.7,100.0,68.1,106.02,18.75,27.45,71.7,0.0,0.0
2026-12-20 19:00,-3.6,45.4,100.0,78.3,116.19,18.75,180.0,90.1,0.0,0.0
2026-12-20 20:00,-4.7,54.8,100.0,44.4,88.21,18.75,180.0,95.0,0.0,0.0
2026-12-20 21:00,-12.7,27.1,100.0,25.6,98.75,18.75,20.99,79.0,0.0,0.0
2026-12-20 22:00,-12.8,25.9,100.0,29.6,97.13,18.75,16.88,62.3,0.0,0.0
2026-12-20 23:00,-11.0,36.1,33.56,28.3,101.13,6.29,74.64,56.8,0.0,0.0
2026-12-21 00:00,-7.0,24.2,100.0,26.5,82.28,18.75,12.02,42.8,0.0,0.0
2026-12-21 01:00,-8.9,35.8,19.39,31.9,91.08,3.64,72.1,38.6,0.0,0.0
2026-12-21 02:00,-9.4,28.8,55.44,36.5,94.77,10.39,27.9,23.2,0.0,0.0
2026-12-21 03:00,-12.3,25.0,22.2,38.9,115.75,4.16,14.17,20.0,84.42,25.53
2026-12-21 04:00,-16.9,28.4,100.0,32.2,119.89,18.75,26.15,20.0,74.99,23.12
2026-12-21 05:00,-5.8,29.4,100.0,44.1,93.24,18.75,30.65,20.0,43.84,15.18
2026-12-21 06:00,-7.7,29.4,100.0,25.0,77.88,18.75,30.65,20.0,28.48,11.26
2026-12-21 07:00,-10.4,38.0,268.23,30.7,93.34,50.29,92.16,31.3,0.0,0.0
2026-12-21 08:00,-14.1,23.9,425.0,72.0,136.15,79.69,11.27,20.0,0.01,4.0
2026-12-21 09:00,-10.6,25.0,559.62,89.4,132.5,104.93,14.17,20.0,13.4,7.42
2026-12-21 10:00,-13.0,29.8,280.5,80.6,138.1,52.59,32.59,20.0,52.92,17.49
2026-12-21 11:00,-13.3,23.4,727.85,85.3,146.97,136.47,10.1,20.0,0.4,4.1
2026-12-21 12:00,-12.2,27.1,750.0,77.7,137.59,140.62,20.99,25.5,0.0,0.0
2026-12-21 13:00,-12.4,24.5,634.34,73.6,129.86,118.94,12.8,26.0,0.0,0.0
2026-12-21 14:00,-11.3,30.8,241.27,81.0,139.84,45.24,37.78,20.0,32.99,12.41
2026-12-21 15:00,-5.6,32.2,124.5,93.9,129.87,23.34,45.93,20.0,60.6,19.45
2026-12-21 16:00,-9.7,23.6,425.0,74.3,117.23,79.69,10.56,20.0,26.98,10.88
2026-12-21 17:00,-8.1,33.0,268.23,67.1,109.0,50.29,51.08,20.0,7.63,5.95
2026-12-21 18:00,-7.9,21.8,100.0,83.0,122.63,18.75,6.9,20.0,96.98,28.73
2026-12-21 19:00,-5.6,27.0,100.0,89.8,129.21,18.75,20.63,20.0,89.83,26.91
2026-12-21 20:00,-5.2,45.2,100.0,37.0,77.66,18.75,180.0,38.4,0.0,0.0
2026-12-21 21:00,-7.5,64.8,100.0,28.2,87.13,18.75,180.0,56.8,0.0,0.0
2026-12-21 22:00,-8.5,21.3,100.0,29.5,82.51,18.75,6.06,41.1,0.0,0.0
2026-12-21 23:00,-10.7,32.9,100.0,29.4,93.69,18.75,50.42,34.5,0.0,0.0
2026-12-22 00:00,-9.6,20.7,100.0,27.2,94.7,18.75,5.14,20.0,12.98,7.31
2026-12-22 01:00,-12.3,20.2,100.0,40.5,104.04,18.75,4.46,20.0,80.83,24.61
2026-12-22 02:00,-7.7,30.4,100.0,26.1,83.08,18.75,35.64,20.0,28.69,11.32
2026-12-22 03:00,-9.9,29.3,100.0,28.1,97.52,18.75,30.18,20.0,48.59,16.39
2026-12-22 04:00,-12.2,21.5,71.87,28.0,102.09,13.48,6.39,20.0,82.22,24.97
2026-12-22 05:00,-12.3,30.6,24.15,42.8,109.54,4.53,36.7,20.0,68.31,21.42
2026-12-22 06:00,-12.8,23.5,55.06,27.6,104.88,10.32,10.33,20.0,84.23,25.48
2026-12-22 07:00,-15.2,23.8,268.23,27.9,106.44,50.29,11.03,20.0,45.12,15.51
2026-12-22 08:00,-12.4,30.2,425.0,90.1,146.72,79.69,34.6,20.0,32.43,12.27
2026-12-22 09:00,-15.2,20.4,559.62,90.2,153.46,104.93,4.72,20.0,43.81,15.17
2026-12-22 10:00,-13.6,20.6,662.92,86.9,147.52,124.3,5.0,20.0,18.22,8.65
2026-12-22 11:00,-17.2,25.5,727.85,94.0,162.02,136.47,15.63,20.0,9.92,6.53
2026-12-22 12:00,-17.4,23.6,93.3,83.2,156.16,17.49,10.56,20.0,128.11,36.67
2026-12-22 13:00,-11.0,56.3,727.85,65.8,129.57,136.47,180.0,38.4,0.0,0.0
2026-12-22 14:00,-6.6,24.6,662.92,94.2,135.12,124.3,13.07,38.9,0.0,0.0
2026-12-22 15:00,-6.9,23.6,559.62,75.6,117.11,104.93,10.56,38.5,0.0,0.0
2026-12-22 16:00,-12.1,21.4,253.19,67.1,123.83,47.47,6.22,20.0,0.0,0.0
2026-12-22 17:00,-6.6,27.5,66.1,87.1,120.96,12.39,22.5,20.0,86.07,25.95
2026-12-22 18:00,-7.5,21.7,100.0,89.3,134.22,18.75,6.72,20.0,108.75,31.73
2026-12-22 19:00,-7.2,35.4,100.0,71.0,119.8,18.75,68.8,20.0,32.25,12.22
2026-12-22 20:00,-11.2,41.9,65.03,33.9,107.77,12.19,136.28,29.4,0.0,0.0
2026-12-22 21:00,-9.7,19.4,100.0,40.5,104.15,18.75,3.49,20.0,44.47,15.34
2026-12-22 22:00,-6.5,22.8,100.0,29.6,86.52,18.75,8.8,20.0,58.97,19.04
2026-12-22 23:00,-15.5,18.7,74.4,40.1,117.19,13.95,2.76,20.0,100.48,29.62
2026-12-23 00:00,-6.9,33.4,100.0,26.2,78.3,18.75,53.79,20.0,5.76,5.47
2026-12-23 01:00,-8.3,17.0,78.22,35.5,91.8,14.67,1.44,20.0,75.69,23.3
2026-12-23 02:00,-14.9,36.9,100.0,30.4,113.56,18.75,81.72,20.0,13.09,7.34
2026-12-23 03:00,-15.9,17.6,100.0,44.1,122.83,18.75,1.84,20.0,102.24,30.07
2026-12-23 04:00,-7.2,16.5,100.0,39.3,93.48,18.75,1.15,20.0,73.58,22.76
2026-12-23 05:00,-13.7,30.0,100.0,38.6,113.5,18.75,33.59,20.0,61.16,19.6
2026-12-23 06:00,-15.1,34.4,100.0,27.4,106.29,18.75,60.99,20.0,26.55,10.77
2026-12-23 07:00,-15.7,24.3,268.23,44.8,123.93,50.29,12.28,20.0,61.36,19.65
2026-12-23 08:00,-18.0,16.1,425.0,71.8,148.95,79.69,0.95,20.0,68.31,21.42
2026-12-23 09:00,-10.9,27.9,559.62,68.8,126.85,104.93,24.08,20.5,0.0,0.0
2026-12-23 10:00,-4.7,15.2,374.74,67.0,101.0,70.26,0.59,20.0,28.16,11.18
2026-12-23 11:00,-11.2,18.5,727.85,92.2,138.87,136.47,2.58,20.0,0.0,0.0
2026-12-23 12:00,-7.9,16.1,662.87,85.5,130.47,124.29,0.95,20.0,5.06,5.29
2026-12-23 13:00,-10.3,24.6,387.25,88.1,132.6,72.61,13.07,20.0,46.92,15.96
2026-12-23 14:00,-12.2,28.1,662.92,75.4,138.15,124.3,24.89,22.5,0.0,0.0
2026-12-23 15:00,-9.7,17.5,559.62,74.1,129.34,104.93,1.77,20.0,12.48,7.18
2026-12-23 16:00,-3.5,16.4,152.91,72.6,109.8,28.67,1.1,20.0,80.03,24.41
2026-12-23 17:00,-5.0,20.7,268.23,69.0,108.81,50.29,5.14,20.0,53.38,17.61
2026-12-23 18:00,-6.2,28.8,100.0,88.2,125.41,18.75,27.9,20.0,78.76,24.08
2026-12-23 19:00,-5.6,17.8,81.77,68.0,113.32,15.33,1.99,20.0,96.0,28.48
2026-12-23 20:00,-7.1,15.7,100.0,38.0,93.2,18.75,0.78,20.0,73.67,22.79
2026-12-23 21:00,-4.6,46.8,100.0,36.3,86.86,18.75,180.0,38.4,0.0,0.0
2026-12-23 22:00,-8.9,21.6,11.98,34.0,89.63,2.25,6.55,20.0,7.23,5.84
2026-12-23 23:00,-3.8,19.7,100.0,26.8,82.95,18.75,3.83,20.0,60.37,19.39
2026-12-24 00:00,-6.1,16.7,57.38,35.1,80.39,10.76,1.26,20.0,68.37,21.43
2026-12-24 01:00,-8.0,15.1,100.0,41.2,89.96,18.75,0.56,20.0,70.65,22.02
2026-12-24 02:00,-12.7,32.2,100.0,25.7,107.81,18.75,45.93,20.0,43.13,15.0
2026-12-24 03:00,-13.7,13.5,62.17,38.8,119.09,11.66,0.18,20.0,107.25,31.35
2026-12-24 04:00,-14.9,20.8,16.82,40.7,116.37,3.15,5.29,20.0,107.93,31.52
2026-12-24 05:00,-14.2,25.8,100.0,31.5,106.4,18.75,16.56,20.0,71.09,22.13
2026-12-24 06:00,-16.8,27.8,100.0,27.9,115.42,18.75,23.68,20.0,72.99,22.61
2026-12-24 07:00,-9.9,19.4,268.23,40.8,96.91,50.29,3.49,20.0,43.13,15.0
2026-12-24 08:00,-10.1,13.1,425.0,84.8,135.86,79.69,0.13,20.0,56.04,18.29
2026-12-24 09:00,-15.2,26.7,559.62,76.2,141.83,104.93,19.55,20.0,17.35,8.42
2026-12-24 10:00,-12.7,32.6,662.92,89.5,150.37,124.3,48.46,25.1,0.0,0.0
2026-12-24 11:00,-10.4,17.0,239.8,80.3,125.81,44.96,1.44,20.0,58.81,19.0
2026-12-24 12:00,-9.6,13.9,750.0,68.2,116.98,140.62,0.25,25.5,0.0,0.0
2026-12-24 13:00,-10.7,17.1,727.85,79.2,125.57,136.47,1.5,28.3,0.0,0.0
2026-12-24 14:00,-11.5,29.3,662.92,84.0,137.32,124.3,30.18,32.3,0.0,0.0
2026-12-24 15:00,-9.3,13.6,559.62,94.1,139.47,104.93,0.2,23.0,0.0,0.0
2026-12-24 16:00,-7.4,12.4,425.0,65.6,107.98,79.69,0.06,20.0,16.38,8.18
2026-12-24 17:00,-8.7,28.7,62.83,77.5,128.13,11.78,27.45,20.0,88.9,26.67
2026-12-24 18:00,-4.5,15.2,100.0,71.7,103.61,18.75,0.59,20.0,84.27,25.49
2026-12-24 19:00,-8.0,22.7,100.0,71.2,116.64,18.75,8.6,20.0,89.29,26.77
2026-12-24 20:00,-6.7,32.1,100.0,43.2,95.81,18.75,45.32,20.0,31.74,12.09
2026-12-24 21:00,-7.3,18.0,100.0,39.3,94.97,18.75,2.15,20.0,74.07,22.89
2026-12-24 22:00,-10.7,24.2,59.36,27.6,93.21,11.13,12.02,20.0,70.06,21.87
2026-12-24 23:00,-3.7,23.6,52.23,43.8,81.79,9.79,10.56,20.0,61.44,19.67
2026-12-25 00:00,-8.2,21.1,100.0,25.8,85.16,18.75,5.74,20.0,60.67,19.47
2026-12-25 01:00,-5.2,21.4,100.0,30.6,79.91,18.75,6.22,20.0,54.94,18.01
2026-12-25 02:00,-12.4,13.8,100.0,37.9,110.17,18.75,0.23,20.0,91.19,27.25
2026-12-25 03:00,-11.4,13.8,56.59,37.7,105.01,10.61,0.23,20.0,94.17,28.01
2026-12-25 04:00,-13.0,11.8,53.15,35.4,110.48,9.97,0.02,20.0,100.49,29.62
2026-12-25 05:00,-12.6,13.4,100.0,32.8,103.72,18.75,0.17,20.0,84.8,25.62
2026-12-25 06:00,-12.0,24.7,100.0,27.6,97.44,18.75,13.34,20.0,65.35,20.66
2026-12-25 07:00,-16.6,16.4,268.23,41.7,127.66,50.29,1.1,20.0,76.27,23.45
2026-12-25 08:00,-10.8,11.6,425.0,66.8,124.28,79.69,0.02,20.0,44.57,15.37
2026-12-25 09:00,-14.5,14.7,559.62,66.3,133.97,104.93,0.44,20.0,28.6,11.29
2026-12-25 10:00,-10.9,24.7,662.92,89.7,141.35,124.3,13.34,20.0,3.71,4.95
2026-12-25 11:00,-11.2,16.9,727.85,80.5,132.1,136.47,1.38,21.3,0.0,0.0
2026-12-25 12:00,-14.8,15.3,750.0,66.9,136.45,140.62,0.63,22.4,0.0,0.0
2026-12-25 13:00,-10.2,26.0,80.46,68.8,121.28,15.09,17.2,20.0,79.28,24.22
2026-12-25 14:00,-13.7,30.3,662.92,81.2,135.66,124.3,35.12,25.5,0.0,0.0
2026-12-25 15:00,-8.3,21.7,559.62,86.0,133.14,104.93,6.72,20.0,0.0,0.0
2026-12-25 16:00,-11.6,21.2,425.0,83.8,134.99,79.69,5.9,20.0,49.4,16.6
2026-12-25 17:00,-4.7,21.7,268.23,68.2,108.8,50.29,6.72,20.0,51.79,17.21
2026-12-25 18:00,-7.0,11.1,100.0,87.9,120.54,18.75,0.01,20.0,101.78,29.95
2026-12-25 19:00,-5.0,11.0,100.0,84.8,115.76,18.75,0.0,20.0,97.01,28.74
2026-12-25 20:00,-4.7,12.6,59.41,36.6,85.13,11.14,0.07,20.0,73.92,22.85
2026-12-25 21:00,-9.8,17.6,100.0,40.9,98.6,18.75,1.84,20.0,78.01,23.89
2026-12-25 22:00,-3.4,22.6,44.29,30.1,73.58,8.3,8.4,20.0,56.88,18.5
2026-12-25 23:00,-15.6,20.2,100.0,35.1,121.13,18.75,4.46,20.0,97.92,28.97
2026-12-26 00:00,-6.0,17.7,100.0,35.0,88.99,18.75,1.92,20.0,68.32,21.42
2026-12-26 01:00,-0.9,10.6,19.59,33.2,81.69,3.67,0.0,20.0,78.02,23.9
2026-12-26 02:00,-9.0,22.0,47.69,41.1,102.11,8.94,7.25,20.0,85.92,25.91
2026-12-26 03:00,-8.1,16.7,100.0,36.3,96.4,18.75,1.26,20.0,76.39,23.48
2026-12-26 04:00,-12.8,16.4,100.0,30.0,106.14,18.75,1.1,20.0,86.29,26.0
2026-12-26 05:00,-8.4,15.6,100.0,29.1,95.63,18.75,0.74,20.0,76.14,23.42
2026-12-26 06:00,-10.3,14.7,100.0,36.7,98.97,18.75,0.44,20.0,79.78,24.34
2026-12-26 07:00,-14.4,14.0,138.07,39.3,108.99,25.89,0.27,20.0,82.83,25.12
2026-12-26 08:00,-10.9,13.5,425.0,69.1,127.0,79.69,0.18,20.0,47.13,16.02
2026-12-26 09:00,-10.8,18.2,559.62,77.2,122.77,104.93,2.31,20.0,15.53,7.96
2026-12-26 10:00,-10.1,11.3,278.22,68.7,121.47,52.17,0.01,20.0,69.29,21.67
2026-12-26 11:00,-11.4,10.5,194.46,83.6,133.49,36.46,0.0,20.0,97.03,28.74
2026-12-26 12:00,-15.3,29.0,750.0,73.1,146.33,140.62,28.8,25.3,0.0,0.0
2026-12-26 13:00,-11.0,11.5,727.85,67.1,126.89,136.47,0.01,27.5,0.0,0.0
2026-12-26 14:00,-9.3,13.4,471.31,68.7,122.27,88.37,0.17,20.0,3.66,4.93
2026-12-26 15:00,-5.2,11.0,275.16,74.3,103.93,51.59,0.0,20.0,52.34,17.35
2026-12-26 16:00,-1.7,11.7,425.0,66.0,105.31,79.69,0.02,20.0,25.6,10.53
2026-12-26 17:00,-7.1,28.0,32.72,79.4,115.51,6.14,24.48,20.0,84.89,25.65
2026-12-26 18:00,-8.0,18.2,82.74,75.0,115.34,15.51,2.31,20.0,97.52,28.87
2026-12-26 19:00,-10.1,10.1,66.43,76.1,127.76,12.46,0.0,20.0,115.3,33.4
2026-12-26 20:00,-9.5,18.8,100.0,31.9,97.82,18.75,2.86,20.0,76.21,23.43
2026-12-26 21:00,-7.8,10.7,81.07,32.4,93.26,15.2,0.0,20.0,78.06,23.91
2026-12-26 22:00,-7.6,18.2,100.0,40.6,95.91,18.75,2.31,20.0,74.85,23.09
2026-12-26 23:00,-12.6,10.5,100.0,39.4,111.11,18.75,0.0,20.0,92.36,27.55
2026-12-27 00:00,-14.3,14.8,42.96,29.2,108.55,8.05,0.46,20.0,100.04,29.51
2026-12-27 01:00,-11.0,17.8,49.35,29.1,96.24,9.25,1.99,20.0,85.0,25.68
2026-12-27 02:00,-13.8,12.1,100.0,42.0,105.94,18.75,0.04,20.0,87.15,26.22
2026-12-27 03:00,-6.1,17.5,100.0,36.2,91.66,18.75,1.77,20.0,71.14,22.14
2026-12-27 04:00,-5.8,10.9,75.01,26.8,73.2,14.06,0.0,20.0,59.14,19.08
2026-12-27 05:00,-10.9,18.9,100.0,28.2,98.0,18.75,2.96,20.0,76.29,23.45
2026-12-27 06:00,-8.1,11.2,100.0,35.8,89.88,18.75,0.01,20.0,71.12,22.14
2026-12-27 07:00,-13.5,32.7,218.33,41.1,117.09,40.94,49.11,20.0,27.04,10.9
2026-12-27 08:00,-11.3,16.7,359.5,74.8,128.25,67.41,1.26,20.0,59.58,19.19
2026-12-27 09:00,-15.8,20.2,559.62,93.4,157.47,104.93,4.46,20.0,48.08,16.26
2026-12-27 10:00,-8.1,18.6,662.92,71.8,118.98,124.3,2.67,21.8,0.0,0.0
2026-12-27 11:00,-14.4,13.4,634.32,66.9,132.57,118.94,0.17,20.0,6.11,5.56
2026-12-27 12:00,-7.4,19.0,632.58,76.3,122.51,118.61,3.06,20.0,0.84,4.21
2026-12-27 13:00,-9.4,10.8,727.85,78.9,130.01,136.47,0.0,21.5,0.0,0.0
2026-12-27 14:00,-10.0,13.6,662.92,86.2,142.27,124.3,0.2,20.0,11.83,7.02
2026-12-27 15:00,-7.9,11.1,559.62,65.5,112.18,104.93,0.01,20.0,7.24,5.85
2026-12-27 16:00,-8.3,18.1,425.0,78.5,119.47,79.69,2.23,20.0,37.55,13.58
2026-12-27 17:00,-8.3,16.9,268.23,74.1,116.7,50.29,1.38,20.0,65.03,20.58
2026-12-27 18:00,-7.0,13.6,100.0,65.8,108.85,18.75,0.2,20.0,89.9,26.92
2026-12-27 19:00,-14.8,11.2,100.0,87.6,156.95,18.75,0.01,20.0,138.19,39.24
2026-12-27 20:00,-12.3,11.7,100.0,40.1,102.77,18.75,0.02,20.0,84.0,25.42
2026-12-27 21:00,-8.2,29.1,100.0,34.0,87.8,18.75,29.25,20.0,39.8,14.15
2026-12-27 22:00,-11.3,16.3,100.0,38.4,106.21,18.75,1.05,20.0,86.41,26.03
2026-12-27 23:00,-4.2,28.7,65.4,34.6,78.62,12.26,27.45,20.0,38.91,13.92
2026-12-28 00:00,-9.9,14.3,100.0,41.0,98.47,18.75,0.33,20.0,79.39,24.24
2026-12-28 01:00,-8.9,19.4,100.0,41.3,96.59,18.75,3.49,20.0,74.35,22.96
2026-12-28 02:00,-9.7,11.6,100.0,25.3,85.64,18.75,0.02,20.0,66.87,21.05
2026-12-28 03:00,-4.4,14.7,42.27,26.0,75.78,7.93,0.44,20.0,67.41,21.19
2026-12-28 04:00,-12.3,11.1,100.0,27.3,105.47,18.75,0.01,20.0,86.71,26.11
2026-12-28 05:00,-15.6,11.5,85.64,40.4,117.09,16.06,0.01,20.0,101.02,29.76
2026-12-28 06:00,-13.6,19.8,100.0,27.4,105.46,18.75,3.95,20.0,82.76,25.1
2026-12-28 07:00,-11.6,19.3,268.23,28.3,96.09,50.29,3.38,20.0,42.42,14.82
2026-12-28 08:00,-14.9,31.1,425.0,92.4,159.84,79.69,39.44,20.0,40.71,14.38
2026-12-28 09:00,-8.1,13.2,559.62,76.0,126.89,104.93,0.14,20.0,21.82,9.56
2026-12-28 10:00,-11.6,11.3,662.92,81.5,138.67,124.3,0.01,20.0,14.36,7.66
2026-12-28 11:00,-13.3,19.2,727.85,70.0,138.31,136.47,3.27,20.3,0.0,0.0
2026-12-28 12:00,-13.8,18.7,750.0,84.2,144.26,140.62,2.76,20.1,0.0,0.0
2026-12-28 13:00,-8.0,25.1,462.39,81.5,125.86,86.7,14.45,20.0,24.35,10.21
2026-12-28 14:00,-9.5,21.1,662.92,67.6,122.41,124.3,5.74,21.8,0.0,0.0
2026-12-28 15:00,-11.8,15.7,174.46,70.9,136.6,32.71,0.78,20.0,96.09,28.5
2026-12-28 16:00,-11.6,15.6,425.0,90.0,141.99,79.69,0.74,20.0,61.56,19.7
2026-12-28 17:00,-7.5,15.0,268.23,86.7,125.89,50.29,0.52,20.0,75.08,23.15
2026-12-28 18:00,-8.2,18.0,100.0,69.3,115.86,18.75,2.15,20.0,94.96,28.21
2026-12-28 19:00,-7.4,19.4,100.0,67.8,110.23,18.75,3.49,20.0,87.99,26.44
2026-12-28 20:00,-5.7,26.2,100.0,43.9,90.8,18.75,17.85,20.0,54.2,17.82
2026-12-28 21:00,-13.0,17.2,45.26,28.0,101.2,8.49,1.57,20.0,91.14,27.24
2026-12-28 22:00,-6.8,14.7,100.0,31.3,80.82,18.75,0.44,20.0,61.63,19.72
2026-12-28 23:00,-7.0,22.5,28.08,44.7,89.64,5.26,8.2,20.0,76.18,23.43
2026-12-29 00:00,-3.7,19.1,54.95,29.4,70.66,10.3,3.16,20.0,57.2,18.59
2026-12-29 01:00,-9.5,14.2,100.0,31.3,87.08,18.75,0.31,20.0,68.02,21.35
2026-12-29 02:00,-10.4,13.6,100.0,40.5,102.13,18.75,0.2,20.0,83.18,25.21
2026-12-29 03:00,-4.2,22.4,100.0,25.1,72.02,18.75,8.0,20.0,45.27,15.54
2026-12-29 04:00,-10.2,12.0,89.07,26.0,87.77,16.7,0.03,20.0,71.04,22.12
2026-12-29 05:00,-10.5,16.8,100.0,33.8,101.81,18.75,1.32,20.0,81.74,24.84
2026-12-29 06:00,-10.0,18.9,100.0,34.7,95.55,18.75,2.96,20.0,73.84,22.83
2026-12-29 07:00,-12.0,13.5,268.23,33.7,103.69,50.29,0.18,20.0,53.22,17.57
2026-12-29 08:00,-12.6,12.9,425.0,77.3,138.15,79.69,0.1,20.0,58.36,18.88
2026-12-29 09:00,-16.6,12.7,559.62,67.9,145.05,104.93,0.08,20.0,40.04,14.21
2026-12-29 10:00,-9.1,15.0,662.92,65.9,115.71,124.3,0.52,22.1,0.0,0.0
2026-12-29 11:00,-17.3,24.4,578.74,65.3,143.07,108.51,12.54,20.0,13.64,7.48
2026-12-29 12:00,-16.5,12.9,594.32,95.0,164.46,111.44,0.1,20.0,52.92,17.49
2026-12-29 13:00,-11.2,13.7,270.01,92.4,141.06,50.63,0.21,20.0,90.22,27.01
2026-12-29 14:00,-11.2,13.9,662.92,85.4,139.75,124.3,0.25,20.0,15.2,7.88
2026-12-29 15:00,-3.8,25.7,146.15,83.8,112.82,27.4,16.25,20.0,69.17,21.64
2026-12-29 16:00,-5.7,29.2,425.0,82.6,119.64,79.69,29.71,20.0,10.24,6.61
2026-12-29 17:00,-3.6,14.3,49.38,94.2,125.17,9.26,0.33,20.0,115.58,33.47
2026-12-29 18:00,-11.3,15.9,100.0,82.3,134.44,18.75,0.86,20.0,114.83,33.28
2026-12-29 19:00,-6.0,13.8,100.0,90.0,123.6,18.75,0.23,20.0,104.62,30.68
2026-12-29 20:00,-14.7,20.2,100.0,40.9,116.39,18.75,4.46,20.0,93.18,27.76
2026-12-29 21:00,-12.2,68.2,34.48,41.2,118.65,6.46,180.0,35.6,0.0,0.0
2026-12-29 22:00,-12.7,24.8,100.0,41.9,110.47,18.75,13.61,20.0,15.72,8.01
2026-12-29 23:00,-10.1,21.2,55.27,32.0,103.05,10.36,5.9,20.0,86.79,26.13
2026-12-30 00:00,-8.2,24.2,11.82,41.5,98.83,2.22,12.02,20.0,84.59,25.57
2026-12-30 01:00,-9.6,15.8,100.0,42.8,104.59,18.75,0.82,20.0,85.02,25.68
2026-12-30 02:00,-14.0,16.1,10.66,32.1,108.69,2.0,0.95,20.0,105.74,30.96
2026-12-30 03:00,-10.6,16.7,100.0,31.3,102.05,18.75,1.26,20.0,82.04,24.92
2026-12-30 04:00,-11.4,29.0,100.0,32.4,95.76,18.75,28.8,20.0,48.21,16.29
2026-12-30 05:00,-11.2,38.6,100.0,41.4,109.87,18.75,98.21,21.6,0.0,0.0
2026-12-30 06:00,-14.8,20.8,100.0,30.3,110.31,18.75,5.29,20.0,79.75,24.34
2026-12-30 07:00,-13.4,19.8,268.23,37.0,106.1,50.29,3.95,20.0,51.86,17.22
2026-12-30 08:00,-12.2,22.7,425.0,73.3,138.85,79.69,8.6,20.0,50.56,16.89
2026-12-30 09:00,-12.7,18.6,335.45,68.4,131.4,62.9,2.67,20.0,65.83,20.79
2026-12-30 10:00,-9.6,21.3,662.92,74.9,124.97,124.3,6.06,21.2,0.0,0.0
2026-12-30 11:00,-7.9,21.9,84.25,83.2,120.02,15.8,7.07,20.0,92.19,27.51
2026-12-30 12:00,-9.7,44.2,750.0,74.4,125.04,140.62,167.94,38.4,0.0,0.0
2026-12-30 13:00,-12.7,27.7,727.85,80.0,134.38,136.47,23.28,44.2,0.0,0.0
2026-12-30 14:00,-11.1,26.4,399.73,94.3,145.63,74.95,18.52,30.1,0.0,0.0
2026-12-30 15:00,-11.5,16.0,559.62,68.3,120.53,104.93,0.91,26.1,0.0,0.0
2026-12-30 16:00,-2.4,23.0,425.0,82.5,123.95,79.69,9.22,20.0,10.76,6.74
2026-12-30 17:00,-10.1,20.1,268.23,65.8,119.1,50.29,4.33,20.0,64.48,20.44
2026-12-30 18:00,-10.8,22.2,29.18,66.2,123.72,5.47,7.62,20.0,110.63,32.21
2026-12-30 19:00,-10.8,20.6,86.43,83.6,132.8,16.21,5.0,20.0,111.59,32.46
2026-12-30 20:00,-9.2,16.0,100.0,35.5,97.31,18.75,0.91,20.0,77.65,23.8
2026-12-30 21:00,-10.2,29.7,100.0,34.4,99.51,18.75,32.1,20.0,48.66,16.41
2026-12-30 22:00,-8.9,24.2,100.0,30.1,88.79,18.75,12.02,20.0,58.02,18.8
2026-12-30 23:00,-12.9,29.0,100.0,43.8,112.66,18.75,28.8,20.0,65.11,20.6
2026-12-31 00:00,-9.8,21.7,100.0,35.5,95.49,18.75,6.72,20.0,70.02,21.86
2026-12-31 01:00,-11.3,26.0,100.0,26.7,87.98,18.75,17.2,20.0,52.03,17.27
2026-12-31 02:00,-12.1,17.5,84.1,34.8,106.2,15.77,1.77,20.0,88.66,26.61
2026-12-31 03:00,-14.0,26.9,75.52,41.3,115.56,14.16,20.26,20.0,81.14,24.69
2026-12-31 04:00,-4.1,39.9,58.97,37.6,84.35,11.06,112.22,29.0,0.0,0.0
2026-12-31 05:00,-9.2,23.8,100.0,35.1,96.02,18.75,11.03,20.0,30.42,11.76
2026-12-31 06:00,-12.0,21.4,62.88,43.8,109.72,11.79,6.22,20.0,91.71,27.39
2026-12-31 07:00,-14.0,18.6,123.12,42.3,116.41,23.08,2.67,20.0,90.66,27.12
2026-12-31 08:00,-14.3,33.8,223.59,71.3,130.24,41.92,56.6,20.0,31.72,12.09
2026-12-31 09:00,-16.1,28.9,559.62,86.8,158.28,104.93,28.34,20.0,25.01,10.38
2026-12-31 10:00,-7.3,19.4,662.92,78.9,121.59,124.3,3.49,21.4,0.0,0.0
2026-12-31 11:00,-14.8,23.5,727.85,69.2,135.47,136.47,10.33,24.0,0.0,0.0
2026-12-31 12:00,-8.4,27.6,750.0,67.8,113.29,140.62,22.89,35.6,0.0,0.0
2026-12-31 13:00,-12.0,19.7,506.4,93.9,157.26,94.95,3.83,20.0,0.0,0.0
2026-12-31 14:00,-9.8,36.9,662.92,76.4,135.47,124.3,81.72,36.2,0.0,0.0
2026-12-31 15:00,-5.7,43.6,559.62,78.2,117.94,104.93,159.25,54.6,0.0,0.0
2026-12-31 16:00,-13.0,37.7,425.0,70.4,136.53,79.69,89.23,62.1,0.0,0.0
2026-12-31 17:00,-7.3,20.9,268.23,85.1,131.71,50.29,5.44,41.4,0.0,0.0
2026-12-31 18:00,-4.3,20.7,77.56,77.6,113.33,14.54,5.14,20.0,7.93,6.02
2026-12-31 19:00,-6.5,22.4,100.0,73.3,112.72,18.75,8.0,20.0,85.97,25.92
2026-12-31 20:00,-4.2,22.4,62.58,36.3,85.35,11.73,8.0,20.0,65.62,20.73
2026-12-31 21:00,-6.6,21.5,100.0,43.0,96.97,18.75,6.39,20.0,71.83,22.32
2026-12-31 22:00,-9.4,38.6,100.0,44.0,102.06,18.75,98.21,23.4,0.0,0.0
2026-12-31 23:00,-14.3,22.0,100.0,36.5,108.83,18.75,7.25,20.0,69.12,21.63
